INSERT INTO "recipe"("guid","title","description") VALUES('b7de9416-42a4-479e-a300-39898a0dd6be', 'Cannellini Bean and Asparagus Salad with Mushrooms', 'Cannellini Bean and Asparagus Salad with Mushrooms requires approximately 45 minutes from start to finish. This main course has 482 calories, 31g of protein, and 6g of fat per serving. This gluten free, dairy free, lacto ovo vegetarian, and vegan recipe serves 6 and costs $1.35 per serving. 309 people were impressed by this recipe. Head to the store and pick up grain mustard, sea salt, lemon zest, and a few other things to make it today. It is brought to you by foodandspice.blogspot.com. Taking all factors into account, this recipe earns a spoonacular score of 70%, which is pretty good. Similar recipes are Cannellini Bean Salad, Refreshing Cannellini Bean Salad, and Cannellini-and-Green Bean Salad.');
INSERT INTO "ingredients"("guid","name","dimension") VALUES('889ae810-a4e4-4a3e-9d74-f435d87e8503', 'dried cannellini beans', 'milliliters') ON CONFLICT (name) DO UPDATE SET name = EXCLUDED.name;
INSERT INTO "recipe_ingredients"("recipe_id","ingredient_id","count") VALUES('b7de9416-42a4-479e-a300-39898a0dd6be', '889ae810-a4e4-4a3e-9d74-f435d87e8503', '887.21');
INSERT INTO "ingredients"("guid","name","dimension") VALUES('027a8f60-967c-4d77-b1c8-436d7adee0b0', 'curry leaves', 'handful') ON CONFLICT (name) DO UPDATE SET name = EXCLUDED.name;
INSERT INTO "recipe_ingredients"("recipe_id","ingredient_id","count") VALUES('b7de9416-42a4-479e-a300-39898a0dd6be', '027a8f60-967c-4d77-b1c8-436d7adee0b0', '1.00');
INSERT INTO "ingredients"("guid","name","dimension") VALUES('1376482a-83c0-4ba7-b1a3-82267068fa8e', 'tarragon', 'milliliters') ON CONFLICT (name) DO UPDATE SET name = EXCLUDED.name;
INSERT INTO "recipe_ingredients"("recipe_id","ingredient_id","count") VALUES('b7de9416-42a4-479e-a300-39898a0dd6be', '1376482a-83c0-4ba7-b1a3-82267068fa8e', '59.15');
INSERT INTO "ingredients"("guid","name","dimension") VALUES('3f7a39ce-ed38-4809-aea7-8a046670fb05', 'garlic', 'clove') ON CONFLICT (name) DO UPDATE SET name = EXCLUDED.name;
INSERT INTO "recipe_ingredients"("recipe_id","ingredient_id","count") VALUES('b7de9416-42a4-479e-a300-39898a0dd6be', '3f7a39ce-ed38-4809-aea7-8a046670fb05', '1.00');
INSERT INTO "ingredients"("guid","name","dimension") VALUES('9310a5ee-a22e-4ea4-b985-7b23c5ff8baa', 'lemon juice', '') ON CONFLICT (name) DO UPDATE SET name = EXCLUDED.name;
INSERT INTO "recipe_ingredients"("recipe_id","ingredient_id","count") VALUES('b7de9416-42a4-479e-a300-39898a0dd6be', '9310a5ee-a22e-4ea4-b985-7b23c5ff8baa', '3.00');
INSERT INTO "ingredients"("guid","name","dimension") VALUES('fe918fc4-367d-4eaa-9c98-88d5a787fa1f', 'lemon peel', 'teaspoon') ON CONFLICT (name) DO UPDATE SET name = EXCLUDED.name;
INSERT INTO "recipe_ingredients"("recipe_id","ingredient_id","count") VALUES('b7de9416-42a4-479e-a300-39898a0dd6be', 'fe918fc4-367d-4eaa-9c98-88d5a787fa1f', '1.00');
INSERT INTO "ingredients"("guid","name","dimension") VALUES('903d4219-5d08-479e-85f9-3b1719bd0244', 'olive oil', 'milliliters') ON CONFLICT (name) DO UPDATE SET name = EXCLUDED.name;
INSERT INTO "recipe_ingredients"("recipe_id","ingredient_id","count") VALUES('b7de9416-42a4-479e-a300-39898a0dd6be', '903d4219-5d08-479e-85f9-3b1719bd0244', '118.29');
INSERT INTO "ingredients"("guid","name","dimension") VALUES('903d4219-5d08-479e-85f9-3b1719bd0244', 'olive oil', 'teaspoons') ON CONFLICT (name) DO UPDATE SET name = EXCLUDED.name;
INSERT INTO "recipe_ingredients"("recipe_id","ingredient_id","count") VALUES('b7de9416-42a4-479e-a300-39898a0dd6be', '903d4219-5d08-479e-85f9-3b1719bd0244', '2.00');
INSERT INTO "ingredients"("guid","name","dimension") VALUES('42f28b03-e136-4fc2-b343-5d16cada339d', 'black pepper', 'servings') ON CONFLICT (name) DO UPDATE SET name = EXCLUDED.name;
INSERT INTO "recipe_ingredients"("recipe_id","ingredient_id","count") VALUES('b7de9416-42a4-479e-a300-39898a0dd6be', '42f28b03-e136-4fc2-b343-5d16cada339d', '6.00');
INSERT INTO "ingredients"("guid","name","dimension") VALUES('a742c14e-2eb2-41f0-9f10-8ca45400f0ab', 'coarse sea salt', 'teaspoon') ON CONFLICT (name) DO UPDATE SET name = EXCLUDED.name;
INSERT INTO "recipe_ingredients"("recipe_id","ingredient_id","count") VALUES('b7de9416-42a4-479e-a300-39898a0dd6be', 'a742c14e-2eb2-41f0-9f10-8ca45400f0ab', '1.00');
INSERT INTO "ingredients"("guid","name","dimension") VALUES('8a796c5b-30da-4945-8789-a16b231ef1b6', 'fresh mushrooms', 'larges') ON CONFLICT (name) DO UPDATE SET name = EXCLUDED.name;
INSERT INTO "recipe_ingredients"("recipe_id","ingredient_id","count") VALUES('b7de9416-42a4-479e-a300-39898a0dd6be', '8a796c5b-30da-4945-8789-a16b231ef1b6', '8.00');
INSERT INTO "ingredients"("guid","name","dimension") VALUES('0aa6a676-5f47-4ed9-88e5-b9f58d2b5d96', 'whole grain mustard', 'teaspoon') ON CONFLICT (name) DO UPDATE SET name = EXCLUDED.name;
INSERT INTO "recipe_ingredients"("recipe_id","ingredient_id","count") VALUES('b7de9416-42a4-479e-a300-39898a0dd6be', '0aa6a676-5f47-4ed9-88e5-b9f58d2b5d96', '1.00');
INSERT INTO "cooking_steps"("guid","recipe_id","order_number","description") VALUES('d5e88792-f13d-4d52-9ff3-620ec1fe993e', 'b7de9416-42a4-479e-a300-39898a0dd6be', '1', 'Rinse the cannellini beans and soak for 8 hours or overnight in several inches of water.');
INSERT INTO "cooking_steps"("guid","recipe_id","order_number","description") VALUES('6eb964e0-cc60-4cdc-9b87-a5278130f26e', 'b7de9416-42a4-479e-a300-39898a0dd6be', '2', 'Drain and rinse, then transfer to a medium saucepan and cover with fresh water.');
INSERT INTO "cooking_steps"("guid","recipe_id","order_number","description") VALUES('48fb4f29-28bf-4d43-9b6b-e9c7dee031b8', 'b7de9416-42a4-479e-a300-39898a0dd6be', '3', 'Add the curry leaves or bay leaf and bring to a boil. Reduce heat to medium-low, cover, and simmer for 1 hour or until the beans are tender but not falling apart.');
INSERT INTO "cooking_steps"("guid","recipe_id","order_number","description") VALUES('b377e9fd-4dc0-4131-aeeb-77d0dabec414', 'b7de9416-42a4-479e-a300-39898a0dd6be', '4', 'Drain and transfer to a large salad bowl.Meanwhile, snap the woody ends off of the asparagus spears and steam the spears for 6 minutes or until just tender but still retaining their crunch.');
INSERT INTO "cooking_steps"("guid","recipe_id","order_number","description") VALUES('14f30b17-42eb-4b63-b5bd-dbacadd76144', 'b7de9416-42a4-479e-a300-39898a0dd6be', '5', 'Transfer to the salad bowl.Now cook the mushrooms.');
INSERT INTO "cooking_steps"("guid","recipe_id","order_number","description") VALUES('e361b1af-0e68-4454-b62f-f1e602301eab', 'b7de9416-42a4-479e-a300-39898a0dd6be', '6', 'Heat the oil in a large skillet over high heat. As soon as the oil is hot, drop in the mushrooms and cook, stirring constantly, for 5 minutes or until the mushrooms begin to brown and lose some of their liquid.');
INSERT INTO "cooking_steps"("guid","recipe_id","order_number","description") VALUES('ef27a5b0-8712-4117-abe7-6c6aa16212b1', 'b7de9416-42a4-479e-a300-39898a0dd6be', '7', 'Transfer to the bowl with the asparagus.To make the dressing, combine the tarragon, lemon zest, garlic, lemon juice, olive oil and mustard in a small food processor or blender. Process until smooth.');
INSERT INTO "cooking_steps"("guid","recipe_id","order_number","description") VALUES('c27b0b43-f779-4feb-b50b-f98f7d177aea', 'b7de9416-42a4-479e-a300-39898a0dd6be', '8', 'Pour the dressing over the salad, season with salt and pepper, and toss.');
INSERT INTO "cooking_steps"("guid","recipe_id","order_number","description") VALUES('6c4d2ad5-c780-42d3-b89b-7835e936a8c6', 'b7de9416-42a4-479e-a300-39898a0dd6be', '9', 'Serve at room temperature or chilled.');
INSERT INTO "recipe"("guid","title","description") VALUES('83372803-b1c8-4f01-a628-b826ebcedb52', 'Cauliflower, Brown Rice, and Vegetable Fried Rice', 'You can never have too many Chinese recipes, so give Cauliflower, Brown Rice, and Vegetable Fried Rice a try. This recipe serves 8 and costs $1.12 per serving. This hor d''oeuvre has 192 calories, 7g of protein, and 6g of fat per serving. Head to the store and pick up broccoli, sesame seeds, soy sauce, and a few other things to make it today. 3689 people were impressed by this recipe. It is brought to you by fullbellysisters.blogspot.com. It is a good option if you''re following a gluten free, dairy free, lacto ovo vegetarian, and vegan diet. From preparation to the plate, this recipe takes roughly 30 minutes. Overall, this recipe earns a spectacular spoonacular score of 100%. If you like this recipe, you might also like recipes such as Cauliflower, Brown Rice, and Vegetable Fried Rice, Cauliflower, Brown Rice, and Vegetable Fried Rice, and Cauliflower, Brown Rice, and Vegetable Fried Rice.');
INSERT INTO "ingredients"("guid","name","dimension") VALUES('8afe6bc8-22d0-4467-882f-e3b1c49bb223', 'broccoli', 'milliliters') ON CONFLICT (name) DO UPDATE SET name = EXCLUDED.name;
INSERT INTO "recipe_ingredients"("recipe_id","ingredient_id","count") VALUES('83372803-b1c8-4f01-a628-b826ebcedb52', '8afe6bc8-22d0-4467-882f-e3b1c49bb223', '473.18');
INSERT INTO "ingredients"("guid","name","dimension") VALUES('c8debd74-3296-4e67-9459-92425808d635', 'cauliflower', 'head') ON CONFLICT (name) DO UPDATE SET name = EXCLUDED.name;
INSERT INTO "recipe_ingredients"("recipe_id","ingredient_id","count") VALUES('83372803-b1c8-4f01-a628-b826ebcedb52', 'c8debd74-3296-4e67-9459-92425808d635', '1.00');
INSERT INTO "ingredients"("guid","name","dimension") VALUES('f36154ab-0a83-434c-b1c5-bdd104233d36', 'coconut oil', '') ON CONFLICT (name) DO UPDATE SET name = EXCLUDED.name;
INSERT INTO "recipe_ingredients"("recipe_id","ingredient_id","count") VALUES('83372803-b1c8-4f01-a628-b826ebcedb52', 'f36154ab-0a83-434c-b1c5-bdd104233d36', '1.00');
INSERT INTO "ingredients"("guid","name","dimension") VALUES('a1165689-fafc-4ad3-b543-e509ef2a1178', 'cooked brown rice', 'milliliters') ON CONFLICT (name) DO UPDATE SET name = EXCLUDED.name;
INSERT INTO "recipe_ingredients"("recipe_id","ingredient_id","count") VALUES('83372803-b1c8-4f01-a628-b826ebcedb52', 'a1165689-fafc-4ad3-b543-e509ef2a1178', '709.76');
INSERT INTO "ingredients"("guid","name","dimension") VALUES('3f7a39ce-ed38-4809-aea7-8a046670fb05', 'garlic', 'cloves') ON CONFLICT (name) DO UPDATE SET name = EXCLUDED.name;
INSERT INTO "recipe_ingredients"("recipe_id","ingredient_id","count") VALUES('83372803-b1c8-4f01-a628-b826ebcedb52', '3f7a39ce-ed38-4809-aea7-8a046670fb05', '5.00');
INSERT INTO "ingredients"("guid","name","dimension") VALUES('705d8e46-5974-403a-993c-50ca6ebd96db', 'grape seed oil', '') ON CONFLICT (name) DO UPDATE SET name = EXCLUDED.name;
INSERT INTO "recipe_ingredients"("recipe_id","ingredient_id","count") VALUES('83372803-b1c8-4f01-a628-b826ebcedb52', '705d8e46-5974-403a-993c-50ca6ebd96db', '1.00');
INSERT INTO "ingredients"("guid","name","dimension") VALUES('b5018b31-11b5-4da7-b494-01637af501fb', 'lower sodium soy sauce', 'Tbsps') ON CONFLICT (name) DO UPDATE SET name = EXCLUDED.name;
INSERT INTO "recipe_ingredients"("recipe_id","ingredient_id","count") VALUES('83372803-b1c8-4f01-a628-b826ebcedb52', 'b5018b31-11b5-4da7-b494-01637af501fb', '3.00');
INSERT INTO "ingredients"("guid","name","dimension") VALUES('c29c2f52-d250-4a38-9445-850279ab8859', 'petite peas', 'milliliters') ON CONFLICT (name) DO UPDATE SET name = EXCLUDED.name;
INSERT INTO "recipe_ingredients"("recipe_id","ingredient_id","count") VALUES('83372803-b1c8-4f01-a628-b826ebcedb52', 'c29c2f52-d250-4a38-9445-850279ab8859', '236.59');
INSERT INTO "ingredients"("guid","name","dimension") VALUES('9d2c9ee9-fe26-4970-a0f6-256bcee3f2c3', 'table salt', 'servings') ON CONFLICT (name) DO UPDATE SET name = EXCLUDED.name;
INSERT INTO "recipe_ingredients"("recipe_id","ingredient_id","count") VALUES('83372803-b1c8-4f01-a628-b826ebcedb52', '9d2c9ee9-fe26-4970-a0f6-256bcee3f2c3', '8.00');
INSERT INTO "ingredients"("guid","name","dimension") VALUES('bae5d8c1-26a3-4c71-a5c6-226558e8047f', 'spring onions', 'servings') ON CONFLICT (name) DO UPDATE SET name = EXCLUDED.name;
INSERT INTO "recipe_ingredients"("recipe_id","ingredient_id","count") VALUES('83372803-b1c8-4f01-a628-b826ebcedb52', 'bae5d8c1-26a3-4c71-a5c6-226558e8047f', '8.00');
INSERT INTO "ingredients"("guid","name","dimension") VALUES('bae5d8c1-26a3-4c71-a5c6-226558e8047f', 'spring onions', '') ON CONFLICT (name) DO UPDATE SET name = EXCLUDED.name;
INSERT INTO "recipe_ingredients"("recipe_id","ingredient_id","count") VALUES('83372803-b1c8-4f01-a628-b826ebcedb52', 'bae5d8c1-26a3-4c71-a5c6-226558e8047f', '7.00');
INSERT INTO "ingredients"("guid","name","dimension") VALUES('fa00c8c9-a8c2-40a6-9662-52aaf797b9b1', 'sesame oil', 'teaspoons') ON CONFLICT (name) DO UPDATE SET name = EXCLUDED.name;
INSERT INTO "recipe_ingredients"("recipe_id","ingredient_id","count") VALUES('83372803-b1c8-4f01-a628-b826ebcedb52', 'fa00c8c9-a8c2-40a6-9662-52aaf797b9b1', '2.00');
INSERT INTO "ingredients"("guid","name","dimension") VALUES('ae846a01-b123-4983-b86f-bff61d4f8ef8', 'sesame seeds', 'servings') ON CONFLICT (name) DO UPDATE SET name = EXCLUDED.name;
INSERT INTO "recipe_ingredients"("recipe_id","ingredient_id","count") VALUES('83372803-b1c8-4f01-a628-b826ebcedb52', 'ae846a01-b123-4983-b86f-bff61d4f8ef8', '8.00');
INSERT INTO "cooking_steps"("guid","recipe_id","order_number","description") VALUES('ab34f27b-1823-4e4c-b218-f4281d9b4cff', '83372803-b1c8-4f01-a628-b826ebcedb52', '1', 'Remove the cauliflower''s tough stem and reserve for another use. Using a food processor, pulse cauliflower florets until they resemble rice or couscous. You should end up with around four cups of "cauliflower rice."');
INSERT INTO "cooking_steps"("guid","recipe_id","order_number","description") VALUES('f1ef04cb-1bc3-4c90-9331-c36e975dce7c', '83372803-b1c8-4f01-a628-b826ebcedb52', '2', 'Heat 1T butter and 1T oil in a large skillet over medium heat.');
INSERT INTO "cooking_steps"("guid","recipe_id","order_number","description") VALUES('c4f14da2-2b96-4e8c-a087-246e1b6495c8', '83372803-b1c8-4f01-a628-b826ebcedb52', '3', 'Add garlic and the white and light green pieces of scallion. Sauté about a minute.');
INSERT INTO "cooking_steps"("guid","recipe_id","order_number","description") VALUES('b0949432-20dd-44a5-902b-1e1f8287b70c', '83372803-b1c8-4f01-a628-b826ebcedb52', '4', 'Add the cauliflower to the pan. Stir to coat with oil, then spread out in pan and let sit; you want it cook a bit and to caramelize (get a bit brown), which will bring out the sweetness. After a couple of minutes, stir and spread out again.');
INSERT INTO "cooking_steps"("guid","recipe_id","order_number","description") VALUES('0f4cb156-400f-44c1-b50d-a734be6ab046', '83372803-b1c8-4f01-a628-b826ebcedb52', '5', 'Add cold rice (it separates easily, so it won''t clump up during cooking), plus the additional grapeseed and coconut oil or butter. Raise heat to medium-high. Toss everything together and, again, spread the mixture out over the whole pan and press a bit into the bottom.');
INSERT INTO "cooking_steps"("guid","recipe_id","order_number","description") VALUES('d293e206-cb72-4d4b-9808-02f82dd2bc36', '83372803-b1c8-4f01-a628-b826ebcedb52', '6', 'Let it sit for about two minutes—so the rice can get toasted and a little crispy.');
INSERT INTO "cooking_steps"("guid","recipe_id","order_number","description") VALUES('c99d67fb-8c57-4a01-a161-87c9f7f7939c', '83372803-b1c8-4f01-a628-b826ebcedb52', '7', 'Add the peas and broccoli and stir again.');
INSERT INTO "cooking_steps"("guid","recipe_id","order_number","description") VALUES('f0ee5f1a-d462-44b4-bd68-b22086211346', '83372803-b1c8-4f01-a628-b826ebcedb52', '8', 'Drizzle soy sauce and toasted sesame oil over rice.Cook for another minute or so and turn off heat.');
INSERT INTO "cooking_steps"("guid","recipe_id","order_number","description") VALUES('2d239d33-7f85-4788-85a8-6867e84d22a6', '83372803-b1c8-4f01-a628-b826ebcedb52', '9', 'Add chopped scallion tops and toss.I like to toast some sesame seeds in a dry pan; I sprinkle these and some more raw, chopped scallion over the top of the rice for added flavor and crunch.Season to taste with salt and, if you''d like, more soy sauce. Keep in mind that if you''re serving this with something salty and saucy (ie. teriyaki chicken) you may want to hold off on adding too much salt to the fried rice.');
INSERT INTO "recipe"("guid","title","description") VALUES('61ff1ce3-645d-493a-95f0-431ab69dcd38', 'Berry Banana Breakfast Smoothie', 'If you want to add more lacto ovo vegetarian recipes to your recipe box, Berry Banana Breakfast Smoothie might be a recipe you should try. One portion of this dish contains about 21g of protein, 10g of fat, and a total of 457 calories. This recipe serves 1 and costs $2.07 per serving. 689 people have tried and liked this recipe. It works well as a rather inexpensive breakfast. A mixture of banana, graham cracker crumbs, vanilla yogurt, and a handful of other ingredients are all it takes to make this recipe so yummy. From preparation to the plate, this recipe takes roughly 5 minutes. It is brought to you by Pink When. Overall, this recipe earns a super spoonacular score of 99%. Similar recipes include Berry Banana Breakfast Smoothie, Berry Banana Breakfast Smoothie, and Berry Banana Breakfast Smoothie.');
INSERT INTO "ingredients"("guid","name","dimension") VALUES('6f5717f7-2597-48f0-b1ea-18c9bccf12b1', 'mashed banana', 'milliliters') ON CONFLICT (name) DO UPDATE SET name = EXCLUDED.name;
INSERT INTO "recipe_ingredients"("recipe_id","ingredient_id","count") VALUES('61ff1ce3-645d-493a-95f0-431ab69dcd38', '6f5717f7-2597-48f0-b1ea-18c9bccf12b1', '59.15');
INSERT INTO "ingredients"("guid","name","dimension") VALUES('8bef3313-88e4-4ed8-9922-47e997a2df8c', 'graham cracker crumbs', 'Tbsps') ON CONFLICT (name) DO UPDATE SET name = EXCLUDED.name;
INSERT INTO "recipe_ingredients"("recipe_id","ingredient_id","count") VALUES('61ff1ce3-645d-493a-95f0-431ab69dcd38', '8bef3313-88e4-4ed8-9922-47e997a2df8c', '2.00');
INSERT INTO "ingredients"("guid","name","dimension") VALUES('098ec5d7-b21a-45ee-8ed9-442eab0e84b1', 'soymilk', 'milliliters') ON CONFLICT (name) DO UPDATE SET name = EXCLUDED.name;
INSERT INTO "recipe_ingredients"("recipe_id","ingredient_id","count") VALUES('61ff1ce3-645d-493a-95f0-431ab69dcd38', '098ec5d7-b21a-45ee-8ed9-442eab0e84b1', '236.59');
INSERT INTO "ingredients"("guid","name","dimension") VALUES('c36e07bb-2e06-4a41-b74e-38839619014a', 'strawberries', 'milliliters') ON CONFLICT (name) DO UPDATE SET name = EXCLUDED.name;
INSERT INTO "recipe_ingredients"("recipe_id","ingredient_id","count") VALUES('61ff1ce3-645d-493a-95f0-431ab69dcd38', 'c36e07bb-2e06-4a41-b74e-38839619014a', '118.29');
INSERT INTO "ingredients"("guid","name","dimension") VALUES('553e0974-1c80-4f64-86c2-69e0bb9cf608', 'vanilla yogurt', 'container') ON CONFLICT (name) DO UPDATE SET name = EXCLUDED.name;
INSERT INTO "recipe_ingredients"("recipe_id","ingredient_id","count") VALUES('61ff1ce3-645d-493a-95f0-431ab69dcd38', '553e0974-1c80-4f64-86c2-69e0bb9cf608', '1.00');
INSERT INTO "cooking_steps"("guid","recipe_id","order_number","description") VALUES('bb0975be-f1e9-4615-88a4-76202b2aaa9d', '61ff1ce3-645d-493a-95f0-431ab69dcd38', '1', 'Take some yogurt in your favorite flavor and add 1 container to your blender.');
INSERT INTO "cooking_steps"("guid","recipe_id","order_number","description") VALUES('65e98286-55a1-4af7-bbd8-f9546bc28957', '61ff1ce3-645d-493a-95f0-431ab69dcd38', '2', 'Add in the berries, banana, and soy milk and blend. Top your glass with a few graham cracker crumbs and serve.');
INSERT INTO "recipe"("guid","title","description") VALUES('7c8b66e0-14fa-483a-b6d5-570f275bc397', 'Red Lentil Soup with Chicken and Turnips', 'Red Lentil Soup with Chicken and Turnips might be a good recipe to expand your main course repertoire. This recipe serves 8 and costs $3.0 per serving. One serving contains 477 calories, 27g of protein, and 20g of fat. It is brought to you by Pink When. 1866 people have tried and liked this recipe. It can be enjoyed any time, but it is especially good for Autumn. From preparation to the plate, this recipe takes approximately 55 minutes. It is a good option if you''re following a gluten free and dairy free diet. Head to the store and pick up salt and pepper, canned tomatoes, flat leaf parsley, and a few other things to make it today. Overall, this recipe earns a spectacular spoonacular score of 99%. If you like this recipe, you might also like recipes such as Red Lentil and Chicken Soup, Red Lentil and Chicken Soup, and Red-Lentil Soup.');
INSERT INTO "ingredients"("guid","name","dimension") VALUES('b8e931af-e48b-4db2-b59f-c9d81a65c7ac', 'avocado', 'servings') ON CONFLICT (name) DO UPDATE SET name = EXCLUDED.name;
INSERT INTO "recipe_ingredients"("recipe_id","ingredient_id","count") VALUES('7c8b66e0-14fa-483a-b6d5-570f275bc397', 'b8e931af-e48b-4db2-b59f-c9d81a65c7ac', '8.00');
INSERT INTO "ingredients"("guid","name","dimension") VALUES('6b9754b0-3c6c-4528-a35f-9d80119ed1aa', 'carrot', 'mediums') ON CONFLICT (name) DO UPDATE SET name = EXCLUDED.name;
INSERT INTO "recipe_ingredients"("recipe_id","ingredient_id","count") VALUES('7c8b66e0-14fa-483a-b6d5-570f275bc397', '6b9754b0-3c6c-4528-a35f-9d80119ed1aa', '3.00');
INSERT INTO "ingredients"("guid","name","dimension") VALUES('7bce7e8e-0b4f-40d3-a5d3-347724fda61f', 'celery sticks', '') ON CONFLICT (name) DO UPDATE SET name = EXCLUDED.name;
INSERT INTO "recipe_ingredients"("recipe_id","ingredient_id","count") VALUES('7c8b66e0-14fa-483a-b6d5-570f275bc397', '7bce7e8e-0b4f-40d3-a5d3-347724fda61f', '3.00');
INSERT INTO "ingredients"("guid","name","dimension") VALUES('00ef9f5e-757f-4e7a-8bdd-2d78146a1708', 'cooked chicken breast', 'milliliters') ON CONFLICT (name) DO UPDATE SET name = EXCLUDED.name;
INSERT INTO "recipe_ingredients"("recipe_id","ingredient_id","count") VALUES('7c8b66e0-14fa-483a-b6d5-570f275bc397', '00ef9f5e-757f-4e7a-8bdd-2d78146a1708', '473.18');
INSERT INTO "ingredients"("guid","name","dimension") VALUES('a8aabec0-81cd-40ab-a408-68b43107d4ca', 'flat leaf parsley', 'milliliters') ON CONFLICT (name) DO UPDATE SET name = EXCLUDED.name;
INSERT INTO "recipe_ingredients"("recipe_id","ingredient_id","count") VALUES('7c8b66e0-14fa-483a-b6d5-570f275bc397', 'a8aabec0-81cd-40ab-a408-68b43107d4ca', '118.29');
INSERT INTO "ingredients"("guid","name","dimension") VALUES('3f7a39ce-ed38-4809-aea7-8a046670fb05', 'garlic', 'cloves') ON CONFLICT (name) DO UPDATE SET name = EXCLUDED.name;
INSERT INTO "recipe_ingredients"("recipe_id","ingredient_id","count") VALUES('7c8b66e0-14fa-483a-b6d5-570f275bc397', '3f7a39ce-ed38-4809-aea7-8a046670fb05', '6.00');
INSERT INTO "ingredients"("guid","name","dimension") VALUES('903d4219-5d08-479e-85f9-3b1719bd0244', 'olive oil', 'Tbsps') ON CONFLICT (name) DO UPDATE SET name = EXCLUDED.name;
INSERT INTO "recipe_ingredients"("recipe_id","ingredient_id","count") VALUES('7c8b66e0-14fa-483a-b6d5-570f275bc397', '903d4219-5d08-479e-85f9-3b1719bd0244', '2.00');
INSERT INTO "ingredients"("guid","name","dimension") VALUES('6ad456a6-2c85-4bfe-a807-b32da68350cb', 'canned tomatoes', 'grams') ON CONFLICT (name) DO UPDATE SET name = EXCLUDED.name;
INSERT INTO "recipe_ingredients"("recipe_id","ingredient_id","count") VALUES('7c8b66e0-14fa-483a-b6d5-570f275bc397', '6ad456a6-2c85-4bfe-a807-b32da68350cb', '793.79');
INSERT INTO "ingredients"("guid","name","dimension") VALUES('bb69a5dd-2892-4950-b128-fa68267b30b7', 'dried red lentils', 'milliliters') ON CONFLICT (name) DO UPDATE SET name = EXCLUDED.name;
INSERT INTO "recipe_ingredients"("recipe_id","ingredient_id","count") VALUES('7c8b66e0-14fa-483a-b6d5-570f275bc397', 'bb69a5dd-2892-4950-b128-fa68267b30b7', '473.18');
INSERT INTO "ingredients"("guid","name","dimension") VALUES('bd6df831-fb53-48d0-af46-c32ee7488a9b', 'salt and pepper', 'servings') ON CONFLICT (name) DO UPDATE SET name = EXCLUDED.name;
INSERT INTO "recipe_ingredients"("recipe_id","ingredient_id","count") VALUES('7c8b66e0-14fa-483a-b6d5-570f275bc397', 'bd6df831-fb53-48d0-af46-c32ee7488a9b', '8.00');
INSERT INTO "ingredients"("guid","name","dimension") VALUES('5e667022-0ff5-4d07-9cab-12662fa61433', 'turnip', 'large') ON CONFLICT (name) DO UPDATE SET name = EXCLUDED.name;
INSERT INTO "recipe_ingredients"("recipe_id","ingredient_id","count") VALUES('7c8b66e0-14fa-483a-b6d5-570f275bc397', '5e667022-0ff5-4d07-9cab-12662fa61433', '1.00');
INSERT INTO "ingredients"("guid","name","dimension") VALUES('90564dbb-d3c4-4421-a743-4b93e604712b', 'vegetable stock', 'liters') ON CONFLICT (name) DO UPDATE SET name = EXCLUDED.name;
INSERT INTO "recipe_ingredients"("recipe_id","ingredient_id","count") VALUES('7c8b66e0-14fa-483a-b6d5-570f275bc397', '90564dbb-d3c4-4421-a743-4b93e604712b', '1.89');
INSERT INTO "ingredients"("guid","name","dimension") VALUES('e12e1313-0abb-4e9a-acbb-d69dc0420420', 'yellow onion', 'medium') ON CONFLICT (name) DO UPDATE SET name = EXCLUDED.name;
INSERT INTO "recipe_ingredients"("recipe_id","ingredient_id","count") VALUES('7c8b66e0-14fa-483a-b6d5-570f275bc397', 'e12e1313-0abb-4e9a-acbb-d69dc0420420', '1.00');
INSERT INTO "cooking_steps"("guid","recipe_id","order_number","description") VALUES('961aa1bb-2595-4e8a-b24e-d6e05479fa5d', '7c8b66e0-14fa-483a-b6d5-570f275bc397', '1', 'To a large dutch oven or soup pot, heat the olive oil over medium heat.');
INSERT INTO "cooking_steps"("guid","recipe_id","order_number","description") VALUES('228827e2-2f9e-400b-8f3a-62147523226e', '7c8b66e0-14fa-483a-b6d5-570f275bc397', '2', 'Add the onion, carrots and celery and cook for 8-10 minutes or until tender, stirring occasionally.');
INSERT INTO "cooking_steps"("guid","recipe_id","order_number","description") VALUES('d6ebe516-fcf2-4ecb-9d1b-f2e52acb4c05', '7c8b66e0-14fa-483a-b6d5-570f275bc397', '3', 'Add the garlic and cook for an additional 2 minutes, or until fragrant. Season conservatively with a pinch of salt and black pepper.To the pot, add the tomatoes, turnip and red lentils. Stir to combine. Stir in the vegetable stock and increase the heat on the stove to high. Bring the soup to a boil and then reduce to a simmer. Simmer for 20 minutes or until the turnips are tender and the lentils are cooked through.');
INSERT INTO "cooking_steps"("guid","recipe_id","order_number","description") VALUES('cfe11143-50d2-486a-a4fb-253afc5bbeb4', '7c8b66e0-14fa-483a-b6d5-570f275bc397', '4', 'Add the chicken breast and parsley. Cook for an additional 5 minutes. Adjust seasoning to taste.');
INSERT INTO "cooking_steps"("guid","recipe_id","order_number","description") VALUES('2fecd47b-55d6-4cde-a1b4-ee753dee48ce', '7c8b66e0-14fa-483a-b6d5-570f275bc397', '5', 'Serve the soup immediately garnished with fresh parsley and any additional toppings. Enjoy!');
INSERT INTO "recipe"("guid","title","description") VALUES('0af693ae-b97e-4dd8-94dd-018dde2469e9', 'Asparagus and Pea Soup: Real Convenience Food', 'Asparagus and Pea Soup: Real Convenience Food requires approximately 20 minutes from start to finish. Watching your figure? This gluten free, dairy free, paleolithic, and lacto ovo vegetarian recipe has 217 calories, 11g of protein, and 8g of fat per serving. This recipe serves 2. For $1.78 per serving, this recipe covers 25% of your daily requirements of vitamins and minerals. Autumn will be even more special with this recipe. It works well as a hor d''oeuvre. 207 people have tried and liked this recipe. It is brought to you by fullbellysisters.blogspot.com. A mixture of vegetable broth, evoo, garlic, and a handful of other ingredients are all it takes to make this recipe so yummy. All things considered, we decided this recipe deserves a spoonacular score of 96%. This score is outstanding. Try Asparagus and Pea Soup: Real Convenience Food, Asparagus and Pea Soup: Real Convenience Food, and Asparagus and Pea Soup: Real Convenience Food for similar recipes.');
INSERT INTO "ingredients"("guid","name","dimension") VALUES('bf59dcbf-a3d5-40cf-a5e5-315728fa1852', 'asparagus', 'bag') ON CONFLICT (name) DO UPDATE SET name = EXCLUDED.name;
INSERT INTO "recipe_ingredients"("recipe_id","ingredient_id","count") VALUES('0af693ae-b97e-4dd8-94dd-018dde2469e9', 'bf59dcbf-a3d5-40cf-a5e5-315728fa1852', '1.00');
INSERT INTO "ingredients"("guid","name","dimension") VALUES('f7ced3fe-c340-4f26-b132-2952b8351272', 'extra virgin olive oil', 'Tbsp') ON CONFLICT (name) DO UPDATE SET name = EXCLUDED.name;
INSERT INTO "recipe_ingredients"("recipe_id","ingredient_id","count") VALUES('0af693ae-b97e-4dd8-94dd-018dde2469e9', 'f7ced3fe-c340-4f26-b132-2952b8351272', '1.00');
INSERT INTO "ingredients"("guid","name","dimension") VALUES('3f7a39ce-ed38-4809-aea7-8a046670fb05', 'garlic', 'cloves') ON CONFLICT (name) DO UPDATE SET name = EXCLUDED.name;
INSERT INTO "recipe_ingredients"("recipe_id","ingredient_id","count") VALUES('0af693ae-b97e-4dd8-94dd-018dde2469e9', '3f7a39ce-ed38-4809-aea7-8a046670fb05', '2.00');
INSERT INTO "ingredients"("guid","name","dimension") VALUES('ea4db820-b562-4cff-bc98-bae139a325df', 'onion', '') ON CONFLICT (name) DO UPDATE SET name = EXCLUDED.name;
INSERT INTO "recipe_ingredients"("recipe_id","ingredient_id","count") VALUES('0af693ae-b97e-4dd8-94dd-018dde2469e9', 'ea4db820-b562-4cff-bc98-bae139a325df', '0.50');
INSERT INTO "ingredients"("guid","name","dimension") VALUES('c29c2f52-d250-4a38-9445-850279ab8859', 'petite peas', 'milliliters') ON CONFLICT (name) DO UPDATE SET name = EXCLUDED.name;
INSERT INTO "recipe_ingredients"("recipe_id","ingredient_id","count") VALUES('0af693ae-b97e-4dd8-94dd-018dde2469e9', 'c29c2f52-d250-4a38-9445-850279ab8859', '473.18');
INSERT INTO "ingredients"("guid","name","dimension") VALUES('de776497-db22-48f0-899f-86425040b18c', 'low sodium vegetable broth', 'box') ON CONFLICT (name) DO UPDATE SET name = EXCLUDED.name;
INSERT INTO "recipe_ingredients"("recipe_id","ingredient_id","count") VALUES('0af693ae-b97e-4dd8-94dd-018dde2469e9', 'de776497-db22-48f0-899f-86425040b18c', '1.00');
INSERT INTO "cooking_steps"("guid","recipe_id","order_number","description") VALUES('338ec732-0647-4899-9ff3-4de821622c1d', '0af693ae-b97e-4dd8-94dd-018dde2469e9', '1', 'Chop the garlic and onions.');
INSERT INTO "cooking_steps"("guid","recipe_id","order_number","description") VALUES('268e9ae1-453c-4ea1-818d-be1d6246921d', '0af693ae-b97e-4dd8-94dd-018dde2469e9', '2', 'Saute the onions in the EVOO, adding the garlic after a couple of minutes; cook until the onions are translucent.');
INSERT INTO "cooking_steps"("guid","recipe_id","order_number","description") VALUES('8789f0a4-2ff3-45b4-a391-077d3579bd45', '0af693ae-b97e-4dd8-94dd-018dde2469e9', '3', 'Add the whole bag of asparagus and cover everything with the broth. Season with salt and pepper and a pinch of red pepper flakes, if using.Simmer until the asparagus is bright green and tender (if you''ve thawed the asparagus it will only take a couple of minutes). Turn off the heat and puree using an immersion blender.');
INSERT INTO "cooking_steps"("guid","recipe_id","order_number","description") VALUES('e3bee1c7-0db2-47d4-8f0c-399611c4e4c0', '0af693ae-b97e-4dd8-94dd-018dde2469e9', '4', 'Add peas (the heat of the soup will quickly thaw them) and puree until smooth; add more until it reaches the thickness you like.Top with chives and a small dollop of creme fraiche or sour cream or greek yogurt.');
INSERT INTO "recipe"("guid","title","description") VALUES('3bcae27e-f813-4f34-a788-8a9ae4a54dae', 'Garlicky Kale', 'Garlicky Kale requires approximately 45 minutes from start to finish. This side dish has 170 calories, 2g of protein, and 15g of fat per serving. This recipe serves 2. For 69 cents per serving, this recipe covers 17% of your daily requirements of vitamins and minerals. 19 people have made this recipe and would make it again. This recipe from Foodista requires balsamic vinegar, garlic, curly kale, and olive oil. It is a good option if you''re following a gluten free, dairy free, paleolithic, and lacto ovo vegetarian diet. With a spoonacular score of 99%, this dish is outstanding. Try Garlicky Kale, Garlicky Kale, and Garlicky Kale for similar recipes.');
INSERT INTO "ingredients"("guid","name","dimension") VALUES('ee203be2-a504-439f-a016-501234b3bf16', 'balsamic vinegar', 'Tbsps') ON CONFLICT (name) DO UPDATE SET name = EXCLUDED.name;
INSERT INTO "recipe_ingredients"("recipe_id","ingredient_id","count") VALUES('3bcae27e-f813-4f34-a788-8a9ae4a54dae', 'ee203be2-a504-439f-a016-501234b3bf16', '3.00');
INSERT INTO "ingredients"("guid","name","dimension") VALUES('3f7a39ce-ed38-4809-aea7-8a046670fb05', 'garlic', 'clove') ON CONFLICT (name) DO UPDATE SET name = EXCLUDED.name;
INSERT INTO "recipe_ingredients"("recipe_id","ingredient_id","count") VALUES('3bcae27e-f813-4f34-a788-8a9ae4a54dae', '3f7a39ce-ed38-4809-aea7-8a046670fb05', '1.00');
INSERT INTO "ingredients"("guid","name","dimension") VALUES('65d1ae48-d484-44fa-8b5f-95bc94c831b0', 'kale', 'bunch') ON CONFLICT (name) DO UPDATE SET name = EXCLUDED.name;
INSERT INTO "recipe_ingredients"("recipe_id","ingredient_id","count") VALUES('3bcae27e-f813-4f34-a788-8a9ae4a54dae', '65d1ae48-d484-44fa-8b5f-95bc94c831b0', '1.00');
INSERT INTO "ingredients"("guid","name","dimension") VALUES('903d4219-5d08-479e-85f9-3b1719bd0244', 'olive oil', 'servings') ON CONFLICT (name) DO UPDATE SET name = EXCLUDED.name;
INSERT INTO "recipe_ingredients"("recipe_id","ingredient_id","count") VALUES('3bcae27e-f813-4f34-a788-8a9ae4a54dae', '903d4219-5d08-479e-85f9-3b1719bd0244', '2.00');
INSERT INTO "cooking_steps"("guid","recipe_id","order_number","description") VALUES('3c387dae-d1ac-46dc-aeb8-34f791c57cf4', '3bcae27e-f813-4f34-a788-8a9ae4a54dae', '1', 'Heat the olive oil in a large pot over medium heat.');
INSERT INTO "cooking_steps"("guid","recipe_id","order_number","description") VALUES('2b3dbe4e-87a4-4e60-9834-9b3b1814de7e', '3bcae27e-f813-4f34-a788-8a9ae4a54dae', '2', 'Add the kale and cover.Stir occasionally until the volume of the kale is reduced by half. Uncover.');
INSERT INTO "cooking_steps"("guid","recipe_id","order_number","description") VALUES('f100a261-9db5-4a75-8e2d-e845f0df80fb', '3bcae27e-f813-4f34-a788-8a9ae4a54dae', '3', 'Add garlic and basalmic.Allow to cook for about another 30 seconds or so, mixing well so that the garlic and vinegar are well distributed.');
INSERT INTO "cooking_steps"("guid","recipe_id","order_number","description") VALUES('4035b5fb-ec6b-4ffd-bcb6-76555aa67373', '3bcae27e-f813-4f34-a788-8a9ae4a54dae', '4', 'Serve hot.');
INSERT INTO "recipe"("guid","title","description") VALUES('1a359227-3220-460b-8cab-172327054cb2', 'Slow Cooker Beef Stew', 'If you want to add more gluten free and dairy free recipes to your recipe box, Slow Cooker Beef Stew might be a recipe you should try. One serving contains 434 calories, 44g of protein, and 12g of fat. This recipe serves 6. For $2.7 per serving, this recipe covers 45% of your daily requirements of vitamins and minerals. It works best as a main course, and is done in approximately 8 hours and 10 minutes. If you have green onions, carrots, celery, and a few other ingredients on hand, you can make it. This recipe is liked by 57 foodies and cooks. Autumn will be even more special with this recipe. It is brought to you by Pink When. Taking all factors into account, this recipe earns a spoonacular score of 99%, which is awesome. Similar recipes include Slow Cooker Beef Stew, Slow Cooker Beef Stew, and Slow Cooker Beef Stew.');
INSERT INTO "ingredients"("guid","name","dimension") VALUES('573b5541-8114-4073-85a0-f024af2d0f01', 'beef broth', 'grams') ON CONFLICT (name) DO UPDATE SET name = EXCLUDED.name;
INSERT INTO "recipe_ingredients"("recipe_id","ingredient_id","count") VALUES('1a359227-3220-460b-8cab-172327054cb2', '573b5541-8114-4073-85a0-f024af2d0f01', '411.07');
INSERT INTO "ingredients"("guid","name","dimension") VALUES('6b9754b0-3c6c-4528-a35f-9d80119ed1aa', 'carrot', 'larges') ON CONFLICT (name) DO UPDATE SET name = EXCLUDED.name;
INSERT INTO "recipe_ingredients"("recipe_id","ingredient_id","count") VALUES('1a359227-3220-460b-8cab-172327054cb2', '6b9754b0-3c6c-4528-a35f-9d80119ed1aa', '2.00');
INSERT INTO "ingredients"("guid","name","dimension") VALUES('dc7f1822-b536-4ca6-ab49-fd32a168f6f4', 'celery', 'stalks') ON CONFLICT (name) DO UPDATE SET name = EXCLUDED.name;
INSERT INTO "recipe_ingredients"("recipe_id","ingredient_id","count") VALUES('1a359227-3220-460b-8cab-172327054cb2', 'dc7f1822-b536-4ca6-ab49-fd32a168f6f4', '2.00');
INSERT INTO "ingredients"("guid","name","dimension") VALUES('e27a4a41-14a5-4431-b9dc-cbd3ebc89a81', 'condensed cream of mushroom soup', 'grams') ON CONFLICT (name) DO UPDATE SET name = EXCLUDED.name;
INSERT INTO "recipe_ingredients"("recipe_id","ingredient_id","count") VALUES('1a359227-3220-460b-8cab-172327054cb2', 'e27a4a41-14a5-4431-b9dc-cbd3ebc89a81', '737.09');
INSERT INTO "ingredients"("guid","name","dimension") VALUES('bae5d8c1-26a3-4c71-a5c6-226558e8047f', 'spring onions', '') ON CONFLICT (name) DO UPDATE SET name = EXCLUDED.name;
INSERT INTO "recipe_ingredients"("recipe_id","ingredient_id","count") VALUES('1a359227-3220-460b-8cab-172327054cb2', 'bae5d8c1-26a3-4c71-a5c6-226558e8047f', '3.00');
INSERT INTO "ingredients"("guid","name","dimension") VALUES('308f8736-0bed-4360-ae85-997fb6cdeb62', 'new potato', '') ON CONFLICT (name) DO UPDATE SET name = EXCLUDED.name;
INSERT INTO "recipe_ingredients"("recipe_id","ingredient_id","count") VALUES('1a359227-3220-460b-8cab-172327054cb2', '308f8736-0bed-4360-ae85-997fb6cdeb62', '10.00');
INSERT INTO "ingredients"("guid","name","dimension") VALUES('ea4db820-b562-4cff-bc98-bae139a325df', 'onion', 'small') ON CONFLICT (name) DO UPDATE SET name = EXCLUDED.name;
INSERT INTO "recipe_ingredients"("recipe_id","ingredient_id","count") VALUES('1a359227-3220-460b-8cab-172327054cb2', 'ea4db820-b562-4cff-bc98-bae139a325df', '1.00');
INSERT INTO "ingredients"("guid","name","dimension") VALUES('1b7ba5cc-d711-4483-9854-17abc2a6eb79', 'seasoning', 'milliliters') ON CONFLICT (name) DO UPDATE SET name = EXCLUDED.name;
INSERT INTO "recipe_ingredients"("recipe_id","ingredient_id","count") VALUES('1a359227-3220-460b-8cab-172327054cb2', '1b7ba5cc-d711-4483-9854-17abc2a6eb79', '118.29');
INSERT INTO "ingredients"("guid","name","dimension") VALUES('8db351cb-3691-4a30-8fd9-190e24ded428', 'beef cubes', 'grams') ON CONFLICT (name) DO UPDATE SET name = EXCLUDED.name;
INSERT INTO "recipe_ingredients"("recipe_id","ingredient_id","count") VALUES('1a359227-3220-460b-8cab-172327054cb2', '8db351cb-3691-4a30-8fd9-190e24ded428', '907.18');
INSERT INTO "ingredients"("guid","name","dimension") VALUES('faa7c536-494d-46a2-8bfc-649cb208f1d0', 'water', 'milliliters') ON CONFLICT (name) DO UPDATE SET name = EXCLUDED.name;
INSERT INTO "recipe_ingredients"("recipe_id","ingredient_id","count") VALUES('1a359227-3220-460b-8cab-172327054cb2', 'faa7c536-494d-46a2-8bfc-649cb208f1d0', '473.18');
INSERT INTO "cooking_steps"("guid","recipe_id","order_number","description") VALUES('18df48ec-7364-437a-9227-d5f5a3e9f274', '1a359227-3220-460b-8cab-172327054cb2', '1', 'To get started, heat your slow cooker to low.');
INSERT INTO "cooking_steps"("guid","recipe_id","order_number","description") VALUES('cc821e4f-254f-4de3-b06a-4dc4e411be9e', '1a359227-3220-460b-8cab-172327054cb2', '2', 'Pour in the cream of mushroom soup, Dale''s seasoning, water, and beef broth and stir until mixed well.');
INSERT INTO "cooking_steps"("guid","recipe_id","order_number","description") VALUES('e2b81453-46c1-4fb7-84d0-21de5b11778c', '1a359227-3220-460b-8cab-172327054cb2', '3', 'Add in your stew meat, potatoes, onions, carrots, celery, and green onions. Stir well until covered and cook on low for 8 hours. You can add salt and pepper as desired, but the flavors and the Dale''s marry together so well that you probably won’t need them.');
INSERT INTO "recipe"("guid","title","description") VALUES('3a035b3c-aead-4448-9c61-e58e73b81c1e', 'Red Kidney Bean Jambalaya', 'Red Kidney Bean Jambalayan is a main course that serves 6. One portion of this dish contains approximately 18g of protein, 6g of fat, and a total of 393 calories. For $1.68 per serving, this recipe covers 33% of your daily requirements of vitamins and minerals. 53 people were glad they tried this recipe. A mixture of vegetable stock, tomatoes, onion, and a handful of other ingredients are all it takes to make this recipe so flavorful. It is a good option if you''re following a gluten free, dairy free, lacto ovo vegetarian, and vegan diet. This recipe is typical of Cajun cuisine. It is brought to you by foodandspice.blogspot.com. From preparation to the plate, this recipe takes roughly 45 minutes. Overall, this recipe earns a tremendous spoonacular score of 99%. Users who liked this recipe also liked Red Kidney Bean Jambalaya, Red Kidney Bean Salad, and Red Kidney Bean Curry.');
INSERT INTO "ingredients"("guid","name","dimension") VALUES('a1165689-fafc-4ad3-b543-e509ef2a1178', 'cooked brown rice', 'milliliters') ON CONFLICT (name) DO UPDATE SET name = EXCLUDED.name;
INSERT INTO "recipe_ingredients"("recipe_id","ingredient_id","count") VALUES('3a035b3c-aead-4448-9c61-e58e73b81c1e', 'a1165689-fafc-4ad3-b543-e509ef2a1178', '473.18');
INSERT INTO "ingredients"("guid","name","dimension") VALUES('6b9754b0-3c6c-4528-a35f-9d80119ed1aa', 'carrot', 'mediums') ON CONFLICT (name) DO UPDATE SET name = EXCLUDED.name;
INSERT INTO "recipe_ingredients"("recipe_id","ingredient_id","count") VALUES('3a035b3c-aead-4448-9c61-e58e73b81c1e', '6b9754b0-3c6c-4528-a35f-9d80119ed1aa', '2.00');
INSERT INTO "ingredients"("guid","name","dimension") VALUES('dc7f1822-b536-4ca6-ab49-fd32a168f6f4', 'celery', 'stalks') ON CONFLICT (name) DO UPDATE SET name = EXCLUDED.name;
INSERT INTO "recipe_ingredients"("recipe_id","ingredient_id","count") VALUES('3a035b3c-aead-4448-9c61-e58e73b81c1e', 'dc7f1822-b536-4ca6-ab49-fd32a168f6f4', '2.00');
INSERT INTO "ingredients"("guid","name","dimension") VALUES('77bf4088-3f4c-468e-afb8-f0f4c6324f80', 'celery seed', 'teaspoon') ON CONFLICT (name) DO UPDATE SET name = EXCLUDED.name;
INSERT INTO "recipe_ingredients"("recipe_id","ingredient_id","count") VALUES('3a035b3c-aead-4448-9c61-e58e73b81c1e', '77bf4088-3f4c-468e-afb8-f0f4c6324f80', '1.00');
INSERT INTO "ingredients"("guid","name","dimension") VALUES('fdfc9553-1b58-4a63-bccd-f297f5f8221a', 'dried kidney beans', 'milliliters') ON CONFLICT (name) DO UPDATE SET name = EXCLUDED.name;
INSERT INTO "recipe_ingredients"("recipe_id","ingredient_id","count") VALUES('3a035b3c-aead-4448-9c61-e58e73b81c1e', 'fdfc9553-1b58-4a63-bccd-f297f5f8221a', '473.18');
INSERT INTO "ingredients"("guid","name","dimension") VALUES('6a5a8df9-36cc-4000-b0b0-bf5f01d57d0f', 'dried marjoram', 'teaspoon') ON CONFLICT (name) DO UPDATE SET name = EXCLUDED.name;
INSERT INTO "recipe_ingredients"("recipe_id","ingredient_id","count") VALUES('3a035b3c-aead-4448-9c61-e58e73b81c1e', '6a5a8df9-36cc-4000-b0b0-bf5f01d57d0f', '1.00');
INSERT INTO "ingredients"("guid","name","dimension") VALUES('9d7eacba-7554-4d42-8b40-099855dbdc32', 'dried thyme', 'teaspoons') ON CONFLICT (name) DO UPDATE SET name = EXCLUDED.name;
INSERT INTO "recipe_ingredients"("recipe_id","ingredient_id","count") VALUES('3a035b3c-aead-4448-9c61-e58e73b81c1e', '9d7eacba-7554-4d42-8b40-099855dbdc32', '2.00');
INSERT INTO "ingredients"("guid","name","dimension") VALUES('018ec777-3b59-4158-8968-2307ac8d000d', 'eggplant', 'medium') ON CONFLICT (name) DO UPDATE SET name = EXCLUDED.name;
INSERT INTO "recipe_ingredients"("recipe_id","ingredient_id","count") VALUES('3a035b3c-aead-4448-9c61-e58e73b81c1e', '018ec777-3b59-4158-8968-2307ac8d000d', '1.00');
INSERT INTO "ingredients"("guid","name","dimension") VALUES('3f7a39ce-ed38-4809-aea7-8a046670fb05', 'garlic', 'cloves') ON CONFLICT (name) DO UPDATE SET name = EXCLUDED.name;
INSERT INTO "recipe_ingredients"("recipe_id","ingredient_id","count") VALUES('3a035b3c-aead-4448-9c61-e58e73b81c1e', '3f7a39ce-ed38-4809-aea7-8a046670fb05', '2.00');
INSERT INTO "ingredients"("guid","name","dimension") VALUES('03a3fdb5-6073-4284-a211-0d49b9a96b2f', 'green beans', 'handfuls') ON CONFLICT (name) DO UPDATE SET name = EXCLUDED.name;
INSERT INTO "recipe_ingredients"("recipe_id","ingredient_id","count") VALUES('3a035b3c-aead-4448-9c61-e58e73b81c1e', '03a3fdb5-6073-4284-a211-0d49b9a96b2f', '3.00');
INSERT INTO "ingredients"("guid","name","dimension") VALUES('42f28b03-e136-4fc2-b343-5d16cada339d', 'black pepper', 'servings') ON CONFLICT (name) DO UPDATE SET name = EXCLUDED.name;
INSERT INTO "recipe_ingredients"("recipe_id","ingredient_id","count") VALUES('3a035b3c-aead-4448-9c61-e58e73b81c1e', '42f28b03-e136-4fc2-b343-5d16cada339d', '6.00');
INSERT INTO "ingredients"("guid","name","dimension") VALUES('24155d9f-cb1f-4550-bb6a-724b522b6710', 'ground sage', 'teaspoons') ON CONFLICT (name) DO UPDATE SET name = EXCLUDED.name;
INSERT INTO "recipe_ingredients"("recipe_id","ingredient_id","count") VALUES('3a035b3c-aead-4448-9c61-e58e73b81c1e', '24155d9f-cb1f-4550-bb6a-724b522b6710', '2.00');
INSERT INTO "ingredients"("guid","name","dimension") VALUES('81e623cc-63de-4ee0-9b90-77787949c06c', 'liquid smoke', 'teaspoons') ON CONFLICT (name) DO UPDATE SET name = EXCLUDED.name;
INSERT INTO "recipe_ingredients"("recipe_id","ingredient_id","count") VALUES('3a035b3c-aead-4448-9c61-e58e73b81c1e', '81e623cc-63de-4ee0-9b90-77787949c06c', '0.50');
INSERT INTO "ingredients"("guid","name","dimension") VALUES('903d4219-5d08-479e-85f9-3b1719bd0244', 'olive oil', 'Tbsps') ON CONFLICT (name) DO UPDATE SET name = EXCLUDED.name;
INSERT INTO "recipe_ingredients"("recipe_id","ingredient_id","count") VALUES('3a035b3c-aead-4448-9c61-e58e73b81c1e', '903d4219-5d08-479e-85f9-3b1719bd0244', '2.00');
INSERT INTO "ingredients"("guid","name","dimension") VALUES('9ac231c6-e619-4f8c-a5c1-05c6f8a4e2f5', 'red pepper', '') ON CONFLICT (name) DO UPDATE SET name = EXCLUDED.name;
INSERT INTO "recipe_ingredients"("recipe_id","ingredient_id","count") VALUES('3a035b3c-aead-4448-9c61-e58e73b81c1e', '9ac231c6-e619-4f8c-a5c1-05c6f8a4e2f5', '1.00');
INSERT INTO "ingredients"("guid","name","dimension") VALUES('ea4db820-b562-4cff-bc98-bae139a325df', 'onion', 'small') ON CONFLICT (name) DO UPDATE SET name = EXCLUDED.name;
INSERT INTO "recipe_ingredients"("recipe_id","ingredient_id","count") VALUES('3a035b3c-aead-4448-9c61-e58e73b81c1e', 'ea4db820-b562-4cff-bc98-bae139a325df', '1.00');
INSERT INTO "ingredients"("guid","name","dimension") VALUES('a742c14e-2eb2-41f0-9f10-8ca45400f0ab', 'coarse sea salt', 'teaspoons') ON CONFLICT (name) DO UPDATE SET name = EXCLUDED.name;
INSERT INTO "recipe_ingredients"("recipe_id","ingredient_id","count") VALUES('3a035b3c-aead-4448-9c61-e58e73b81c1e', 'a742c14e-2eb2-41f0-9f10-8ca45400f0ab', '1.50');
INSERT INTO "ingredients"("guid","name","dimension") VALUES('ba623ae4-7ec2-4614-a9b2-17013e68f8d5', 'hot sauce', 'teaspoon') ON CONFLICT (name) DO UPDATE SET name = EXCLUDED.name;
INSERT INTO "recipe_ingredients"("recipe_id","ingredient_id","count") VALUES('3a035b3c-aead-4448-9c61-e58e73b81c1e', 'ba623ae4-7ec2-4614-a9b2-17013e68f8d5', '1.00');
INSERT INTO "ingredients"("guid","name","dimension") VALUES('103718c9-2e4b-4aaf-af88-5d6090b19faa', 'tomato', 'mediums') ON CONFLICT (name) DO UPDATE SET name = EXCLUDED.name;
INSERT INTO "recipe_ingredients"("recipe_id","ingredient_id","count") VALUES('3a035b3c-aead-4448-9c61-e58e73b81c1e', '103718c9-2e4b-4aaf-af88-5d6090b19faa', '2.00');
INSERT INTO "ingredients"("guid","name","dimension") VALUES('90564dbb-d3c4-4421-a743-4b93e604712b', 'vegetable stock', 'milliliters') ON CONFLICT (name) DO UPDATE SET name = EXCLUDED.name;
INSERT INTO "recipe_ingredients"("recipe_id","ingredient_id","count") VALUES('3a035b3c-aead-4448-9c61-e58e73b81c1e', '90564dbb-d3c4-4421-a743-4b93e604712b', '709.76');
INSERT INTO "cooking_steps"("guid","recipe_id","order_number","description") VALUES('cda26147-6da6-4502-b457-91beed327ab2', '3a035b3c-aead-4448-9c61-e58e73b81c1e', '1', 'Rinse the kidney beans and brown rice separately. Cover the kidney beans with water and soak for 8 hours or overnight. In a separate bowl, cover the brown rice with water and soak for 8 hours or overnight.');
INSERT INTO "cooking_steps"("guid","recipe_id","order_number","description") VALUES('0861af04-b334-40ac-8bc6-3ad3b1216356', '3a035b3c-aead-4448-9c61-e58e73b81c1e', '2', 'Drain and rinse the kidney beans, then transfer to a medium saucepan and cover with fresh water. Bring to a boil, reduce heat to medium-low, cover, and simmer for 1 hour or until just tender but not falling apart.');
INSERT INTO "cooking_steps"("guid","recipe_id","order_number","description") VALUES('0cdecdb1-fb05-42a2-8550-d59f6491fda7', '3a035b3c-aead-4448-9c61-e58e73b81c1e', '3', 'Drain and set aside.');
INSERT INTO "cooking_steps"("guid","recipe_id","order_number","description") VALUES('7b71118c-9c85-44a8-85b7-838fb9d62e8c', '3a035b3c-aead-4448-9c61-e58e73b81c1e', '4', 'Heat the oil in a large saucepan over medium heat. When hot, add the onion and saut for 5 minutes. Now add the garlic, carrots, celery and green beans, and stir for another 5 minutes. Next add the tomatoes, red pepper, eggplant, sage, thyme, marjoram and celery seed, and continue to stir for another few minutes.');
INSERT INTO "cooking_steps"("guid","recipe_id","order_number","description") VALUES('ca3d8bd0-db0c-4661-a30a-9dcacb321b76', '3a035b3c-aead-4448-9c61-e58e73b81c1e', '5', 'Pour in the vegetable stock, liquid smoke, rice and the cooked kidney beans. Bring to a boil, reduce heat to medium low, cover, and cook, stirring occasionally, for 45 minutes or until the rice is tender.');
INSERT INTO "cooking_steps"("guid","recipe_id","order_number","description") VALUES('f7655bbe-8d11-4e8a-99d3-a7e08959a09b', '3a035b3c-aead-4448-9c61-e58e73b81c1e', '6', 'Add water as necessary if the stew becomes too dry.Season with sriracha, salt and pepper, and taste for seasoning  add more liquid smoke, sriracha, salt, pepper or herbs as desired.');
INSERT INTO "recipe"("guid","title","description") VALUES('ca838c06-30e2-49b8-bd4a-9c0262ba8b8a', 'Chicken Fajita Stuffed Bell Pepper', 'Chicken Fajita Stuffed Bell Pepper takes approximately 45 minutes from beginning to end. Watching your figure? This gluten free recipe has 526 calories, 50g of protein, and 24g of fat per serving. For $4.35 per serving, you get a main course that serves 3. 159 people have made this recipe and would make it again. This recipe is typical of Mexican cuisine. This recipe from Pink When requires cumin, cilantro, salsa, and chili powder. All things considered, we decided this recipe deserves a spoonacular score of 98%. This score is amazing. Users who liked this recipe also liked Stuffed Bell Peppers, Stuffed Bell Pepper, and Stuffed Bell Pepper.');
INSERT INTO "ingredients"("guid","name","dimension") VALUES('b8e931af-e48b-4db2-b59f-c9d81a65c7ac', 'avocado', 'medium') ON CONFLICT (name) DO UPDATE SET name = EXCLUDED.name;
INSERT INTO "recipe_ingredients"("recipe_id","ingredient_id","count") VALUES('ca838c06-30e2-49b8-bd4a-9c0262ba8b8a', 'b8e931af-e48b-4db2-b59f-c9d81a65c7ac', '1.00');
INSERT INTO "ingredients"("guid","name","dimension") VALUES('20a9876f-1d82-4ec6-bbe2-0dee11d999dc', 'bell pepper', '') ON CONFLICT (name) DO UPDATE SET name = EXCLUDED.name;
INSERT INTO "recipe_ingredients"("recipe_id","ingredient_id","count") VALUES('ca838c06-30e2-49b8-bd4a-9c0262ba8b8a', '20a9876f-1d82-4ec6-bbe2-0dee11d999dc', '2.00');
INSERT INTO "ingredients"("guid","name","dimension") VALUES('00ef9f5e-757f-4e7a-8bdd-2d78146a1708', 'cooked chicken breast', '') ON CONFLICT (name) DO UPDATE SET name = EXCLUDED.name;
INSERT INTO "recipe_ingredients"("recipe_id","ingredient_id","count") VALUES('ca838c06-30e2-49b8-bd4a-9c0262ba8b8a', '00ef9f5e-757f-4e7a-8bdd-2d78146a1708', '2.00');
INSERT INTO "ingredients"("guid","name","dimension") VALUES('d7941077-6fc4-4296-a771-e9151b70e7a3', 'chili powder', 'teaspoons') ON CONFLICT (name) DO UPDATE SET name = EXCLUDED.name;
INSERT INTO "recipe_ingredients"("recipe_id","ingredient_id","count") VALUES('ca838c06-30e2-49b8-bd4a-9c0262ba8b8a', 'd7941077-6fc4-4296-a771-e9151b70e7a3', '0.25');
INSERT INTO "ingredients"("guid","name","dimension") VALUES('246b1fe9-2ff9-46fa-941e-12c502a98a40', 'cilantro', 'Tbsps') ON CONFLICT (name) DO UPDATE SET name = EXCLUDED.name;
INSERT INTO "recipe_ingredients"("recipe_id","ingredient_id","count") VALUES('ca838c06-30e2-49b8-bd4a-9c0262ba8b8a', '246b1fe9-2ff9-46fa-941e-12c502a98a40', '2.00');
INSERT INTO "ingredients"("guid","name","dimension") VALUES('f3f6f1ce-3424-4e70-8269-1961d3cf1265', 'cumin', 'teaspoons') ON CONFLICT (name) DO UPDATE SET name = EXCLUDED.name;
INSERT INTO "recipe_ingredients"("recipe_id","ingredient_id","count") VALUES('ca838c06-30e2-49b8-bd4a-9c0262ba8b8a', 'f3f6f1ce-3424-4e70-8269-1961d3cf1265', '0.25');
INSERT INTO "ingredients"("guid","name","dimension") VALUES('1f8b0d3f-8ebb-422e-8c86-7e35dc5e82e2', 'lettuce', 'servings') ON CONFLICT (name) DO UPDATE SET name = EXCLUDED.name;
INSERT INTO "recipe_ingredients"("recipe_id","ingredient_id","count") VALUES('ca838c06-30e2-49b8-bd4a-9c0262ba8b8a', '1f8b0d3f-8ebb-422e-8c86-7e35dc5e82e2', '3.00');
INSERT INTO "ingredients"("guid","name","dimension") VALUES('a2d762b4-94c1-4e3d-86dd-c1c0bb78c2e7', 'cooked quinoa', 'milliliters') ON CONFLICT (name) DO UPDATE SET name = EXCLUDED.name;
INSERT INTO "recipe_ingredients"("recipe_id","ingredient_id","count") VALUES('ca838c06-30e2-49b8-bd4a-9c0262ba8b8a', 'a2d762b4-94c1-4e3d-86dd-c1c0bb78c2e7', '236.59');
INSERT INTO "ingredients"("guid","name","dimension") VALUES('5a1bcf1d-85b7-42a9-9868-7ed25aff006f', 'salsa', 'servings') ON CONFLICT (name) DO UPDATE SET name = EXCLUDED.name;
INSERT INTO "recipe_ingredients"("recipe_id","ingredient_id","count") VALUES('ca838c06-30e2-49b8-bd4a-9c0262ba8b8a', '5a1bcf1d-85b7-42a9-9868-7ed25aff006f', '3.00');
INSERT INTO "ingredients"("guid","name","dimension") VALUES('bd6df831-fb53-48d0-af46-c32ee7488a9b', 'salt and pepper', 'servings') ON CONFLICT (name) DO UPDATE SET name = EXCLUDED.name;
INSERT INTO "recipe_ingredients"("recipe_id","ingredient_id","count") VALUES('ca838c06-30e2-49b8-bd4a-9c0262ba8b8a', 'bd6df831-fb53-48d0-af46-c32ee7488a9b', '3.00');
INSERT INTO "ingredients"("guid","name","dimension") VALUES('e225cbc6-4181-4a1d-9d0c-f554e9fe52d1', 'shredded cheese', 'milliliters') ON CONFLICT (name) DO UPDATE SET name = EXCLUDED.name;
INSERT INTO "recipe_ingredients"("recipe_id","ingredient_id","count") VALUES('ca838c06-30e2-49b8-bd4a-9c0262ba8b8a', 'e225cbc6-4181-4a1d-9d0c-f554e9fe52d1', '236.59');
INSERT INTO "cooking_steps"("guid","recipe_id","order_number","description") VALUES('0bfd965b-9a1d-4167-9abe-c3b703e68ab0', 'ca838c06-30e2-49b8-bd4a-9c0262ba8b8a', '1', 'To get started heat oven to 35');
INSERT INTO "cooking_steps"("guid","recipe_id","order_number","description") VALUES('fefc860c-9d6f-4381-a215-8f76a20cfb23', 'ca838c06-30e2-49b8-bd4a-9c0262ba8b8a', '2', 'Mix salt, pepper, cilantro, cumin, chili powder, and quinoa together and place to the side.');
INSERT INTO "cooking_steps"("guid","recipe_id","order_number","description") VALUES('9f2ea990-d236-4c04-be55-ab2d45d716aa', 'ca838c06-30e2-49b8-bd4a-9c0262ba8b8a', '3', 'Cut the bell pepper in half (if you havent already) and clean out the seeds.');
INSERT INTO "cooking_steps"("guid","recipe_id","order_number","description") VALUES('0c00ff48-0190-40a7-aaa6-6cb7f692683a', 'ca838c06-30e2-49b8-bd4a-9c0262ba8b8a', '4', 'Layer quinoa and then grilled chicken into the pepper, and then top each with cheese.');
INSERT INTO "cooking_steps"("guid","recipe_id","order_number","description") VALUES('47a6bc06-91df-4682-9d1c-053f15838297', 'ca838c06-30e2-49b8-bd4a-9c0262ba8b8a', '5', 'Place in the oven for about 10 minutes until the bell pepper has softened.Chicken Fajita Stuffed Bell Pepper');
INSERT INTO "cooking_steps"("guid","recipe_id","order_number","description") VALUES('d54f2305-f448-48d8-bb7d-ac9165dba23a', 'ca838c06-30e2-49b8-bd4a-9c0262ba8b8a', '6', 'Top with avocado and serve with shredded lettuce and salsa for a complete meal.This is SO GOOD! I love bell peppers, and I love all of these flavors that are married together that make this chicken fajita stuffed bell pepper so amazing. I could seriously just eat the flavored quinoa all by itself.If you are looking for even more delicious and healthy recipes, make sure you head over to the Simple Fit Forty tab under the cooking section of this blog. We have all of our favorite healthy recipes listed for you right there in one spot. You can also drool over out latest on the Simple Fit Forty Instagram page.If you are looking to get healthy and fit, come and join the super secret and awesome Simple Fit Forty Lifestyle community over on Facebook. We would love to have you join!');
INSERT INTO "recipe"("guid","title","description") VALUES('4a76996b-8c64-4a33-973f-0be91c22637c', 'Hummus and Za''atar', 'You can never have too many middl eastern recipes, so give Hummus and Za''atar a try. This recipe serves 4. One portion of this dish contains about 34g of protein, 31g of fat, and a total of 778 calories. For $1.61 per serving, this recipe covers 44% of your daily requirements of vitamins and minerals. If you have chickpeas, olive oil, sea salt, and a few other ingredients on hand, you can make it. It works best as a marinade, and is done in about 45 minutes. It is a good option if you''re following a gluten free, dairy free, lacto ovo vegetarian, and vegan diet. 35 people have made this recipe and would make it again. It is brought to you by foodandspice.blogspot.com. Overall, this recipe earns a great spoonacular score of 98%. Chopped Hummus Dip with Za''atar, Mediterranean Hummus Toast with Za’atar, and Hummus Deviled Eggs with Za’atar {Exercise Challenge} are very similar to this recipe.');
INSERT INTO "ingredients"("guid","name","dimension") VALUES('aab0d1c6-6016-44cf-b52c-b06bafb2e259', 'dried chickpeas', 'milliliters') ON CONFLICT (name) DO UPDATE SET name = EXCLUDED.name;
INSERT INTO "recipe_ingredients"("recipe_id","ingredient_id","count") VALUES('4a76996b-8c64-4a33-973f-0be91c22637c', 'aab0d1c6-6016-44cf-b52c-b06bafb2e259', '709.76');
INSERT INTO "ingredients"("guid","name","dimension") VALUES('3f7a39ce-ed38-4809-aea7-8a046670fb05', 'garlic', 'cloves') ON CONFLICT (name) DO UPDATE SET name = EXCLUDED.name;
INSERT INTO "recipe_ingredients"("recipe_id","ingredient_id","count") VALUES('4a76996b-8c64-4a33-973f-0be91c22637c', '3f7a39ce-ed38-4809-aea7-8a046670fb05', '2.00');
INSERT INTO "ingredients"("guid","name","dimension") VALUES('9310a5ee-a22e-4ea4-b985-7b23c5ff8baa', 'lemon juice', '') ON CONFLICT (name) DO UPDATE SET name = EXCLUDED.name;
INSERT INTO "recipe_ingredients"("recipe_id","ingredient_id","count") VALUES('4a76996b-8c64-4a33-973f-0be91c22637c', '9310a5ee-a22e-4ea4-b985-7b23c5ff8baa', '3.00');
INSERT INTO "ingredients"("guid","name","dimension") VALUES('903d4219-5d08-479e-85f9-3b1719bd0244', 'olive oil', 'Tbsps') ON CONFLICT (name) DO UPDATE SET name = EXCLUDED.name;
INSERT INTO "recipe_ingredients"("recipe_id","ingredient_id","count") VALUES('4a76996b-8c64-4a33-973f-0be91c22637c', '903d4219-5d08-479e-85f9-3b1719bd0244', '2.00');
INSERT INTO "ingredients"("guid","name","dimension") VALUES('460855c9-0450-46df-b20f-71b2ecf50bd9', 'paprika', 'servings') ON CONFLICT (name) DO UPDATE SET name = EXCLUDED.name;
INSERT INTO "recipe_ingredients"("recipe_id","ingredient_id","count") VALUES('4a76996b-8c64-4a33-973f-0be91c22637c', '460855c9-0450-46df-b20f-71b2ecf50bd9', '4.00');
INSERT INTO "ingredients"("guid","name","dimension") VALUES('1330dd74-ead4-4690-9ce5-8e4051ab39f0', 'pine nuts', 'Tbsps') ON CONFLICT (name) DO UPDATE SET name = EXCLUDED.name;
INSERT INTO "recipe_ingredients"("recipe_id","ingredient_id","count") VALUES('4a76996b-8c64-4a33-973f-0be91c22637c', '1330dd74-ead4-4690-9ce5-8e4051ab39f0', '2.00');
INSERT INTO "ingredients"("guid","name","dimension") VALUES('a742c14e-2eb2-41f0-9f10-8ca45400f0ab', 'coarse sea salt', 'teaspoons') ON CONFLICT (name) DO UPDATE SET name = EXCLUDED.name;
INSERT INTO "recipe_ingredients"("recipe_id","ingredient_id","count") VALUES('4a76996b-8c64-4a33-973f-0be91c22637c', 'a742c14e-2eb2-41f0-9f10-8ca45400f0ab', '1.50');
INSERT INTO "ingredients"("guid","name","dimension") VALUES('e9c12bc5-0aac-40ff-ab8b-82ff4b3441f4', 'tahini', 'milliliters') ON CONFLICT (name) DO UPDATE SET name = EXCLUDED.name;
INSERT INTO "recipe_ingredients"("recipe_id","ingredient_id","count") VALUES('4a76996b-8c64-4a33-973f-0be91c22637c', 'e9c12bc5-0aac-40ff-ab8b-82ff4b3441f4', '78.86');
INSERT INTO "ingredients"("guid","name","dimension") VALUES('706ae57d-b7d6-4238-b49a-8dc30f9adcbf', 'zaatar', 'Tbsps') ON CONFLICT (name) DO UPDATE SET name = EXCLUDED.name;
INSERT INTO "recipe_ingredients"("recipe_id","ingredient_id","count") VALUES('4a76996b-8c64-4a33-973f-0be91c22637c', '706ae57d-b7d6-4238-b49a-8dc30f9adcbf', '2.00');
INSERT INTO "cooking_steps"("guid","recipe_id","order_number","description") VALUES('873c71c0-9ce8-42f7-b55a-063b2fec1f22', '4a76996b-8c64-4a33-973f-0be91c22637c', '1', 'Rinse the chickpeas and soak for 8 hours or overnight in several inches of water.');
INSERT INTO "cooking_steps"("guid","recipe_id","order_number","description") VALUES('bd3bdfd3-e29d-4c4e-b073-b65f209092ef', '4a76996b-8c64-4a33-973f-0be91c22637c', '2', 'Drain and rinse, then transfer to a medium saucepan and cover with fresh water. Bring to a boil, reduce heat to medium-low, cover, and simmer for 1 to 1 1/2 hours or until soft.');
INSERT INTO "cooking_steps"("guid","recipe_id","order_number","description") VALUES('b0614d35-3d64-40b7-9395-e5cfb81a7e36', '4a76996b-8c64-4a33-973f-0be91c22637c', '3', 'Drain, reserving the cooking liquid. (If using canned chickpeas, rinse thoroughly.)Meanwhile, toast the pine nuts in a dry unoiled skillet or saucepan over medium-low heat, tossing or stirring frequently, for 10 minutes or until lightly browned.');
INSERT INTO "cooking_steps"("guid","recipe_id","order_number","description") VALUES('997323d0-a76f-4dc9-932d-49d4c1ab7bd0', '4a76996b-8c64-4a33-973f-0be91c22637c', '4', 'Transfer the chickpeas to a food processor and add the pine nuts, 2 tablespoons of olive oil, 1/4 cup of the reserved chickpea cooking liquid (or water if using canned chicpeas), the tahini, garlic, lemon juice and salt. Process until smooth, adding more of the reserved chickpea cooking liquid or water as necessary to reach a light creamy consistency. Taste for seasoning and add more salt or lemon juice as desired.');
INSERT INTO "cooking_steps"("guid","recipe_id","order_number","description") VALUES('9f6a8e9c-2029-427c-a690-3c8a480386d9', '4a76996b-8c64-4a33-973f-0be91c22637c', '5', 'Transfer the hummus to a shallow bowl and drizzle with olive oil.');
INSERT INTO "cooking_steps"("guid","recipe_id","order_number","description") VALUES('2367b5ca-ba5e-4a30-a529-68377d7d46a3', '4a76996b-8c64-4a33-973f-0be91c22637c', '6', 'Sprinkle with za''atar and paprika, and serve with chopped fresh vegetables or toasted pita triangles.Refrigerate leftover hummus for a few days or freeze for up to a month.');
INSERT INTO "recipe"("guid","title","description") VALUES('5a4a576c-da3a-4954-aee2-03ddc9a3925a', 'Easy Homemade Rice and Beans', 'Easy Homemade Rice and Beans is a main course that serves 2. One serving contains 446 calories, 19g of protein, and 4g of fat. For $1.06 per serving, this recipe covers 26% of your daily requirements of vitamins and minerals. A mixture of optional: of hot sauce, canned tomatoes, water, and a handful of other ingredients are all it takes to make this recipe so yummy. This recipe from cooking2perfection.blogspot.com has 471 fans. It is a good option if you''re following a gluten free, dairy free, lacto ovo vegetarian, and vegan diet. From preparation to the plate, this recipe takes around 35 minutes. Overall, this recipe earns a tremendous spoonacular score of 98%. Easy Homemade Rice and Beans, Easy Homemade Rice and Beans, and Easy Homemade Rice and Beans are very similar to this recipe.');
INSERT INTO "ingredients"("guid","name","dimension") VALUES('f5837f7a-4248-4db8-ad50-bf8b1c6868cd', 'canned black beans', 'grams') ON CONFLICT (name) DO UPDATE SET name = EXCLUDED.name;
INSERT INTO "recipe_ingredients"("recipe_id","ingredient_id","count") VALUES('5a4a576c-da3a-4954-aee2-03ddc9a3925a', 'f5837f7a-4248-4db8-ad50-bf8b1c6868cd', '425.24');
INSERT INTO "ingredients"("guid","name","dimension") VALUES('6ad456a6-2c85-4bfe-a807-b32da68350cb', 'canned tomatoes', 'grams') ON CONFLICT (name) DO UPDATE SET name = EXCLUDED.name;
INSERT INTO "recipe_ingredients"("recipe_id","ingredient_id","count") VALUES('5a4a576c-da3a-4954-aee2-03ddc9a3925a', '6ad456a6-2c85-4bfe-a807-b32da68350cb', '283.50');
INSERT INTO "ingredients"("guid","name","dimension") VALUES('d7941077-6fc4-4296-a771-e9151b70e7a3', 'chili powder', 'teaspoons') ON CONFLICT (name) DO UPDATE SET name = EXCLUDED.name;
INSERT INTO "recipe_ingredients"("recipe_id","ingredient_id","count") VALUES('5a4a576c-da3a-4954-aee2-03ddc9a3925a', 'd7941077-6fc4-4296-a771-e9151b70e7a3', '2.00');
INSERT INTO "ingredients"("guid","name","dimension") VALUES('f3f6f1ce-3424-4e70-8269-1961d3cf1265', 'cumin', 'teaspoons') ON CONFLICT (name) DO UPDATE SET name = EXCLUDED.name;
INSERT INTO "recipe_ingredients"("recipe_id","ingredient_id","count") VALUES('5a4a576c-da3a-4954-aee2-03ddc9a3925a', 'f3f6f1ce-3424-4e70-8269-1961d3cf1265', '0.50');
INSERT INTO "ingredients"("guid","name","dimension") VALUES('42f28b03-e136-4fc2-b343-5d16cada339d', 'black pepper', 'teaspoons') ON CONFLICT (name) DO UPDATE SET name = EXCLUDED.name;
INSERT INTO "recipe_ingredients"("recipe_id","ingredient_id","count") VALUES('5a4a576c-da3a-4954-aee2-03ddc9a3925a', '42f28b03-e136-4fc2-b343-5d16cada339d', '0.25');
INSERT INTO "ingredients"("guid","name","dimension") VALUES('ba623ae4-7ec2-4614-a9b2-17013e68f8d5', 'hot sauce', 'dashes') ON CONFLICT (name) DO UPDATE SET name = EXCLUDED.name;
INSERT INTO "recipe_ingredients"("recipe_id","ingredient_id","count") VALUES('5a4a576c-da3a-4954-aee2-03ddc9a3925a', 'ba623ae4-7ec2-4614-a9b2-17013e68f8d5', '4.00');
INSERT INTO "ingredients"("guid","name","dimension") VALUES('903d4219-5d08-479e-85f9-3b1719bd0244', 'olive oil', 'teaspoon') ON CONFLICT (name) DO UPDATE SET name = EXCLUDED.name;
INSERT INTO "recipe_ingredients"("recipe_id","ingredient_id","count") VALUES('5a4a576c-da3a-4954-aee2-03ddc9a3925a', '903d4219-5d08-479e-85f9-3b1719bd0244', '1.00');
INSERT INTO "ingredients"("guid","name","dimension") VALUES('ea4db820-b562-4cff-bc98-bae139a325df', 'onion', 'milliliters') ON CONFLICT (name) DO UPDATE SET name = EXCLUDED.name;
INSERT INTO "recipe_ingredients"("recipe_id","ingredient_id","count") VALUES('5a4a576c-da3a-4954-aee2-03ddc9a3925a', 'ea4db820-b562-4cff-bc98-bae139a325df', '59.15');
INSERT INTO "ingredients"("guid","name","dimension") VALUES('dd588566-cf29-41f4-9412-0ccb23726c59', 'rice', 'milliliters') ON CONFLICT (name) DO UPDATE SET name = EXCLUDED.name;
INSERT INTO "recipe_ingredients"("recipe_id","ingredient_id","count") VALUES('5a4a576c-da3a-4954-aee2-03ddc9a3925a', 'dd588566-cf29-41f4-9412-0ccb23726c59', '118.29');
INSERT INTO "ingredients"("guid","name","dimension") VALUES('faa7c536-494d-46a2-8bfc-649cb208f1d0', 'water', 'Tbsps') ON CONFLICT (name) DO UPDATE SET name = EXCLUDED.name;
INSERT INTO "recipe_ingredients"("recipe_id","ingredient_id","count") VALUES('5a4a576c-da3a-4954-aee2-03ddc9a3925a', 'faa7c536-494d-46a2-8bfc-649cb208f1d0', '3.00');
INSERT INTO "cooking_steps"("guid","recipe_id","order_number","description") VALUES('6545d665-5147-479e-a8d4-4a466908b057', '5a4a576c-da3a-4954-aee2-03ddc9a3925a', '1', 'Heat the olive oil in a large pot over medium heat.');
INSERT INTO "cooking_steps"("guid","recipe_id","order_number","description") VALUES('afc0723b-2a26-4d56-8c23-bbc5953d1f5d', '5a4a576c-da3a-4954-aee2-03ddc9a3925a', '2', 'Add onions and saute until soft, or for about 5 minutes.');
INSERT INTO "cooking_steps"("guid","recipe_id","order_number","description") VALUES('bc1ad4f7-0f75-451a-a55d-f80a6b1b6b20', '5a4a576c-da3a-4954-aee2-03ddc9a3925a', '3', 'Add all other remaining ingredients and stir together. Increase the heat to medium high and bring to a boil. Cover and reduce heat to medium low so that the mixture simmers. Cook for 15-20 minutes, or until rice is fluffy and liquid is absorbed.*');
INSERT INTO "cooking_steps"("guid","recipe_id","order_number","description") VALUES('f3dad93a-4dbb-4250-a223-3271432ff30d', '5a4a576c-da3a-4954-aee2-03ddc9a3925a', '4', 'Serve with salsa, cheese, and sour cream.');
INSERT INTO "recipe"("guid","title","description") VALUES('b7c8950a-384b-493c-b1ba-fa7344c702e7', 'Tuscan White Bean Soup with Olive Oil and Rosemary', 'Tuscan White Bean Soup with Olive Oil and Rosemary is a gluten free, dairy free, lacto ovo vegetarian, and vegan recipe with 6 servings. This main course has 242 calories, 16g of protein, and 1g of fat per serving. For 50 cents per serving, this recipe covers 19% of your daily requirements of vitamins and minerals. It will be a hit at your Autumn event. 22 people found this recipe to be tasty and satisfying. Head to the store and pick up olive oil, rosemary, garlic, and a few other things to make it today. It is brought to you by Foodista. From preparation to the plate, this recipe takes roughly 45 minutes. With a spoonacular score of 79%, this dish is good. If you like this recipe, take a look at these similar recipes: White Bean Soup with Pastan and Rosemary Oil Drizzle, Tuscan White Bean and Fennel Stew With Orange and Rosemary, and Tuscan White Bean Soup.');
INSERT INTO "ingredients"("guid","name","dimension") VALUES('ab4bbbfe-d0a7-4d6e-81af-b18cade85f3c', 'bay leaves', '') ON CONFLICT (name) DO UPDATE SET name = EXCLUDED.name;
INSERT INTO "recipe_ingredients"("recipe_id","ingredient_id","count") VALUES('b7c8950a-384b-493c-b1ba-fa7344c702e7', 'ab4bbbfe-d0a7-4d6e-81af-b18cade85f3c', '1.00');
INSERT INTO "ingredients"("guid","name","dimension") VALUES('87795fc8-10bb-497d-9328-807120f57416', 'fresh rosemary', 'Tbsp') ON CONFLICT (name) DO UPDATE SET name = EXCLUDED.name;
INSERT INTO "recipe_ingredients"("recipe_id","ingredient_id","count") VALUES('b7c8950a-384b-493c-b1ba-fa7344c702e7', '87795fc8-10bb-497d-9328-807120f57416', '1.00');
INSERT INTO "ingredients"("guid","name","dimension") VALUES('3f7a39ce-ed38-4809-aea7-8a046670fb05', 'garlic', 'cloves') ON CONFLICT (name) DO UPDATE SET name = EXCLUDED.name;
INSERT INTO "recipe_ingredients"("recipe_id","ingredient_id","count") VALUES('b7c8950a-384b-493c-b1ba-fa7344c702e7', '3f7a39ce-ed38-4809-aea7-8a046670fb05', '6.00');
INSERT INTO "ingredients"("guid","name","dimension") VALUES('903d4219-5d08-479e-85f9-3b1719bd0244', 'olive oil', 'teaspoon') ON CONFLICT (name) DO UPDATE SET name = EXCLUDED.name;
INSERT INTO "recipe_ingredients"("recipe_id","ingredient_id","count") VALUES('b7c8950a-384b-493c-b1ba-fa7344c702e7', '903d4219-5d08-479e-85f9-3b1719bd0244', '1.00');
INSERT INTO "ingredients"("guid","name","dimension") VALUES('ea4db820-b562-4cff-bc98-bae139a325df', 'onion', 'medium') ON CONFLICT (name) DO UPDATE SET name = EXCLUDED.name;
INSERT INTO "recipe_ingredients"("recipe_id","ingredient_id","count") VALUES('b7c8950a-384b-493c-b1ba-fa7344c702e7', 'ea4db820-b562-4cff-bc98-bae139a325df', '1.00');
INSERT INTO "ingredients"("guid","name","dimension") VALUES('9d2c9ee9-fe26-4970-a0f6-256bcee3f2c3', 'table salt', 'servings') ON CONFLICT (name) DO UPDATE SET name = EXCLUDED.name;
INSERT INTO "recipe_ingredients"("recipe_id","ingredient_id","count") VALUES('b7c8950a-384b-493c-b1ba-fa7344c702e7', '9d2c9ee9-fe26-4970-a0f6-256bcee3f2c3', '6.00');
INSERT INTO "ingredients"("guid","name","dimension") VALUES('faa7c536-494d-46a2-8bfc-649cb208f1d0', 'water', 'Tbsps') ON CONFLICT (name) DO UPDATE SET name = EXCLUDED.name;
INSERT INTO "recipe_ingredients"("recipe_id","ingredient_id","count") VALUES('b7c8950a-384b-493c-b1ba-fa7344c702e7', 'faa7c536-494d-46a2-8bfc-649cb208f1d0', '2.00');
INSERT INTO "ingredients"("guid","name","dimension") VALUES('263aa43e-a0e6-4239-812d-509e9f61f8fe', 'dried white beans', 'milliliters') ON CONFLICT (name) DO UPDATE SET name = EXCLUDED.name;
INSERT INTO "recipe_ingredients"("recipe_id","ingredient_id","count") VALUES('b7c8950a-384b-493c-b1ba-fa7344c702e7', '263aa43e-a0e6-4239-812d-509e9f61f8fe', '473.18');
INSERT INTO "cooking_steps"("guid","recipe_id","order_number","description") VALUES('31dceda7-43fa-476f-88c3-42036811b684', 'b7c8950a-384b-493c-b1ba-fa7344c702e7', '1', 'Rinse the beans thoroughly and place them in a 7-quart slow cooker along with the water, onion, garlic, and bay leaf. Cover and cook on LOW for about 8 hours, or until the beans are nice and tender.');
INSERT INTO "cooking_steps"("guid","recipe_id","order_number","description") VALUES('4d7b29e1-e96a-47db-9ca3-89df9e85e91f', 'b7c8950a-384b-493c-b1ba-fa7344c702e7', '2', 'Remove the bay leaf. Using a handheld immersion blender, puree the remaining ingredients to the desired texture.');
INSERT INTO "cooking_steps"("guid","recipe_id","order_number","description") VALUES('d8e9cf21-8e1e-45b1-97e8-c109d997b252', 'b7c8950a-384b-493c-b1ba-fa7344c702e7', '3', 'Add the salt to taste.Ladle the soup into bowls.');
INSERT INTO "cooking_steps"("guid","recipe_id","order_number","description") VALUES('d3539f0a-2638-450a-b1bc-8c746896c0b1', 'b7c8950a-384b-493c-b1ba-fa7344c702e7', '4', 'Drizzle with the olive oil, sprinkle with rosemary, and serve.');
INSERT INTO "recipe"("guid","title","description") VALUES('f20676d9-ef24-48c4-a1ff-4a84b827f65d', 'Crunchy Brussels Sprouts Side Dish', 'The recipe Crunchy Brussels Sprouts Side Dish can be made in about 30 minutes. For $1.69 per serving, you get a side dish that serves 4. One serving contains 232 calories, 8g of protein, and 16g of fat. This recipe is liked by 26 foodies and cooks. It is brought to you by Foodista. A mixture of red wine vinegar, walnuts, dijon mustard, and a handful of other ingredients are all it takes to make this recipe so yummy. It is a good option if you''re following a gluten free, dairy free, paleolithic, and lacto ovo vegetarian diet. All things considered, we decided this recipe deserves a spoonacular score of 98%. This score is spectacular. Similar recipes include Side Dish Sundays: Cacio e Pepe Brussels Sprouts, Easy Side Dish – Roasted Brussels Sprouts and Grapes, and Side Dish Sundays: Cacio e Pepe Brussels Sprouts.');
INSERT INTO "ingredients"("guid","name","dimension") VALUES('42f28b03-e136-4fc2-b343-5d16cada339d', 'black pepper', 'teaspoons') ON CONFLICT (name) DO UPDATE SET name = EXCLUDED.name;
INSERT INTO "recipe_ingredients"("recipe_id","ingredient_id","count") VALUES('f20676d9-ef24-48c4-a1ff-4a84b827f65d', '42f28b03-e136-4fc2-b343-5d16cada339d', '0.25');
INSERT INTO "ingredients"("guid","name","dimension") VALUES('d6924203-c1e8-41f0-8feb-d43d91e228b8', 'brussels sprouts', 'grams') ON CONFLICT (name) DO UPDATE SET name = EXCLUDED.name;
INSERT INTO "recipe_ingredients"("recipe_id","ingredient_id","count") VALUES('f20676d9-ef24-48c4-a1ff-4a84b827f65d', 'd6924203-c1e8-41f0-8feb-d43d91e228b8', '800.00');
INSERT INTO "ingredients"("guid","name","dimension") VALUES('450ea6f5-e6ff-4e72-8365-7c4d9799aab3', 'dijon mustard', 'teaspoon') ON CONFLICT (name) DO UPDATE SET name = EXCLUDED.name;
INSERT INTO "recipe_ingredients"("recipe_id","ingredient_id","count") VALUES('f20676d9-ef24-48c4-a1ff-4a84b827f65d', '450ea6f5-e6ff-4e72-8365-7c4d9799aab3', '1.00');
INSERT INTO "ingredients"("guid","name","dimension") VALUES('6a1e491d-f501-41ab-bc0b-5b8b68ed311e', 'honey', 'teaspoons') ON CONFLICT (name) DO UPDATE SET name = EXCLUDED.name;
INSERT INTO "recipe_ingredients"("recipe_id","ingredient_id","count") VALUES('f20676d9-ef24-48c4-a1ff-4a84b827f65d', '6a1e491d-f501-41ab-bc0b-5b8b68ed311e', '0.50');
INSERT INTO "ingredients"("guid","name","dimension") VALUES('903d4219-5d08-479e-85f9-3b1719bd0244', 'olive oil', 'Tbs') ON CONFLICT (name) DO UPDATE SET name = EXCLUDED.name;
INSERT INTO "recipe_ingredients"("recipe_id","ingredient_id","count") VALUES('f20676d9-ef24-48c4-a1ff-4a84b827f65d', '903d4219-5d08-479e-85f9-3b1719bd0244', '3.00');
INSERT INTO "ingredients"("guid","name","dimension") VALUES('b7c16c48-e7ae-45c6-a35e-9e7e4f5f9389', 'red wine vinegar', 'Tbs') ON CONFLICT (name) DO UPDATE SET name = EXCLUDED.name;
INSERT INTO "recipe_ingredients"("recipe_id","ingredient_id","count") VALUES('f20676d9-ef24-48c4-a1ff-4a84b827f65d', 'b7c16c48-e7ae-45c6-a35e-9e7e4f5f9389', '2.00');
INSERT INTO "ingredients"("guid","name","dimension") VALUES('4ecca635-f2fd-49b5-a1a5-812f23696465', 'walnuts', 'milliliters') ON CONFLICT (name) DO UPDATE SET name = EXCLUDED.name;
INSERT INTO "recipe_ingredients"("recipe_id","ingredient_id","count") VALUES('f20676d9-ef24-48c4-a1ff-4a84b827f65d', '4ecca635-f2fd-49b5-a1a5-812f23696465', '59.15');
INSERT INTO "cooking_steps"("guid","recipe_id","order_number","description") VALUES('787cd9cf-2cdc-46e2-bdf7-016119ff99a4', 'f20676d9-ef24-48c4-a1ff-4a84b827f65d', '1', 'Blanch the Brussels sprouts in boiling water for 6-8 minutes or in a microwave oven in a little water for about 4 minutes.');
INSERT INTO "cooking_steps"("guid","recipe_id","order_number","description") VALUES('f7ca16a7-434d-48ab-8756-aff5d82664ee', 'f20676d9-ef24-48c4-a1ff-4a84b827f65d', '2', 'Drain.');
INSERT INTO "cooking_steps"("guid","recipe_id","order_number","description") VALUES('f2d775a4-4ed5-456f-9407-c9992a55cb95', 'f20676d9-ef24-48c4-a1ff-4a84b827f65d', '3', 'Saute the Brussels sprouts, stirring constantly, until they become golden-brown in color.Meanwhile mix the vinegar, mustard, honey and olive oil.');
INSERT INTO "cooking_steps"("guid","recipe_id","order_number","description") VALUES('89b63fba-54f4-480b-b484-4c2ae48dcfde', 'f20676d9-ef24-48c4-a1ff-4a84b827f65d', '4', 'Add walnuts to the sprouts, stir and combine.');
INSERT INTO "cooking_steps"("guid","recipe_id","order_number","description") VALUES('30918a99-fbc1-4a41-af60-c2affcb6f71e', 'f20676d9-ef24-48c4-a1ff-4a84b827f65d', '5', 'Pour the vinegar dressing over the sprouts, season with pepper.');
INSERT INTO "cooking_steps"("guid","recipe_id","order_number","description") VALUES('1dc81a79-e0b5-49fa-a314-c227f8102881', 'f20676d9-ef24-48c4-a1ff-4a84b827f65d', '6', 'Mix and combine so that each sprout is covered with the dressing.');
INSERT INTO "cooking_steps"("guid","recipe_id","order_number","description") VALUES('3bcc7c55-b970-4f09-a236-f707173400d2', 'f20676d9-ef24-48c4-a1ff-4a84b827f65d', '7', 'Serve warm or cold as a side dish.');
INSERT INTO "recipe"("guid","title","description") VALUES('82d7e435-c8ca-44e5-9c6c-ee2d077e9b4a', 'Turkey Tomato Cheese Pizza', 'Turkey Tomato Cheese Pizza might be just the Mediterranean recipe you are searching for. For $1.84 per serving, this recipe covers 23% of your daily requirements of vitamins and minerals. This hor d''oeuvre has 221 calories, 10g of protein, and 8g of fat per serving. This recipe serves 6. Head to the store and pick up bell pepper, parsley, onion, and a few other things to make it today. This recipe from Pink When has 910 fans. From preparation to the plate, this recipe takes around 15 minutes. All things considered, we decided this recipe deserves a spoonacular score of 97%. This score is outstanding. Users who liked this recipe also liked Turkey Tomato Pizza, Tomato Cheese Pizza, and Cheese & Tomato Pizza.');
INSERT INTO "ingredients"("guid","name","dimension") VALUES('1b7649ca-bc44-4602-87b8-9885d114543e', 'green pepper', 'servings') ON CONFLICT (name) DO UPDATE SET name = EXCLUDED.name;
INSERT INTO "recipe_ingredients"("recipe_id","ingredient_id","count") VALUES('82d7e435-c8ca-44e5-9c6c-ee2d077e9b4a', '1b7649ca-bc44-4602-87b8-9885d114543e', '6.00');
INSERT INTO "ingredients"("guid","name","dimension") VALUES('27c079a0-03ea-45db-a14e-9df91e41d93d', 'parsley', 'servings') ON CONFLICT (name) DO UPDATE SET name = EXCLUDED.name;
INSERT INTO "recipe_ingredients"("recipe_id","ingredient_id","count") VALUES('82d7e435-c8ca-44e5-9c6c-ee2d077e9b4a', '27c079a0-03ea-45db-a14e-9df91e41d93d', '6.00');
INSERT INTO "ingredients"("guid","name","dimension") VALUES('20a9876f-1d82-4ec6-bbe2-0dee11d999dc', 'bell pepper', 'servings') ON CONFLICT (name) DO UPDATE SET name = EXCLUDED.name;
INSERT INTO "recipe_ingredients"("recipe_id","ingredient_id","count") VALUES('82d7e435-c8ca-44e5-9c6c-ee2d077e9b4a', '20a9876f-1d82-4ec6-bbe2-0dee11d999dc', '6.00');
INSERT INTO "ingredients"("guid","name","dimension") VALUES('3f53fdb0-d5aa-4368-8acb-0d60c2a6d749', 'refrigerated pie crust', 'servings') ON CONFLICT (name) DO UPDATE SET name = EXCLUDED.name;
INSERT INTO "recipe_ingredients"("recipe_id","ingredient_id","count") VALUES('82d7e435-c8ca-44e5-9c6c-ee2d077e9b4a', '3f53fdb0-d5aa-4368-8acb-0d60c2a6d749', '6.00');
INSERT INTO "ingredients"("guid","name","dimension") VALUES('a2b7a3af-85e0-46dd-b874-12b09f0c7e2f', 'italian tomato', 'servings') ON CONFLICT (name) DO UPDATE SET name = EXCLUDED.name;
INSERT INTO "recipe_ingredients"("recipe_id","ingredient_id","count") VALUES('82d7e435-c8ca-44e5-9c6c-ee2d077e9b4a', 'a2b7a3af-85e0-46dd-b874-12b09f0c7e2f', '6.00');
INSERT INTO "ingredients"("guid","name","dimension") VALUES('887a9016-1976-4a9a-83d0-bb78c3c6cab4', 'cheese', 'grams') ON CONFLICT (name) DO UPDATE SET name = EXCLUDED.name;
INSERT INTO "recipe_ingredients"("recipe_id","ingredient_id","count") VALUES('82d7e435-c8ca-44e5-9c6c-ee2d077e9b4a', '887a9016-1976-4a9a-83d0-bb78c3c6cab4', '28.35');
INSERT INTO "ingredients"("guid","name","dimension") VALUES('7f18508e-8128-4743-925e-693bc8e1f6e3', 'canned tomato sauce', 'servings') ON CONFLICT (name) DO UPDATE SET name = EXCLUDED.name;
INSERT INTO "recipe_ingredients"("recipe_id","ingredient_id","count") VALUES('82d7e435-c8ca-44e5-9c6c-ee2d077e9b4a', '7f18508e-8128-4743-925e-693bc8e1f6e3', '6.00');
INSERT INTO "ingredients"("guid","name","dimension") VALUES('097df4a9-e9ba-454a-948a-38eb97145b3a', 'boneless turkey breast', 'milliliters') ON CONFLICT (name) DO UPDATE SET name = EXCLUDED.name;
INSERT INTO "recipe_ingredients"("recipe_id","ingredient_id","count") VALUES('82d7e435-c8ca-44e5-9c6c-ee2d077e9b4a', '097df4a9-e9ba-454a-948a-38eb97145b3a', '118.29');
INSERT INTO "ingredients"("guid","name","dimension") VALUES('1a68c1bc-3082-4842-adb7-7a1db2d24443', 'white onion', 'servings') ON CONFLICT (name) DO UPDATE SET name = EXCLUDED.name;
INSERT INTO "recipe_ingredients"("recipe_id","ingredient_id","count") VALUES('82d7e435-c8ca-44e5-9c6c-ee2d077e9b4a', '1a68c1bc-3082-4842-adb7-7a1db2d24443', '6.00');
INSERT INTO "cooking_steps"("guid","recipe_id","order_number","description") VALUES('537552ca-6553-428e-818a-95749aa54537', '82d7e435-c8ca-44e5-9c6c-ee2d077e9b4a', '1', 'Heat up your grill to 450 degrees.Start off with your whole wheat crust and spread the tomato sauce evenly over the top.');
INSERT INTO "cooking_steps"("guid","recipe_id","order_number","description") VALUES('2f3fe84e-42df-4b43-8657-4a9c91f696b7', '82d7e435-c8ca-44e5-9c6c-ee2d077e9b4a', '2', 'Add a little cheese, bell pepper, onion, turkey and create a layer.Top with another layer of cheese, turkey, tomato, bell pepper, onion.');
INSERT INTO "cooking_steps"("guid","recipe_id","order_number","description") VALUES('0a445ab7-ae3f-4a14-9dfe-d80e7b8cab45', '82d7e435-c8ca-44e5-9c6c-ee2d077e9b4a', '3', 'Add another layer of cheese, and then sprinkle with pepper.');
INSERT INTO "cooking_steps"("guid","recipe_id","order_number","description") VALUES('100020a4-8074-487f-91ca-7c72272d6666', '82d7e435-c8ca-44e5-9c6c-ee2d077e9b4a', '4', 'Place the pizza on a ceramic grill plate and place into the grill.Grill for 6-10 minutes, or until cooked as desired.Slice, and serve immediately.');
INSERT INTO "recipe"("guid","title","description") VALUES('ed06bba9-401f-4f70-993b-ae8979188840', 'Broccoli and Chickpea Rice Salad', 'Broccoli and Chickpea Rice Salad takes roughly 45 minutes from beginning to end. Watching your figure? This gluten free, dairy free, lacto ovo vegetarian, and vegan recipe has 355 calories, 15g of protein, and 10g of fat per serving. This recipe serves 6. For $1.13 per serving, this recipe covers 30% of your daily requirements of vitamins and minerals. It works well as a main course. 44 people were glad they tried this recipe. It is brought to you by foodandspice.blogspot.com. A mixture of ground pepper, broccoli florets, olive oil, and a handful of other ingredients are all it takes to make this recipe so tasty. With a spoonacular score of 99%, this dish is tremendous. If you like this recipe, take a look at these similar recipes: Broccoli and Chickpea Rice Salad, Broccoli and Chickpea Rice Salad, and Broccoli and Chickpea Rice Salad.');
INSERT INTO "ingredients"("guid","name","dimension") VALUES('1a08842a-71d6-46f0-926d-cd676c4e2831', 'sliced almonds', 'milliliters') ON CONFLICT (name) DO UPDATE SET name = EXCLUDED.name;
INSERT INTO "recipe_ingredients"("recipe_id","ingredient_id","count") VALUES('ed06bba9-401f-4f70-993b-ae8979188840', '1a08842a-71d6-46f0-926d-cd676c4e2831', '59.15');
INSERT INTO "ingredients"("guid","name","dimension") VALUES('3921781d-cce1-43ff-89bd-b9ab794ee5e1', 'broccoli florets', 'milliliters') ON CONFLICT (name) DO UPDATE SET name = EXCLUDED.name;
INSERT INTO "recipe_ingredients"("recipe_id","ingredient_id","count") VALUES('ed06bba9-401f-4f70-993b-ae8979188840', '3921781d-cce1-43ff-89bd-b9ab794ee5e1', '946.35');
INSERT INTO "ingredients"("guid","name","dimension") VALUES('a1165689-fafc-4ad3-b543-e509ef2a1178', 'cooked brown rice', 'milliliters') ON CONFLICT (name) DO UPDATE SET name = EXCLUDED.name;
INSERT INTO "recipe_ingredients"("recipe_id","ingredient_id","count") VALUES('ed06bba9-401f-4f70-993b-ae8979188840', 'a1165689-fafc-4ad3-b543-e509ef2a1178', '473.18');
INSERT INTO "ingredients"("guid","name","dimension") VALUES('450ea6f5-e6ff-4e72-8365-7c4d9799aab3', 'dijon mustard', 'Tbsps') ON CONFLICT (name) DO UPDATE SET name = EXCLUDED.name;
INSERT INTO "recipe_ingredients"("recipe_id","ingredient_id","count") VALUES('ed06bba9-401f-4f70-993b-ae8979188840', '450ea6f5-e6ff-4e72-8365-7c4d9799aab3', '2.00');
INSERT INTO "ingredients"("guid","name","dimension") VALUES('aab0d1c6-6016-44cf-b52c-b06bafb2e259', 'dried chickpeas', 'milliliters') ON CONFLICT (name) DO UPDATE SET name = EXCLUDED.name;
INSERT INTO "recipe_ingredients"("recipe_id","ingredient_id","count") VALUES('ed06bba9-401f-4f70-993b-ae8979188840', 'aab0d1c6-6016-44cf-b52c-b06bafb2e259', '354.88');
INSERT INTO "ingredients"("guid","name","dimension") VALUES('246b1fe9-2ff9-46fa-941e-12c502a98a40', 'cilantro', 'milliliters') ON CONFLICT (name) DO UPDATE SET name = EXCLUDED.name;
INSERT INTO "recipe_ingredients"("recipe_id","ingredient_id","count") VALUES('ed06bba9-401f-4f70-993b-ae8979188840', '246b1fe9-2ff9-46fa-941e-12c502a98a40', '59.15');
INSERT INTO "ingredients"("guid","name","dimension") VALUES('3f7a39ce-ed38-4809-aea7-8a046670fb05', 'garlic', 'clove') ON CONFLICT (name) DO UPDATE SET name = EXCLUDED.name;
INSERT INTO "recipe_ingredients"("recipe_id","ingredient_id","count") VALUES('ed06bba9-401f-4f70-993b-ae8979188840', '3f7a39ce-ed38-4809-aea7-8a046670fb05', '1.00');
INSERT INTO "ingredients"("guid","name","dimension") VALUES('bae5d8c1-26a3-4c71-a5c6-226558e8047f', 'spring onions', '') ON CONFLICT (name) DO UPDATE SET name = EXCLUDED.name;
INSERT INTO "recipe_ingredients"("recipe_id","ingredient_id","count") VALUES('ed06bba9-401f-4f70-993b-ae8979188840', 'bae5d8c1-26a3-4c71-a5c6-226558e8047f', '2.00');
INSERT INTO "ingredients"("guid","name","dimension") VALUES('42f28b03-e136-4fc2-b343-5d16cada339d', 'black pepper', 'servings') ON CONFLICT (name) DO UPDATE SET name = EXCLUDED.name;
INSERT INTO "recipe_ingredients"("recipe_id","ingredient_id","count") VALUES('ed06bba9-401f-4f70-993b-ae8979188840', '42f28b03-e136-4fc2-b343-5d16cada339d', '6.00');
INSERT INTO "ingredients"("guid","name","dimension") VALUES('9310a5ee-a22e-4ea4-b985-7b23c5ff8baa', 'lemon juice', '') ON CONFLICT (name) DO UPDATE SET name = EXCLUDED.name;
INSERT INTO "recipe_ingredients"("recipe_id","ingredient_id","count") VALUES('ed06bba9-401f-4f70-993b-ae8979188840', '9310a5ee-a22e-4ea4-b985-7b23c5ff8baa', '1.50');
INSERT INTO "ingredients"("guid","name","dimension") VALUES('903d4219-5d08-479e-85f9-3b1719bd0244', 'olive oil', 'Tbsp') ON CONFLICT (name) DO UPDATE SET name = EXCLUDED.name;
INSERT INTO "recipe_ingredients"("recipe_id","ingredient_id","count") VALUES('ed06bba9-401f-4f70-993b-ae8979188840', '903d4219-5d08-479e-85f9-3b1719bd0244', '1.00');
INSERT INTO "ingredients"("guid","name","dimension") VALUES('903d4219-5d08-479e-85f9-3b1719bd0244', 'olive oil', 'teaspoons') ON CONFLICT (name) DO UPDATE SET name = EXCLUDED.name;
INSERT INTO "recipe_ingredients"("recipe_id","ingredient_id","count") VALUES('ed06bba9-401f-4f70-993b-ae8979188840', '903d4219-5d08-479e-85f9-3b1719bd0244', '2.00');
INSERT INTO "ingredients"("guid","name","dimension") VALUES('aa1401a2-2710-4b93-a41c-c52137c4d6d1', 'pineapple juice', '') ON CONFLICT (name) DO UPDATE SET name = EXCLUDED.name;
INSERT INTO "recipe_ingredients"("recipe_id","ingredient_id","count") VALUES('ed06bba9-401f-4f70-993b-ae8979188840', 'aa1401a2-2710-4b93-a41c-c52137c4d6d1', '2.00');
INSERT INTO "ingredients"("guid","name","dimension") VALUES('415892c8-6c5f-42ad-9008-6f51537c2293', 'red pepper flakes', 'teaspoons') ON CONFLICT (name) DO UPDATE SET name = EXCLUDED.name;
INSERT INTO "recipe_ingredients"("recipe_id","ingredient_id","count") VALUES('ed06bba9-401f-4f70-993b-ae8979188840', '415892c8-6c5f-42ad-9008-6f51537c2293', '0.50');
INSERT INTO "ingredients"("guid","name","dimension") VALUES('a742c14e-2eb2-41f0-9f10-8ca45400f0ab', 'coarse sea salt', 'teaspoons') ON CONFLICT (name) DO UPDATE SET name = EXCLUDED.name;
INSERT INTO "recipe_ingredients"("recipe_id","ingredient_id","count") VALUES('ed06bba9-401f-4f70-993b-ae8979188840', 'a742c14e-2eb2-41f0-9f10-8ca45400f0ab', '1.50');
INSERT INTO "ingredients"("guid","name","dimension") VALUES('1bfb1244-fc54-4c76-b5d0-a08c2d4a3f73', 'sun dried tomatoes', 'milliliters') ON CONFLICT (name) DO UPDATE SET name = EXCLUDED.name;
INSERT INTO "recipe_ingredients"("recipe_id","ingredient_id","count") VALUES('ed06bba9-401f-4f70-993b-ae8979188840', '1bfb1244-fc54-4c76-b5d0-a08c2d4a3f73', '78.86');
INSERT INTO "ingredients"("guid","name","dimension") VALUES('8d89bbb2-a283-4ad6-a1b4-3f227411bc72', 'tamari', 'teaspoons') ON CONFLICT (name) DO UPDATE SET name = EXCLUDED.name;
INSERT INTO "recipe_ingredients"("recipe_id","ingredient_id","count") VALUES('ed06bba9-401f-4f70-993b-ae8979188840', '8d89bbb2-a283-4ad6-a1b4-3f227411bc72', '2.00');
INSERT INTO "cooking_steps"("guid","recipe_id","order_number","description") VALUES('1f8cf5fb-68b3-4985-853c-d1be8b69f488', 'ed06bba9-401f-4f70-993b-ae8979188840', '1', 'In a large skillet, heat the oil over medium heat.');
INSERT INTO "cooking_steps"("guid","recipe_id","order_number","description") VALUES('cafccd0d-11fa-4ffd-a1bb-c2eb41761882', 'ed06bba9-401f-4f70-993b-ae8979188840', '2', 'Add the broccoli, stir well, and cover. Cook, stirring often, until the broccoli is tender.');
INSERT INTO "cooking_steps"("guid","recipe_id","order_number","description") VALUES('1f7786f5-9bcb-463d-8d4f-dcae060df814', 'ed06bba9-401f-4f70-993b-ae8979188840', '3', 'Add the broccoli to a large bowl, along with the remaining salad ingredients.To make the dressing, whisk together all of the dressing ingredients in a small bowl.');
INSERT INTO "cooking_steps"("guid","recipe_id","order_number","description") VALUES('7aa57043-3cdd-4b18-89bd-f6ac54cb59c1', 'ed06bba9-401f-4f70-993b-ae8979188840', '4', 'Pour the dressing over the salad and toss well to coat evenly. Taste for seasoning and serve.');
INSERT INTO "recipe"("guid","title","description") VALUES('e1e94e69-c546-418a-bad1-6080775294f0', 'Nigerian Snail Stew', 'Need a gluten free, dairy free, and whole 30 main course? Nigerian Snail Stew could be a tremendous recipe to try. This recipe serves 1 and costs $9.1 per serving. One serving contains 358 calories, 24g of protein, and 5g of fat. 361 person have made this recipe and would make it again. It will be a hit at your Autumn event. A mixture of scotch bonnet peppers, bell pepper, tomatoes, and a handful of other ingredients are all it takes to make this recipe so tasty. It is brought to you by Afrolems. From preparation to the plate, this recipe takes roughly 45 minutes. All things considered, we decided this recipe deserves a spoonacular score of 99%. This score is super. Nigerian Kidney Bean Stew With a Peanut Sauce, Little Snail Rolls, and Maple Snail Cookies are very similar to this recipe.');
INSERT INTO "ingredients"("guid","name","dimension") VALUES('d7941077-6fc4-4296-a771-e9151b70e7a3', 'chili powder', 'teaspoon') ON CONFLICT (name) DO UPDATE SET name = EXCLUDED.name;
INSERT INTO "recipe_ingredients"("recipe_id","ingredient_id","count") VALUES('e1e94e69-c546-418a-bad1-6080775294f0', 'd7941077-6fc4-4296-a771-e9151b70e7a3', '1.00');
INSERT INTO "ingredients"("guid","name","dimension") VALUES('3f7a39ce-ed38-4809-aea7-8a046670fb05', 'garlic', 'cloves') ON CONFLICT (name) DO UPDATE SET name = EXCLUDED.name;
INSERT INTO "recipe_ingredients"("recipe_id","ingredient_id","count") VALUES('e1e94e69-c546-418a-bad1-6080775294f0', '3f7a39ce-ed38-4809-aea7-8a046670fb05', '2.00');
INSERT INTO "ingredients"("guid","name","dimension") VALUES('1a5ce7c5-425e-49a8-a514-98fb41cc31c5', 'diced ham', 'serving') ON CONFLICT (name) DO UPDATE SET name = EXCLUDED.name;
INSERT INTO "recipe_ingredients"("recipe_id","ingredient_id","count") VALUES('e1e94e69-c546-418a-bad1-6080775294f0', '1a5ce7c5-425e-49a8-a514-98fb41cc31c5', '1.00');
INSERT INTO "ingredients"("guid","name","dimension") VALUES('87841902-5f65-4ee3-bbc0-4be4a3490231', 'lime', '') ON CONFLICT (name) DO UPDATE SET name = EXCLUDED.name;
INSERT INTO "recipe_ingredients"("recipe_id","ingredient_id","count") VALUES('e1e94e69-c546-418a-bad1-6080775294f0', '87841902-5f65-4ee3-bbc0-4be4a3490231', '3.00');
INSERT INTO "ingredients"("guid","name","dimension") VALUES('9ac231c6-e619-4f8c-a5c1-05c6f8a4e2f5', 'red pepper', '') ON CONFLICT (name) DO UPDATE SET name = EXCLUDED.name;
INSERT INTO "recipe_ingredients"("recipe_id","ingredient_id","count") VALUES('e1e94e69-c546-418a-bad1-6080775294f0', '9ac231c6-e619-4f8c-a5c1-05c6f8a4e2f5', '1.00');
INSERT INTO "ingredients"("guid","name","dimension") VALUES('07ee04d6-0ddb-4b7d-9cce-84b109d78c35', 'red onion', 'large') ON CONFLICT (name) DO UPDATE SET name = EXCLUDED.name;
INSERT INTO "recipe_ingredients"("recipe_id","ingredient_id","count") VALUES('e1e94e69-c546-418a-bad1-6080775294f0', '07ee04d6-0ddb-4b7d-9cce-84b109d78c35', '1.00');
INSERT INTO "ingredients"("guid","name","dimension") VALUES('9d2c9ee9-fe26-4970-a0f6-256bcee3f2c3', 'table salt', 'Tbsps') ON CONFLICT (name) DO UPDATE SET name = EXCLUDED.name;
INSERT INTO "recipe_ingredients"("recipe_id","ingredient_id","count") VALUES('e1e94e69-c546-418a-bad1-6080775294f0', '9d2c9ee9-fe26-4970-a0f6-256bcee3f2c3', '2.00');
INSERT INTO "ingredients"("guid","name","dimension") VALUES('c1a3f10f-c1ad-4357-aa21-556f991b7742', 'habanero chili', '') ON CONFLICT (name) DO UPDATE SET name = EXCLUDED.name;
INSERT INTO "recipe_ingredients"("recipe_id","ingredient_id","count") VALUES('e1e94e69-c546-418a-bad1-6080775294f0', 'c1a3f10f-c1ad-4357-aa21-556f991b7742', '4.00');
INSERT INTO "ingredients"("guid","name","dimension") VALUES('7132b497-8611-4645-86af-afeacb222949', 'escargot', '') ON CONFLICT (name) DO UPDATE SET name = EXCLUDED.name;
INSERT INTO "recipe_ingredients"("recipe_id","ingredient_id","count") VALUES('e1e94e69-c546-418a-bad1-6080775294f0', '7132b497-8611-4645-86af-afeacb222949', '8.00');
INSERT INTO "ingredients"("guid","name","dimension") VALUES('103718c9-2e4b-4aaf-af88-5d6090b19faa', 'tomato', '') ON CONFLICT (name) DO UPDATE SET name = EXCLUDED.name;
INSERT INTO "recipe_ingredients"("recipe_id","ingredient_id","count") VALUES('e1e94e69-c546-418a-bad1-6080775294f0', '103718c9-2e4b-4aaf-af88-5d6090b19faa', '5.00');
INSERT INTO "ingredients"("guid","name","dimension") VALUES('c6618e3b-5775-4aa2-9d98-b8170ee612bf', 'vegetable oil', '') ON CONFLICT (name) DO UPDATE SET name = EXCLUDED.name;
INSERT INTO "recipe_ingredients"("recipe_id","ingredient_id","count") VALUES('e1e94e69-c546-418a-bad1-6080775294f0', 'c6618e3b-5775-4aa2-9d98-b8170ee612bf', '1.00');
INSERT INTO "cooking_steps"("guid","recipe_id","order_number","description") VALUES('9c70a435-e126-445c-8f48-1118844f36f2', 'e1e94e69-c546-418a-bad1-6080775294f0', '1', 'In a bowl, wash the snails with lime and salt till all the slime is gone.');
INSERT INTO "cooking_steps"("guid","recipe_id","order_number","description") VALUES('21d5864f-bccc-4d58-a8ca-184660a2286b', 'e1e94e69-c546-418a-bad1-6080775294f0', '2', 'Place the snail in a pot with the chili powder, seasoning cubes, chopped garlic, 1/2 of the onion(chopped) and a pinch of salt and bring to boil for about 15-18 minutes.In a separate pot, place the tomatoes, bell pepper, scotch bonnet peppers, crush with a wooden spoon till some of the juices come out and bring to boil till they are all soft on low heat. (This helps to dry up some of the extra water from the tomatoes)In a pot, pour in your oil, cut your onions in rings and fry in the hot oil on medium heat.');
INSERT INTO "cooking_steps"("guid","recipe_id","order_number","description") VALUES('1dd81983-6427-48d9-b101-a71b83cd38b9', 'e1e94e69-c546-418a-bad1-6080775294f0', '3', 'Pour in your tomato-pepper mix and allow to fry for about 8-10 minutes on low heat.');
INSERT INTO "cooking_steps"("guid","recipe_id","order_number","description") VALUES('51a6815a-a943-4521-994f-2fddc8ab64d4', 'e1e94e69-c546-418a-bad1-6080775294f0', '4', 'Pour in the left-over stock from the snail and allow to cook for 5 more minutes on medium heat.');
INSERT INTO "cooking_steps"("guid","recipe_id","order_number","description") VALUES('3c5b71c6-a458-4259-9d64-ca7367d6d352', 'e1e94e69-c546-418a-bad1-6080775294f0', '5', 'Add your seasoning cubes and taste for salt.');
INSERT INTO "cooking_steps"("guid","recipe_id","order_number","description") VALUES('4c504ecb-b223-4555-87d6-4105a6aaeae6', 'e1e94e69-c546-418a-bad1-6080775294f0', '6', 'Add your snails and stir in and allow to stew for 2-4 minutes more on medium heat.');
INSERT INTO "cooking_steps"("guid","recipe_id","order_number","description") VALUES('d08045ea-a3bb-451c-b808-e77e58d67544', 'e1e94e69-c546-418a-bad1-6080775294f0', '7', 'Serve with Rice, Pasta, Plantain, Yams or Potatoes.');
INSERT INTO "recipe"("guid","title","description") VALUES('5dad825d-ae3a-435c-89f5-fad0ae9b949b', 'Slow Cooker: Pork and Garbanzo Beans', 'Slow Cooker: Pork and Garbanzo Beans takes approximately 45 minutes from beginning to end. This recipe serves 6. This main course has 587 calories, 66g of protein, and 14g of fat per serving. For $2.99 per serving, this recipe covers 45% of your daily requirements of vitamins and minerals. Head to the store and pick up water *2, cumin, pork should roast, and a few other things to make it today. This recipe is liked by 22 foodies and cooks. It is brought to you by Foodista. It is a good option if you''re following a gluten free and dairy free diet. With a spoonacular score of 96%, this dish is outstanding. Similar recipes include Slow Cooker Pork and Beans, Slow Cooker Pork and Beans, and Slow Cooker Pork and Beans.');
INSERT INTO "ingredients"("guid","name","dimension") VALUES('84fdc2f3-8aa7-4680-8982-c84caabf18bc', 'cinnamon', 'teaspoons') ON CONFLICT (name) DO UPDATE SET name = EXCLUDED.name;
INSERT INTO "recipe_ingredients"("recipe_id","ingredient_id","count") VALUES('5dad825d-ae3a-435c-89f5-fad0ae9b949b', '84fdc2f3-8aa7-4680-8982-c84caabf18bc', '2.00');
INSERT INTO "ingredients"("guid","name","dimension") VALUES('f3f6f1ce-3424-4e70-8269-1961d3cf1265', 'cumin', 'Tbsp') ON CONFLICT (name) DO UPDATE SET name = EXCLUDED.name;
INSERT INTO "recipe_ingredients"("recipe_id","ingredient_id","count") VALUES('5dad825d-ae3a-435c-89f5-fad0ae9b949b', 'f3f6f1ce-3424-4e70-8269-1961d3cf1265', '1.00');
INSERT INTO "ingredients"("guid","name","dimension") VALUES('aab0d1c6-6016-44cf-b52c-b06bafb2e259', 'dried chickpeas', 'grams') ON CONFLICT (name) DO UPDATE SET name = EXCLUDED.name;
INSERT INTO "recipe_ingredients"("recipe_id","ingredient_id","count") VALUES('5dad825d-ae3a-435c-89f5-fad0ae9b949b', 'aab0d1c6-6016-44cf-b52c-b06bafb2e259', '453.59');
INSERT INTO "ingredients"("guid","name","dimension") VALUES('42f28b03-e136-4fc2-b343-5d16cada339d', 'black pepper', 'teaspoons') ON CONFLICT (name) DO UPDATE SET name = EXCLUDED.name;
INSERT INTO "recipe_ingredients"("recipe_id","ingredient_id","count") VALUES('5dad825d-ae3a-435c-89f5-fad0ae9b949b', '42f28b03-e136-4fc2-b343-5d16cada339d', '2.00');
INSERT INTO "ingredients"("guid","name","dimension") VALUES('ea4db820-b562-4cff-bc98-bae139a325df', 'onion', 'small') ON CONFLICT (name) DO UPDATE SET name = EXCLUDED.name;
INSERT INTO "recipe_ingredients"("recipe_id","ingredient_id","count") VALUES('5dad825d-ae3a-435c-89f5-fad0ae9b949b', 'ea4db820-b562-4cff-bc98-bae139a325df', '1.00');
INSERT INTO "ingredients"("guid","name","dimension") VALUES('369e4336-e0e3-444d-947e-16acbc658ee8', 'pork roast', 'kgs') ON CONFLICT (name) DO UPDATE SET name = EXCLUDED.name;
INSERT INTO "recipe_ingredients"("recipe_id","ingredient_id","count") VALUES('5dad825d-ae3a-435c-89f5-fad0ae9b949b', '369e4336-e0e3-444d-947e-16acbc658ee8', '1.36');
INSERT INTO "ingredients"("guid","name","dimension") VALUES('9d2c9ee9-fe26-4970-a0f6-256bcee3f2c3', 'table salt', 'teaspoons') ON CONFLICT (name) DO UPDATE SET name = EXCLUDED.name;
INSERT INTO "recipe_ingredients"("recipe_id","ingredient_id","count") VALUES('5dad825d-ae3a-435c-89f5-fad0ae9b949b', '9d2c9ee9-fe26-4970-a0f6-256bcee3f2c3', '2.00');
INSERT INTO "ingredients"("guid","name","dimension") VALUES('faa7c536-494d-46a2-8bfc-649cb208f1d0', 'water', 'milliliters') ON CONFLICT (name) DO UPDATE SET name = EXCLUDED.name;
INSERT INTO "recipe_ingredients"("recipe_id","ingredient_id","count") VALUES('5dad825d-ae3a-435c-89f5-fad0ae9b949b', 'faa7c536-494d-46a2-8bfc-649cb208f1d0', '946.35');
INSERT INTO "cooking_steps"("guid","recipe_id","order_number","description") VALUES('691c0e37-7ee6-447b-9c02-542321f42883', '5dad825d-ae3a-435c-89f5-fad0ae9b949b', '1', 'In slow cooker layer in this order: pork, then garbanzo beans, onion, pour water over all.');
INSERT INTO "cooking_steps"("guid","recipe_id","order_number","description") VALUES('7124762d-f7d2-420b-b938-b0ceeae30e04', '5dad825d-ae3a-435c-89f5-fad0ae9b949b', '2', 'Mix spices together and sprinkle over pork and beans. Cover. Set on low and cook for approximately 6 hours. The beans should be tender and creamy. The pork should fall very easily from the bone. The pork can be either shredded for cubed for your preference. *3Serving Suggestion: Scoop about 1 cup of beans with broth into a soup bowl. Top with shredded pork.');
INSERT INTO "cooking_steps"("guid","recipe_id","order_number","description") VALUES('9ecece67-3f3f-4d50-b78d-81364c2293f0', '5dad825d-ae3a-435c-89f5-fad0ae9b949b', '3', 'Add 1/4 of an avocado sliced, top with chopped fresh cilantro.NOTES:*1 The beans do not need to be soaked before adding to the slow cooker. They will be perfectly soft and creamy without pre-soaking.*2 Substitute the water for: 2 cups water and 1 bottle of good quality dark beer like Negra Modelo. You can also substitute the water for chicken stock or pork stock. Each of these substitutions will add an extra dimension of flavor.*3 If you want to shred the pork, it is easiest to do when the pork is hot. Use two forks to pull the pork apart and shred. If you want to slice the pork (like for sandwiches) it is best to do when the pork is cold.');
INSERT INTO "cooking_steps"("guid","recipe_id","order_number","description") VALUES('85744407-3ee8-4941-af10-bcc123d5c026', '5dad825d-ae3a-435c-89f5-fad0ae9b949b', '4', 'Let the pork rest in the refrigerator for several hours or over night. Slice with a serrated knife or a very sharp chef knife.');
INSERT INTO "recipe"("guid","title","description") VALUES('d0a6f97f-1f66-4947-8953-2ab6f231e902', 'Powerhouse Almond Matcha Superfood Smoothie', 'Powerhouse Almond Matcha Superfood Smoothie is a breakfast that serves 2. One serving contains 289 calories, 11g of protein, and 13g of fat. For $2.59 per serving, this recipe covers 27% of your daily requirements of vitamins and minerals. If you have chia seeds, matcha tea powder, banana, and a few other ingredients on hand, you can make it. It is a good option if you''re following a gluten free, dairy free, and whole 30 diet. This recipe from Foodista has 80 fans. From preparation to the plate, this recipe takes around 10 minutes. All things considered, we decided this recipe deserves a spoonacular score of 98%. This score is awesome. If you like this recipe, take a look at these similar recipes: Powerhouse Almond Matcha Superfood Smoothie, Chocolate Almond Superfood Smoothie, and Powerhouse Golden Turmeric Smoothie.');
INSERT INTO "ingredients"("guid","name","dimension") VALUES('efa9cd39-18bf-4bbb-84b4-5183be0aaad5', 'nut butter', 'Tbsps') ON CONFLICT (name) DO UPDATE SET name = EXCLUDED.name;
INSERT INTO "recipe_ingredients"("recipe_id","ingredient_id","count") VALUES('d0a6f97f-1f66-4947-8953-2ab6f231e902', 'efa9cd39-18bf-4bbb-84b4-5183be0aaad5', '2.00');
INSERT INTO "ingredients"("guid","name","dimension") VALUES('0fc9820b-5db8-4c52-ae4b-c63559e8bf27', 'almond milk', 'milliliters') ON CONFLICT (name) DO UPDATE SET name = EXCLUDED.name;
INSERT INTO "recipe_ingredients"("recipe_id","ingredient_id","count") VALUES('d0a6f97f-1f66-4947-8953-2ab6f231e902', '0fc9820b-5db8-4c52-ae4b-c63559e8bf27', '354.88');
INSERT INTO "ingredients"("guid","name","dimension") VALUES('f685bcc2-1db7-4b29-904f-7aceebef0e67', 'banana', 'medium') ON CONFLICT (name) DO UPDATE SET name = EXCLUDED.name;
INSERT INTO "recipe_ingredients"("recipe_id","ingredient_id","count") VALUES('d0a6f97f-1f66-4947-8953-2ab6f231e902', 'f685bcc2-1db7-4b29-904f-7aceebef0e67', '1.00');
INSERT INTO "ingredients"("guid","name","dimension") VALUES('0c893274-01fb-418d-892b-bdd6cba2dc2b', 'chia seeds', 'teaspoons') ON CONFLICT (name) DO UPDATE SET name = EXCLUDED.name;
INSERT INTO "recipe_ingredients"("recipe_id","ingredient_id","count") VALUES('d0a6f97f-1f66-4947-8953-2ab6f231e902', '0c893274-01fb-418d-892b-bdd6cba2dc2b', '2.00');
INSERT INTO "ingredients"("guid","name","dimension") VALUES('65d1ae48-d484-44fa-8b5f-95bc94c831b0', 'kale', 'milliliters') ON CONFLICT (name) DO UPDATE SET name = EXCLUDED.name;
INSERT INTO "recipe_ingredients"("recipe_id","ingredient_id","count") VALUES('d0a6f97f-1f66-4947-8953-2ab6f231e902', '65d1ae48-d484-44fa-8b5f-95bc94c831b0', '236.59');
INSERT INTO "ingredients"("guid","name","dimension") VALUES('05940694-a9ea-4020-a33f-88a201e08ec1', 'mango', 'milliliters') ON CONFLICT (name) DO UPDATE SET name = EXCLUDED.name;
INSERT INTO "recipe_ingredients"("recipe_id","ingredient_id","count") VALUES('d0a6f97f-1f66-4947-8953-2ab6f231e902', '05940694-a9ea-4020-a33f-88a201e08ec1', '118.29');
INSERT INTO "ingredients"("guid","name","dimension") VALUES('d74dc489-b942-4bea-81b0-f3d43b455799', 'matcha', 'Tbsp') ON CONFLICT (name) DO UPDATE SET name = EXCLUDED.name;
INSERT INTO "recipe_ingredients"("recipe_id","ingredient_id","count") VALUES('d0a6f97f-1f66-4947-8953-2ab6f231e902', 'd74dc489-b942-4bea-81b0-f3d43b455799', '1.00');
INSERT INTO "ingredients"("guid","name","dimension") VALUES('fdd55fd6-8b78-4b10-b1f9-e82483a73430', 'pineapple', 'milliliters') ON CONFLICT (name) DO UPDATE SET name = EXCLUDED.name;
INSERT INTO "recipe_ingredients"("recipe_id","ingredient_id","count") VALUES('d0a6f97f-1f66-4947-8953-2ab6f231e902', 'fdd55fd6-8b78-4b10-b1f9-e82483a73430', '177.44');
INSERT INTO "ingredients"("guid","name","dimension") VALUES('ef339bdc-ee64-4f42-988d-68237a7bd8bd', 'vanilla extract', 'teaspoons') ON CONFLICT (name) DO UPDATE SET name = EXCLUDED.name;
INSERT INTO "recipe_ingredients"("recipe_id","ingredient_id","count") VALUES('d0a6f97f-1f66-4947-8953-2ab6f231e902', 'ef339bdc-ee64-4f42-988d-68237a7bd8bd', '0.50');
INSERT INTO "cooking_steps"("guid","recipe_id","order_number","description") VALUES('00403336-f9b6-4553-805b-61c5e991fb9d', 'd0a6f97f-1f66-4947-8953-2ab6f231e902', '1', 'Combine all of the ingredients in a blender. Blend on high until smooth.');
INSERT INTO "cooking_steps"("guid","recipe_id","order_number","description") VALUES('8433dd55-1a32-458e-b127-ed2d13bcfebe', 'd0a6f97f-1f66-4947-8953-2ab6f231e902', '2', 'Serve immediately.');
INSERT INTO "recipe"("guid","title","description") VALUES('0c692059-cf43-4318-b7f0-13a637636154', 'Broccolini Quinoa Pilaf', 'Broccolini Quinoa Pilaf requires approximately 30 minutes from start to finish. For $4.14 per serving, you get a main course that serves 2. One portion of this dish contains around 20g of protein, 31g of fat, and a total of 625 calories. Head to the store and pick up vegetable broth, onion, olive oil, and a few other things to make it today. A few people made this recipe, and 94 would say it hit the spot. It is a rather expensive recipe for fans of Mediterranean food. It is a good option if you''re following a gluten free, dairy free, lacto ovo vegetarian, and vegan diet. It is brought to you by Pick Fresh Foods. With a spoonacular score of 98%, this dish is excellent. Similar recipes are Spring Broccolini & Kale Quinoa Bowls, Orange-Sesame Salmon with Quinoa & Broccolini, and Black Pepper Goat Cheese and Chard Quinoa with Roasted Broccolini.');
INSERT INTO "ingredients"("guid","name","dimension") VALUES('22cdc7e2-f119-43f2-aef5-02273aed2bda', 'broccolini', 'bunch') ON CONFLICT (name) DO UPDATE SET name = EXCLUDED.name;
INSERT INTO "recipe_ingredients"("recipe_id","ingredient_id","count") VALUES('0c692059-cf43-4318-b7f0-13a637636154', '22cdc7e2-f119-43f2-aef5-02273aed2bda', '1.00');
INSERT INTO "ingredients"("guid","name","dimension") VALUES('cc09f6f1-b71e-4c8f-89c5-625b1effb1d3', 'whole garlic cloves', '') ON CONFLICT (name) DO UPDATE SET name = EXCLUDED.name;
INSERT INTO "recipe_ingredients"("recipe_id","ingredient_id","count") VALUES('0c692059-cf43-4318-b7f0-13a637636154', 'cc09f6f1-b71e-4c8f-89c5-625b1effb1d3', '1.00');
INSERT INTO "ingredients"("guid","name","dimension") VALUES('903d4219-5d08-479e-85f9-3b1719bd0244', 'olive oil', 'Tbsp') ON CONFLICT (name) DO UPDATE SET name = EXCLUDED.name;
INSERT INTO "recipe_ingredients"("recipe_id","ingredient_id","count") VALUES('0c692059-cf43-4318-b7f0-13a637636154', '903d4219-5d08-479e-85f9-3b1719bd0244', '1.00');
INSERT INTO "ingredients"("guid","name","dimension") VALUES('ea4db820-b562-4cff-bc98-bae139a325df', 'onion', 'milliliters') ON CONFLICT (name) DO UPDATE SET name = EXCLUDED.name;
INSERT INTO "recipe_ingredients"("recipe_id","ingredient_id","count") VALUES('0c692059-cf43-4318-b7f0-13a637636154', 'ea4db820-b562-4cff-bc98-bae139a325df', '118.29');
INSERT INTO "ingredients"("guid","name","dimension") VALUES('cc5fe1b7-a5b3-4ef7-89e8-7003ed513435', 'quinoa', 'milliliters') ON CONFLICT (name) DO UPDATE SET name = EXCLUDED.name;
INSERT INTO "recipe_ingredients"("recipe_id","ingredient_id","count") VALUES('0c692059-cf43-4318-b7f0-13a637636154', 'cc5fe1b7-a5b3-4ef7-89e8-7003ed513435', '236.59');
INSERT INTO "ingredients"("guid","name","dimension") VALUES('90564dbb-d3c4-4421-a743-4b93e604712b', 'vegetable stock', 'milliliters') ON CONFLICT (name) DO UPDATE SET name = EXCLUDED.name;
INSERT INTO "recipe_ingredients"("recipe_id","ingredient_id","count") VALUES('0c692059-cf43-4318-b7f0-13a637636154', '90564dbb-d3c4-4421-a743-4b93e604712b', '473.18');
INSERT INTO "ingredients"("guid","name","dimension") VALUES('42492519-bc4c-4a39-8438-578d76c953ac', 'walnut pieces', 'grams') ON CONFLICT (name) DO UPDATE SET name = EXCLUDED.name;
INSERT INTO "recipe_ingredients"("recipe_id","ingredient_id","count") VALUES('0c692059-cf43-4318-b7f0-13a637636154', '42492519-bc4c-4a39-8438-578d76c953ac', '56.70');
INSERT INTO "cooking_steps"("guid","recipe_id","order_number","description") VALUES('44a47f7a-1508-4954-b95f-e70d76ebd7fa', '0c692059-cf43-4318-b7f0-13a637636154', '1', 'In a large pan with lid heat olive oil over medium high heat.');
INSERT INTO "cooking_steps"("guid","recipe_id","order_number","description") VALUES('06117715-d424-46bf-9b06-1538cebee507', '0c692059-cf43-4318-b7f0-13a637636154', '2', 'Add onions and cook for 1 minute.');
INSERT INTO "cooking_steps"("guid","recipe_id","order_number","description") VALUES('4f272c29-88fb-4cf7-bacb-006acf2c1f69', '0c692059-cf43-4318-b7f0-13a637636154', '3', 'Add garlic and cook until onions are translucent and garlic is fragrant.');
INSERT INTO "cooking_steps"("guid","recipe_id","order_number","description") VALUES('8304687c-3601-4383-aeb3-0f7e5051080b', '0c692059-cf43-4318-b7f0-13a637636154', '4', 'Add quinoa to pan, stir to combine. Slowly add in broth and bring to a boil.Cover and reduce heat to low, cook for 15 minutes.In the last 2-3 minutes of cooking add in broccolini on top of the quinoa (do not stir) and cover.Uncover and toss broccolini and quinoa together.Season to taste with salt and pepper.');
INSERT INTO "cooking_steps"("guid","recipe_id","order_number","description") VALUES('73a0d6c7-062a-4fdd-a719-c7df88523484', '0c692059-cf43-4318-b7f0-13a637636154', '5', 'Add walnuts and serve hot.');
INSERT INTO "recipe"("guid","title","description") VALUES('ae3ae90e-bfd3-4d4f-9ce1-0888bc756f3e', 'Easy To Make Spring Rolls', 'If you want to add more gluten free, dairy free, and pescatarian recipes to your collection, Easy To Make Spring Rolls might be a recipe you should try. For $3.78 per serving, you get a hor d''oeuvre that serves 4. One serving contains 162 calories, 13g of protein, and 2g of fat. 22 people found this recipe to be flavorful and satisfying. From preparation to the plate, this recipe takes about 45 minutes. It can be enjoyed any time, but it is especially good for Spring. This recipe from Foodista requires mint leaves, garlic, chili pepper, and rice vinegar. This recipe is typical of Vietnamese cuisine. Overall, this recipe earns a tremendous spoonacular score of 88%. Easy To Make Spring Rolls, Easy To Make Spring Rolls, and Easy To Make Spring Rolls are very similar to this recipe.');
INSERT INTO "ingredients"("guid","name","dimension") VALUES('c71bac9c-e965-4d14-ab29-0eeb75d745af', 'fresh basil', 'milliliters') ON CONFLICT (name) DO UPDATE SET name = EXCLUDED.name;
INSERT INTO "recipe_ingredients"("recipe_id","ingredient_id","count") VALUES('ae3ae90e-bfd3-4d4f-9ce1-0888bc756f3e', 'c71bac9c-e965-4d14-ab29-0eeb75d745af', '118.29');
INSERT INTO "ingredients"("guid","name","dimension") VALUES('9384a6ce-434b-47b2-ae28-2b305eae656e', 'butter lettuce', 'small head') ON CONFLICT (name) DO UPDATE SET name = EXCLUDED.name;
INSERT INTO "recipe_ingredients"("recipe_id","ingredient_id","count") VALUES('ae3ae90e-bfd3-4d4f-9ce1-0888bc756f3e', '9384a6ce-434b-47b2-ae28-2b305eae656e', '1.00');
INSERT INTO "ingredients"("guid","name","dimension") VALUES('0e09a01e-8546-4a45-a729-5331a7555993', 'chili pepper', 'small') ON CONFLICT (name) DO UPDATE SET name = EXCLUDED.name;
INSERT INTO "recipe_ingredients"("recipe_id","ingredient_id","count") VALUES('ae3ae90e-bfd3-4d4f-9ce1-0888bc756f3e', '0e09a01e-8546-4a45-a729-5331a7555993', '1.00');
INSERT INTO "ingredients"("guid","name","dimension") VALUES('8a01d6cd-9fb4-4268-b8e6-8811027f226a', 'fish sauce', 'milliliters') ON CONFLICT (name) DO UPDATE SET name = EXCLUDED.name;
INSERT INTO "recipe_ingredients"("recipe_id","ingredient_id","count") VALUES('ae3ae90e-bfd3-4d4f-9ce1-0888bc756f3e', '8a01d6cd-9fb4-4268-b8e6-8811027f226a', '59.15');
INSERT INTO "ingredients"("guid","name","dimension") VALUES('a58f47bc-33aa-411c-83cd-5440868a06ba', 'dried cilantro', 'milliliters') ON CONFLICT (name) DO UPDATE SET name = EXCLUDED.name;
INSERT INTO "recipe_ingredients"("recipe_id","ingredient_id","count") VALUES('ae3ae90e-bfd3-4d4f-9ce1-0888bc756f3e', 'a58f47bc-33aa-411c-83cd-5440868a06ba', '118.29');
INSERT INTO "ingredients"("guid","name","dimension") VALUES('3f7a39ce-ed38-4809-aea7-8a046670fb05', 'garlic', 'clove') ON CONFLICT (name) DO UPDATE SET name = EXCLUDED.name;
INSERT INTO "recipe_ingredients"("recipe_id","ingredient_id","count") VALUES('ae3ae90e-bfd3-4d4f-9ce1-0888bc756f3e', '3f7a39ce-ed38-4809-aea7-8a046670fb05', '1.00');
INSERT INTO "ingredients"("guid","name","dimension") VALUES('855a3b90-4e3d-422d-bb73-c35bb65e2742', 'lime juice', 'Tbsps') ON CONFLICT (name) DO UPDATE SET name = EXCLUDED.name;
INSERT INTO "recipe_ingredients"("recipe_id","ingredient_id","count") VALUES('ae3ae90e-bfd3-4d4f-9ce1-0888bc756f3e', '855a3b90-4e3d-422d-bb73-c35bb65e2742', '2.00');
INSERT INTO "ingredients"("guid","name","dimension") VALUES('64926fbf-0114-4ba4-bc9d-19129ee1b91a', 'mint', 'milliliters') ON CONFLICT (name) DO UPDATE SET name = EXCLUDED.name;
INSERT INTO "recipe_ingredients"("recipe_id","ingredient_id","count") VALUES('ae3ae90e-bfd3-4d4f-9ce1-0888bc756f3e', '64926fbf-0114-4ba4-bc9d-19129ee1b91a', '118.29');
INSERT INTO "ingredients"("guid","name","dimension") VALUES('9ac231c6-e619-4f8c-a5c1-05c6f8a4e2f5', 'red pepper', 'servings') ON CONFLICT (name) DO UPDATE SET name = EXCLUDED.name;
INSERT INTO "recipe_ingredients"("recipe_id","ingredient_id","count") VALUES('ae3ae90e-bfd3-4d4f-9ce1-0888bc756f3e', '9ac231c6-e619-4f8c-a5c1-05c6f8a4e2f5', '4.00');
INSERT INTO "ingredients"("guid","name","dimension") VALUES('1deafa55-34c9-4ca1-a665-0f9d52b91622', 'rice vinegar', 'milliliters') ON CONFLICT (name) DO UPDATE SET name = EXCLUDED.name;
INSERT INTO "recipe_ingredients"("recipe_id","ingredient_id","count") VALUES('ae3ae90e-bfd3-4d4f-9ce1-0888bc756f3e', '1deafa55-34c9-4ca1-a665-0f9d52b91622', '59.15');
INSERT INTO "ingredients"("guid","name","dimension") VALUES('6c46700b-c03b-428c-bd99-61d5e02aefd3', 'shrimp', 'larges') ON CONFLICT (name) DO UPDATE SET name = EXCLUDED.name;
INSERT INTO "recipe_ingredients"("recipe_id","ingredient_id","count") VALUES('ae3ae90e-bfd3-4d4f-9ce1-0888bc756f3e', '6c46700b-c03b-428c-bd99-61d5e02aefd3', '8.00');
INSERT INTO "ingredients"("guid","name","dimension") VALUES('d1eef3cb-a407-4610-ae93-6c35b1bcc4bb', 'spring roll wrappers', '8-inchs') ON CONFLICT (name) DO UPDATE SET name = EXCLUDED.name;
INSERT INTO "recipe_ingredients"("recipe_id","ingredient_id","count") VALUES('ae3ae90e-bfd3-4d4f-9ce1-0888bc756f3e', 'd1eef3cb-a407-4610-ae93-6c35b1bcc4bb', '8.00');
INSERT INTO "ingredients"("guid","name","dimension") VALUES('68449234-32e3-4172-aa3f-8e71532a3e7e', 'sugar', 'Tbsp') ON CONFLICT (name) DO UPDATE SET name = EXCLUDED.name;
INSERT INTO "recipe_ingredients"("recipe_id","ingredient_id","count") VALUES('ae3ae90e-bfd3-4d4f-9ce1-0888bc756f3e', '68449234-32e3-4172-aa3f-8e71532a3e7e', '1.00');
INSERT INTO "ingredients"("guid","name","dimension") VALUES('faa7c536-494d-46a2-8bfc-649cb208f1d0', 'water', 'milliliters') ON CONFLICT (name) DO UPDATE SET name = EXCLUDED.name;
INSERT INTO "recipe_ingredients"("recipe_id","ingredient_id","count") VALUES('ae3ae90e-bfd3-4d4f-9ce1-0888bc756f3e', 'faa7c536-494d-46a2-8bfc-649cb208f1d0', '59.15');
INSERT INTO "ingredients"("guid","name","dimension") VALUES('326faf63-7712-49b0-8a69-f205b992cad3', '', 'servings') ON CONFLICT (name) DO UPDATE SET name = EXCLUDED.name;
INSERT INTO "recipe_ingredients"("recipe_id","ingredient_id","count") VALUES('ae3ae90e-bfd3-4d4f-9ce1-0888bc756f3e', '326faf63-7712-49b0-8a69-f205b992cad3', '4.00');
INSERT INTO "cooking_steps"("guid","recipe_id","order_number","description") VALUES('5db72933-24c6-4ed2-bed4-a04bf4fcc242', 'ae3ae90e-bfd3-4d4f-9ce1-0888bc756f3e', '1', 'Have all the ingredients ready for assembly. In a large bowl filled with water, dip a wrapper in the water. The rice wrapper will begin to soften and this is your cue to remove it from the water and lay it flat.');
INSERT INTO "cooking_steps"("guid","recipe_id","order_number","description") VALUES('63fc28b7-4c4d-4272-a0ed-8fa196ee5899', 'ae3ae90e-bfd3-4d4f-9ce1-0888bc756f3e', '2', 'Place 2 shrimp halves in a row across the center and top with basil, mint, cilantro and lettuce. Leave about 1 to 2 inches uncovered on each side.  Fold uncovered sides inward, then tightly roll the wrapper, beginning at the end with the lettuce.  Repeat with remaining wrappers and ingredients.');
INSERT INTO "cooking_steps"("guid","recipe_id","order_number","description") VALUES('cab1bb6a-ac16-4281-a9fe-dc3b4e0d50a2', 'ae3ae90e-bfd3-4d4f-9ce1-0888bc756f3e', '3', 'Cut and serve at room temperature with dipping sauce.The Culinary Chases Note: The rice wrapper can be fussy to handle if you let it soak too long. I usually give it a couple of swishes in the water and then remove. It may feel slightly stiff but by the time you are ready to roll up, the wrapper will become very pliable.  A typical spring roll contains cooked rice vermicelli, slivers of cooked pork and julienned carrots but you can use whatever suits your fancy.  Enjoy!');
INSERT INTO "recipe"("guid","title","description") VALUES('3d5192ed-a5bb-4ba5-83f6-33151fdac578', 'Farro With Mushrooms and Asparagus', 'Farro With Mushrooms and Asparagus is a dairy free and lacto ovo vegetarian recipe with 4 servings. One serving contains 365 calories, 12g of protein, and 9g of fat. For $3.94 per serving, this recipe covers 23% of your daily requirements of vitamins and minerals. This recipe is liked by 47 foodies and cooks. From preparation to the plate, this recipe takes around 1 hour and 15 minutes. It works well as a side dish. If you have asparagus, garlic, porcini mushrooms, and a few other ingredients on hand, you can make it. It is brought to you by Foodista. With a spoonacular score of 98%, this dish is awesome. If you like this recipe, take a look at these similar recipes: Farro Risotto with Wild Mushrooms and Asparagus, Farro with Asparagus, Hazelnuts and Kale Topped with Roasted Mushrooms, and Farro And Porcini Mushrooms (farro Con Funghi).');
INSERT INTO "ingredients"("guid","name","dimension") VALUES('bf59dcbf-a3d5-40cf-a5e5-315728fa1852', 'asparagus', 'bunch') ON CONFLICT (name) DO UPDATE SET name = EXCLUDED.name;
INSERT INTO "recipe_ingredients"("recipe_id","ingredient_id","count") VALUES('3d5192ed-a5bb-4ba5-83f6-33151fdac578', 'bf59dcbf-a3d5-40cf-a5e5-315728fa1852', '1.00');
INSERT INTO "ingredients"("guid","name","dimension") VALUES('45c845d2-e2db-4035-8214-4bc52d378262', 'chicken stock', 'milliliters') ON CONFLICT (name) DO UPDATE SET name = EXCLUDED.name;
INSERT INTO "recipe_ingredients"("recipe_id","ingredient_id","count") VALUES('3d5192ed-a5bb-4ba5-83f6-33151fdac578', '45c845d2-e2db-4035-8214-4bc52d378262', '473.18');
INSERT INTO "ingredients"("guid","name","dimension") VALUES('63e1ae38-b7d6-434a-8439-4b319681fa2d', 'dried porcini mushrooms', 'grams') ON CONFLICT (name) DO UPDATE SET name = EXCLUDED.name;
INSERT INTO "recipe_ingredients"("recipe_id","ingredient_id","count") VALUES('3d5192ed-a5bb-4ba5-83f6-33151fdac578', '63e1ae38-b7d6-434a-8439-4b319681fa2d', '28.35');
INSERT INTO "ingredients"("guid","name","dimension") VALUES('724b703d-412f-492c-aaea-d01a6ea23d0b', 'farro', 'grams') ON CONFLICT (name) DO UPDATE SET name = EXCLUDED.name;
INSERT INTO "recipe_ingredients"("recipe_id","ingredient_id","count") VALUES('3d5192ed-a5bb-4ba5-83f6-33151fdac578', '724b703d-412f-492c-aaea-d01a6ea23d0b', '226.80');
INSERT INTO "ingredients"("guid","name","dimension") VALUES('3825b97c-1842-49c1-8024-d004d99df9af', 'fresh thyme', 'Tbsp') ON CONFLICT (name) DO UPDATE SET name = EXCLUDED.name;
INSERT INTO "recipe_ingredients"("recipe_id","ingredient_id","count") VALUES('3d5192ed-a5bb-4ba5-83f6-33151fdac578', '3825b97c-1842-49c1-8024-d004d99df9af', '1.00');
INSERT INTO "ingredients"("guid","name","dimension") VALUES('3f7a39ce-ed38-4809-aea7-8a046670fb05', 'garlic', 'cloves') ON CONFLICT (name) DO UPDATE SET name = EXCLUDED.name;
INSERT INTO "recipe_ingredients"("recipe_id","ingredient_id","count") VALUES('3d5192ed-a5bb-4ba5-83f6-33151fdac578', '3f7a39ce-ed38-4809-aea7-8a046670fb05', '2.00');
INSERT INTO "ingredients"("guid","name","dimension") VALUES('903d4219-5d08-479e-85f9-3b1719bd0244', 'olive oil', 'Tbsps') ON CONFLICT (name) DO UPDATE SET name = EXCLUDED.name;
INSERT INTO "recipe_ingredients"("recipe_id","ingredient_id","count") VALUES('3d5192ed-a5bb-4ba5-83f6-33151fdac578', '903d4219-5d08-479e-85f9-3b1719bd0244', '2.00');
INSERT INTO "ingredients"("guid","name","dimension") VALUES('ea4db820-b562-4cff-bc98-bae139a325df', 'onion', 'medium') ON CONFLICT (name) DO UPDATE SET name = EXCLUDED.name;
INSERT INTO "recipe_ingredients"("recipe_id","ingredient_id","count") VALUES('3d5192ed-a5bb-4ba5-83f6-33151fdac578', 'ea4db820-b562-4cff-bc98-bae139a325df', '1.00');
INSERT INTO "ingredients"("guid","name","dimension") VALUES('bd6df831-fb53-48d0-af46-c32ee7488a9b', 'salt and pepper', 'servings') ON CONFLICT (name) DO UPDATE SET name = EXCLUDED.name;
INSERT INTO "recipe_ingredients"("recipe_id","ingredient_id","count") VALUES('3d5192ed-a5bb-4ba5-83f6-33151fdac578', 'bd6df831-fb53-48d0-af46-c32ee7488a9b', '4.00');
INSERT INTO "ingredients"("guid","name","dimension") VALUES('296488fa-8cbd-4a35-a8f3-9b45a85b3cea', 'sherry vinegar', 'Tbsps') ON CONFLICT (name) DO UPDATE SET name = EXCLUDED.name;
INSERT INTO "recipe_ingredients"("recipe_id","ingredient_id","count") VALUES('3d5192ed-a5bb-4ba5-83f6-33151fdac578', '296488fa-8cbd-4a35-a8f3-9b45a85b3cea', '3.00');
INSERT INTO "cooking_steps"("guid","recipe_id","order_number","description") VALUES('8d2f739f-2dc6-4bc4-a61b-98b9556501cc', '3d5192ed-a5bb-4ba5-83f6-33151fdac578', '1', 'In a small bowl, cover dried mushrooms with warm water.  Soak for 25 minutes, or until softened.');
INSERT INTO "cooking_steps"("guid","recipe_id","order_number","description") VALUES('fc141d70-9676-44fc-8991-04981d5ef6a5', '3d5192ed-a5bb-4ba5-83f6-33151fdac578', '2', 'Drain the mushrooms, and discard the soaking water.  Chop finely.Bring a large pot of water to a boil.');
INSERT INTO "cooking_steps"("guid","recipe_id","order_number","description") VALUES('aeb452c3-244d-44bd-9433-59e55f5f6cfa', '3d5192ed-a5bb-4ba5-83f6-33151fdac578', '3', 'Add farro, and cook for 10 minutes, stirring occasionally.');
INSERT INTO "cooking_steps"("guid","recipe_id","order_number","description") VALUES('89fccb1b-efed-4078-81fb-154dd67fdba5', '3d5192ed-a5bb-4ba5-83f6-33151fdac578', '4', 'Drain and reserve.In a large skillet, over medium heat, heat the olive oil, and add onion, garlic, thyme, and mushrooms.Cook, stirring occasionally, for 5 minutes or until onions are tender.Stir in 2 tablespoons of sherry vinegar, and continue cooking for 1 minute.');
INSERT INTO "cooking_steps"("guid","recipe_id","order_number","description") VALUES('01c3c11b-a36e-4244-8b3a-e9c1e93382b4', '3d5192ed-a5bb-4ba5-83f6-33151fdac578', '5', 'Add chicken stock, and bring it to a boil.Stir in farro, and return to a boil.Lower the heat to a simmer, and cover with a tight fitting lid.  Cook for 10 minutes.');
INSERT INTO "cooking_steps"("guid","recipe_id","order_number","description") VALUES('c0318e8a-cecd-4f6d-9869-faffe4b7ae70', '3d5192ed-a5bb-4ba5-83f6-33151fdac578', '6', 'Add asparagus, and cook, covered, for an additional 10 minutes.Season with 1 tablespoon sherry vinegar, salt and pepper.');
INSERT INTO "recipe"("guid","title","description") VALUES('c5555d82-ab87-45c1-81ed-99c2fcc2a7e7', 'Butternut Squash Frittata', 'The recipe Butternut Squash Frittata can be made in approximately 45 minutes. This recipe serves 1. Watching your figure? This gluten free recipe has 465 calories, 24g of protein, and 4g of fat per serving. For $3.4 per serving, this recipe covers 53% of your daily requirements of vitamins and minerals. A few people really liked this main course. This recipe from Foodista requires butternut squash, bell pepper, liquid egg substitute, and non-fat milk. 18 people have tried and liked this recipe. Overall, this recipe earns an awesome spoonacular score of 98%. If you like this recipe, you might also like recipes such as Butternut Squash Frittata, Butternut Squash Frittata, and Butternut Squash and Quinoa Frittata.');
INSERT INTO "ingredients"("guid","name","dimension") VALUES('c7b3fa9f-b9d0-4665-83b3-cbde4b80d356', 'butternut squash', 'large') ON CONFLICT (name) DO UPDATE SET name = EXCLUDED.name;
INSERT INTO "recipe_ingredients"("recipe_id","ingredient_id","count") VALUES('c5555d82-ab87-45c1-81ed-99c2fcc2a7e7', 'c7b3fa9f-b9d0-4665-83b3-cbde4b80d356', '1.00');
INSERT INTO "ingredients"("guid","name","dimension") VALUES('561f7dd7-9965-4345-a4e1-b05cc70936fa', 'goat cheese', 'grams') ON CONFLICT (name) DO UPDATE SET name = EXCLUDED.name;
INSERT INTO "recipe_ingredients"("recipe_id","ingredient_id","count") VALUES('c5555d82-ab87-45c1-81ed-99c2fcc2a7e7', '561f7dd7-9965-4345-a4e1-b05cc70936fa', '14.18');
INSERT INTO "ingredients"("guid","name","dimension") VALUES('0997f73e-5cb4-48f4-9732-1af260ba4e72', 'egg substitute', 'milliliters') ON CONFLICT (name) DO UPDATE SET name = EXCLUDED.name;
INSERT INTO "recipe_ingredients"("recipe_id","ingredient_id","count") VALUES('c5555d82-ab87-45c1-81ed-99c2fcc2a7e7', '0997f73e-5cb4-48f4-9732-1af260ba4e72', '118.29');
INSERT INTO "ingredients"("guid","name","dimension") VALUES('707d77df-1b60-45aa-905f-730082e679c9', 'fat free milk', 'Tbsps') ON CONFLICT (name) DO UPDATE SET name = EXCLUDED.name;
INSERT INTO "recipe_ingredients"("recipe_id","ingredient_id","count") VALUES('c5555d82-ab87-45c1-81ed-99c2fcc2a7e7', '707d77df-1b60-45aa-905f-730082e679c9', '2.00');
INSERT INTO "ingredients"("guid","name","dimension") VALUES('20a9876f-1d82-4ec6-bbe2-0dee11d999dc', 'bell pepper', 'serving') ON CONFLICT (name) DO UPDATE SET name = EXCLUDED.name;
INSERT INTO "recipe_ingredients"("recipe_id","ingredient_id","count") VALUES('c5555d82-ab87-45c1-81ed-99c2fcc2a7e7', '20a9876f-1d82-4ec6-bbe2-0dee11d999dc', '1.00');
INSERT INTO "cooking_steps"("guid","recipe_id","order_number","description") VALUES('f0de99f1-a1f7-4c07-b89b-c224f4ebf231', 'c5555d82-ab87-45c1-81ed-99c2fcc2a7e7', '1', 'Preheat oven to 350Spray a 10 oz oven safe dish with cooking spray');
INSERT INTO "cooking_steps"("guid","recipe_id","order_number","description") VALUES('79a9f6b0-ef20-4b74-89c8-fac740b4879e', 'c5555d82-ab87-45c1-81ed-99c2fcc2a7e7', '2', 'Add your butternut squash');
INSERT INTO "cooking_steps"("guid","recipe_id","order_number","description") VALUES('8afd6ebe-d0cf-4362-9597-dca35a138918', 'c5555d82-ab87-45c1-81ed-99c2fcc2a7e7', '3', 'In a measuring cup add your eggs and milk.');
INSERT INTO "cooking_steps"("guid","recipe_id","order_number","description") VALUES('1bcf38a2-7fd5-4e76-b0b4-27f8e3aff2e7', 'c5555d82-ab87-45c1-81ed-99c2fcc2a7e7', '4', 'Mix until combined.');
INSERT INTO "cooking_steps"("guid","recipe_id","order_number","description") VALUES('648520ce-9533-4164-8172-2b577ee872dc', 'c5555d82-ab87-45c1-81ed-99c2fcc2a7e7', '5', 'Pour over butternut squash.');
INSERT INTO "cooking_steps"("guid","recipe_id","order_number","description") VALUES('0695f3ba-2a04-4ee2-a697-ef87768543b6', 'c5555d82-ab87-45c1-81ed-99c2fcc2a7e7', '6', 'Sprinkle with pepper and top with cheese.');
INSERT INTO "cooking_steps"("guid","recipe_id","order_number","description") VALUES('20acf3c3-572e-4f94-a0be-65f659c750d7', 'c5555d82-ab87-45c1-81ed-99c2fcc2a7e7', '7', 'Bake in oven for 30-35 minutes, until middle is slightly firm');
INSERT INTO "cooking_steps"("guid","recipe_id","order_number","description") VALUES('289169aa-bfed-4452-b0a1-6cce00cab128', 'c5555d82-ab87-45c1-81ed-99c2fcc2a7e7', '8', 'Let it cool for a few minutes');
INSERT INTO "recipe"("guid","title","description") VALUES('3bea2f4d-5307-43c3-94bb-2f771067004a', 'Herbivoracious'' White Bean and Kale Soup', 'Herbivoracious'' White Bean and Kale Soup might be a good recipe to expand your main course recipe box. One serving contains 332 calories, 17g of protein, and 10g of fat. This recipe serves 6 and costs 78 cents per serving. 10 people were impressed by this recipe. It will be a hit at your Autumn event. Head to the store and pick up juice of lemon, carrot, dinosaur kale, and a few other things to make it today. It is brought to you by Foodista. From preparation to the plate, this recipe takes approximately 45 minutes. It is a good option if you''re following a gluten free, dairy free, lacto ovo vegetarian, and vegan diet. All things considered, we decided this recipe deserves a spoonacular score of 94%. This score is tremendous. Kale And White Bean Soup, White Bean And Kale Soup, and White Bean Kale Soup are very similar to this recipe.');
INSERT INTO "ingredients"("guid","name","dimension") VALUES('f7ced3fe-c340-4f26-b132-2952b8351272', 'extra virgin olive oil', 'milliliters') ON CONFLICT (name) DO UPDATE SET name = EXCLUDED.name;
INSERT INTO "recipe_ingredients"("recipe_id","ingredient_id","count") VALUES('3bea2f4d-5307-43c3-94bb-2f771067004a', 'f7ced3fe-c340-4f26-b132-2952b8351272', '59.15');
INSERT INTO "ingredients"("guid","name","dimension") VALUES('ea4db820-b562-4cff-bc98-bae139a325df', 'onion', 'medium') ON CONFLICT (name) DO UPDATE SET name = EXCLUDED.name;
INSERT INTO "recipe_ingredients"("recipe_id","ingredient_id","count") VALUES('3bea2f4d-5307-43c3-94bb-2f771067004a', 'ea4db820-b562-4cff-bc98-bae139a325df', '1.00');
INSERT INTO "ingredients"("guid","name","dimension") VALUES('cc09f6f1-b71e-4c8f-89c5-625b1effb1d3', 'whole garlic cloves', 'head') ON CONFLICT (name) DO UPDATE SET name = EXCLUDED.name;
INSERT INTO "recipe_ingredients"("recipe_id","ingredient_id","count") VALUES('3bea2f4d-5307-43c3-94bb-2f771067004a', 'cc09f6f1-b71e-4c8f-89c5-625b1effb1d3', '1.00');
INSERT INTO "ingredients"("guid","name","dimension") VALUES('6b9754b0-3c6c-4528-a35f-9d80119ed1aa', 'carrot', '') ON CONFLICT (name) DO UPDATE SET name = EXCLUDED.name;
INSERT INTO "recipe_ingredients"("recipe_id","ingredient_id","count") VALUES('3bea2f4d-5307-43c3-94bb-2f771067004a', '6b9754b0-3c6c-4528-a35f-9d80119ed1aa', '1.00');
INSERT INTO "ingredients"("guid","name","dimension") VALUES('83c1bc88-4f0f-4898-85f8-76992d15c6cb', 'kosher salt', 'teaspoon') ON CONFLICT (name) DO UPDATE SET name = EXCLUDED.name;
INSERT INTO "recipe_ingredients"("recipe_id","ingredient_id","count") VALUES('3bea2f4d-5307-43c3-94bb-2f771067004a', '83c1bc88-4f0f-4898-85f8-76992d15c6cb', '1.00');
INSERT INTO "ingredients"("guid","name","dimension") VALUES('ab4bbbfe-d0a7-4d6e-81af-b18cade85f3c', 'bay leaves', '') ON CONFLICT (name) DO UPDATE SET name = EXCLUDED.name;
INSERT INTO "recipe_ingredients"("recipe_id","ingredient_id","count") VALUES('3bea2f4d-5307-43c3-94bb-2f771067004a', 'ab4bbbfe-d0a7-4d6e-81af-b18cade85f3c', '2.00');
INSERT INTO "ingredients"("guid","name","dimension") VALUES('87795fc8-10bb-497d-9328-807120f57416', 'fresh rosemary', 'teaspoon') ON CONFLICT (name) DO UPDATE SET name = EXCLUDED.name;
INSERT INTO "recipe_ingredients"("recipe_id","ingredient_id","count") VALUES('3bea2f4d-5307-43c3-94bb-2f771067004a', '87795fc8-10bb-497d-9328-807120f57416', '1.00');
INSERT INTO "ingredients"("guid","name","dimension") VALUES('63e1ae38-b7d6-434a-8439-4b319681fa2d', 'dried porcini mushrooms', '') ON CONFLICT (name) DO UPDATE SET name = EXCLUDED.name;
INSERT INTO "recipe_ingredients"("recipe_id","ingredient_id","count") VALUES('3bea2f4d-5307-43c3-94bb-2f771067004a', '63e1ae38-b7d6-434a-8439-4b319681fa2d', '1.00');
INSERT INTO "ingredients"("guid","name","dimension") VALUES('263aa43e-a0e6-4239-812d-509e9f61f8fe', 'dried white beans', 'milliliters') ON CONFLICT (name) DO UPDATE SET name = EXCLUDED.name;
INSERT INTO "recipe_ingredients"("recipe_id","ingredient_id","count") VALUES('3bea2f4d-5307-43c3-94bb-2f771067004a', '263aa43e-a0e6-4239-812d-509e9f61f8fe', '473.18');
INSERT INTO "ingredients"("guid","name","dimension") VALUES('faa7c536-494d-46a2-8bfc-649cb208f1d0', 'water', 'liters') ON CONFLICT (name) DO UPDATE SET name = EXCLUDED.name;
INSERT INTO "recipe_ingredients"("recipe_id","ingredient_id","count") VALUES('3bea2f4d-5307-43c3-94bb-2f771067004a', 'faa7c536-494d-46a2-8bfc-649cb208f1d0', '1.66');
INSERT INTO "ingredients"("guid","name","dimension") VALUES('65d1ae48-d484-44fa-8b5f-95bc94c831b0', 'kale', 'bunch') ON CONFLICT (name) DO UPDATE SET name = EXCLUDED.name;
INSERT INTO "recipe_ingredients"("recipe_id","ingredient_id","count") VALUES('3bea2f4d-5307-43c3-94bb-2f771067004a', '65d1ae48-d484-44fa-8b5f-95bc94c831b0', '1.00');
INSERT INTO "ingredients"("guid","name","dimension") VALUES('9310a5ee-a22e-4ea4-b985-7b23c5ff8baa', 'lemon juice', '') ON CONFLICT (name) DO UPDATE SET name = EXCLUDED.name;
INSERT INTO "recipe_ingredients"("recipe_id","ingredient_id","count") VALUES('3bea2f4d-5307-43c3-94bb-2f771067004a', '9310a5ee-a22e-4ea4-b985-7b23c5ff8baa', '1.00');
INSERT INTO "cooking_steps"("guid","recipe_id","order_number","description") VALUES('f71a99cc-ae8b-40eb-b3a0-a3e74f6991c5', '3bea2f4d-5307-43c3-94bb-2f771067004a', '1', 'PRESSURE COOKER METHOD');
INSERT INTO "cooking_steps"("guid","recipe_id","order_number","description") VALUES('f033498e-87ea-4266-8d20-2f0d24d4f0fe', '3bea2f4d-5307-43c3-94bb-2f771067004a', '2', 'In the pressure cooker base, but without pressure, heat the olive oil over medium-high heat. Saut the onion, garlic, carrot, and 1 teaspoon salt until the onion is translucent, about 4 minutes.');
INSERT INTO "cooking_steps"("guid","recipe_id","order_number","description") VALUES('423a435d-8318-4690-aa3e-8b3672a2c07a', '3bea2f4d-5307-43c3-94bb-2f771067004a', '3', 'Add the bay leaves, rosemary, and your choice(s) of the Parmesan rind, dried porcini, or broth powder.');
INSERT INTO "cooking_steps"("guid","recipe_id","order_number","description") VALUES('a6e4f799-ff9b-4fd0-b3df-c6618148bb62', '3bea2f4d-5307-43c3-94bb-2f771067004a', '4', 'Add the dry beans and water. Bring up to high pressure and cook for 40 minutes, then allow the pressure to release naturally. Open the lid.');
INSERT INTO "cooking_steps"("guid","recipe_id","order_number","description") VALUES('491f0b69-4410-4184-b1f8-10ec44595cb1', '3bea2f4d-5307-43c3-94bb-2f771067004a', '5', 'Remove the bay leaves and Parmesan rind, if using.');
INSERT INTO "cooking_steps"("guid","recipe_id","order_number","description") VALUES('4cf6fdb5-5e85-4e74-9708-03c9b4ff2b35', '3bea2f4d-5307-43c3-94bb-2f771067004a', '6', 'Add the kale and lemon juice and simmer for 10 minutes, until the kale is tender. Taste and adjust the seasoning, then serve, garnished with a generous drizzle of extra-virgin olive oil.');
INSERT INTO "cooking_steps"("guid","recipe_id","order_number","description") VALUES('7c5e2ef7-c607-4246-8334-cf1d0a00ad9b', '3bea2f4d-5307-43c3-94bb-2f771067004a', '7', 'STOVETOP METHOD');
INSERT INTO "cooking_steps"("guid","recipe_id","order_number","description") VALUES('787405e2-c632-44d2-9a20-bb1a56a017fb', '3bea2f4d-5307-43c3-94bb-2f771067004a', '8', 'Cover the beans with several inches of water and soak overnight.');
INSERT INTO "cooking_steps"("guid","recipe_id","order_number","description") VALUES('debabb2d-14fa-41c7-9c42-26c0793e9625', '3bea2f4d-5307-43c3-94bb-2f771067004a', '9', 'Drain the beans and place in a large saucepan. Cover with water by at least 2 inches and bring to a boil. Reduce the heat and simmer the beans until tender, about 1 1/2 to 2 hours.');
INSERT INTO "cooking_steps"("guid","recipe_id","order_number","description") VALUES('4487fe79-b0b2-4b91-95c2-f4511d74c241', '3bea2f4d-5307-43c3-94bb-2f771067004a', '10', 'Drain the beans, reserving the bean broth.');
INSERT INTO "cooking_steps"("guid","recipe_id","order_number","description") VALUES('36d38d22-c094-4509-bf04-c2e5bfa0f0a5', '3bea2f4d-5307-43c3-94bb-2f771067004a', '11', 'In a large saucepan, heat the olive oil over medium-high heat. Saut the onion, garlic, carrot, and 1 teaspoon salt until the onion is translucent, about 4 minutes.');
INSERT INTO "cooking_steps"("guid","recipe_id","order_number","description") VALUES('57182bfa-f016-42a2-bf57-2f23b0fee489', '3bea2f4d-5307-43c3-94bb-2f771067004a', '12', 'Add 4 cups of the bean broth, the bay leaves, rosemary, and your choice of the Parmesan rind, dried porcini, or broth powder. Bring to a simmer and cook for 30 minutes.');
INSERT INTO "cooking_steps"("guid","recipe_id","order_number","description") VALUES('9b44797c-207e-4f7b-b2e0-faa1a3cce472', '3bea2f4d-5307-43c3-94bb-2f771067004a', '13', 'Remove the bay leaves and Parmesan rind, if using.');
INSERT INTO "cooking_steps"("guid","recipe_id","order_number","description") VALUES('97cd90ff-7c75-4abb-92eb-5b9914dc2d42', '3bea2f4d-5307-43c3-94bb-2f771067004a', '14', 'Add the beans, kale, and lemon juice and simmer for 10 minutes, until the kale is tender. Taste and adjust the seasoning, then serve, garnished with a generous drizzle of extra-virgin olive oil.');
INSERT INTO "recipe"("guid","title","description") VALUES('ac3fc4d9-743f-4ff7-ad2a-538de9cb5201', 'Summer Berry Salad', 'Summer Berry Salad might be a good recipe to expand your hor d''oeuvre recipe box. This recipe serves 1. One portion of this dish contains around 2g of protein, 1g of fat, and a total of 98 calories. For $1.75 per serving, this recipe covers 19% of your daily requirements of vitamins and minerals. A mixture of strawberries, blackberries, basalmic vinaigrette, and a handful of other ingredients are all it takes to make this recipe so yummy. It is a good option if you''re following a gluten free, dairy free, paleolithic, and lacto ovo vegetarian diet. 17 people have tried and liked this recipe. It is perfect for The Fourth Of July. From preparation to the plate, this recipe takes about 45 minutes. It is brought to you by Pink When. All things considered, we decided this recipe deserves a spoonacular score of 98%. This score is amazing. Users who liked this recipe also liked Berry Summer Salad, Summer Berry Salad, and Chicken & Berry Summer Salad.');
INSERT INTO "ingredients"("guid","name","dimension") VALUES('ebf0c028-cec8-4fb1-90cc-55bb9d3f0add', 'apple', 'serving') ON CONFLICT (name) DO UPDATE SET name = EXCLUDED.name;
INSERT INTO "recipe_ingredients"("recipe_id","ingredient_id","count") VALUES('ac3fc4d9-743f-4ff7-ad2a-538de9cb5201', 'ebf0c028-cec8-4fb1-90cc-55bb9d3f0add', '1.00');
INSERT INTO "ingredients"("guid","name","dimension") VALUES('9ce9f030-99cb-45b9-8ad3-33799b5fe9b3', 'blackberries', 'serving') ON CONFLICT (name) DO UPDATE SET name = EXCLUDED.name;
INSERT INTO "recipe_ingredients"("recipe_id","ingredient_id","count") VALUES('ac3fc4d9-743f-4ff7-ad2a-538de9cb5201', '9ce9f030-99cb-45b9-8ad3-33799b5fe9b3', '1.00');
INSERT INTO "ingredients"("guid","name","dimension") VALUES('e64a305f-64e0-42c7-9e9f-06a5eba19032', 'romaine', 'serving') ON CONFLICT (name) DO UPDATE SET name = EXCLUDED.name;
INSERT INTO "recipe_ingredients"("recipe_id","ingredient_id","count") VALUES('ac3fc4d9-743f-4ff7-ad2a-538de9cb5201', 'e64a305f-64e0-42c7-9e9f-06a5eba19032', '1.00');
INSERT INTO "ingredients"("guid","name","dimension") VALUES('c36e07bb-2e06-4a41-b74e-38839619014a', 'strawberries', 'serving') ON CONFLICT (name) DO UPDATE SET name = EXCLUDED.name;
INSERT INTO "recipe_ingredients"("recipe_id","ingredient_id","count") VALUES('ac3fc4d9-743f-4ff7-ad2a-538de9cb5201', 'c36e07bb-2e06-4a41-b74e-38839619014a', '1.00');
INSERT INTO "ingredients"("guid","name","dimension") VALUES('41b63a2d-1815-46da-a793-5163b109d66b', 'vinaigrette', 'serving') ON CONFLICT (name) DO UPDATE SET name = EXCLUDED.name;
INSERT INTO "recipe_ingredients"("recipe_id","ingredient_id","count") VALUES('ac3fc4d9-743f-4ff7-ad2a-538de9cb5201', '41b63a2d-1815-46da-a793-5163b109d66b', '1.00');
INSERT INTO "cooking_steps"("guid","recipe_id","order_number","description") VALUES('ec0615f2-bee0-49ee-a390-089053cec041', 'ac3fc4d9-743f-4ff7-ad2a-538de9cb5201', '1', 'Cut up a Granny Smith green apple, strawberries, and add blackberries');
INSERT INTO "cooking_steps"("guid","recipe_id","order_number","description") VALUES('47df8a2e-d495-4e39-a539-bc0a5dc9e9aa', 'ac3fc4d9-743f-4ff7-ad2a-538de9cb5201', '2', 'Mix in with Romaine lettuce');
INSERT INTO "cooking_steps"("guid","recipe_id","order_number","description") VALUES('46f41931-4e4f-4525-9c50-83d63180b4b1', 'ac3fc4d9-743f-4ff7-ad2a-538de9cb5201', '3', 'Toss in some basalmic vinaigrette');
INSERT INTO "recipe"("guid","title","description") VALUES('f1d695bf-7433-4ab7-8b29-74dbce63c1d6', 'Tomato and lentil soup', 'Tomato and lentil soup might be a good recipe to expand your main course recipe box. This recipe makes 4 servings with 340 calories, 18g of protein, and 8g of fat each. For $1.16 per serving, this recipe covers 34% of your daily requirements of vitamins and minerals. It is perfect for Autumn. This recipe from Foodista requires bay leaf, onion, garlic, and carrots. 11 person were glad they tried this recipe. From preparation to the plate, this recipe takes about 45 minutes. It is a good option if you''re following a gluten free, dairy free, lacto ovo vegetarian, and vegan diet. With a spoonacular score of 96%, this dish is great. Users who liked this recipe also liked Tomato and Lentil Soup, Lentil-Tomato Soup, and Lentil & Tomato Soup.');
INSERT INTO "ingredients"("guid","name","dimension") VALUES('903d4219-5d08-479e-85f9-3b1719bd0244', 'olive oil', 'Tbs') ON CONFLICT (name) DO UPDATE SET name = EXCLUDED.name;
INSERT INTO "recipe_ingredients"("recipe_id","ingredient_id","count") VALUES('f1d695bf-7433-4ab7-8b29-74dbce63c1d6', '903d4219-5d08-479e-85f9-3b1719bd0244', '2.00');
INSERT INTO "ingredients"("guid","name","dimension") VALUES('ea4db820-b562-4cff-bc98-bae139a325df', 'onion', '') ON CONFLICT (name) DO UPDATE SET name = EXCLUDED.name;
INSERT INTO "recipe_ingredients"("recipe_id","ingredient_id","count") VALUES('f1d695bf-7433-4ab7-8b29-74dbce63c1d6', 'ea4db820-b562-4cff-bc98-bae139a325df', '1.00');
INSERT INTO "ingredients"("guid","name","dimension") VALUES('3f7a39ce-ed38-4809-aea7-8a046670fb05', 'garlic', 'cloves') ON CONFLICT (name) DO UPDATE SET name = EXCLUDED.name;
INSERT INTO "recipe_ingredients"("recipe_id","ingredient_id","count") VALUES('f1d695bf-7433-4ab7-8b29-74dbce63c1d6', '3f7a39ce-ed38-4809-aea7-8a046670fb05', '2.00');
INSERT INTO "ingredients"("guid","name","dimension") VALUES('6b9754b0-3c6c-4528-a35f-9d80119ed1aa', 'carrot', '') ON CONFLICT (name) DO UPDATE SET name = EXCLUDED.name;
INSERT INTO "recipe_ingredients"("recipe_id","ingredient_id","count") VALUES('f1d695bf-7433-4ab7-8b29-74dbce63c1d6', '6b9754b0-3c6c-4528-a35f-9d80119ed1aa', '3.00');
INSERT INTO "ingredients"("guid","name","dimension") VALUES('5bc37a5c-6b20-4903-b227-ba2ae14d4b1d', 'canned diced tomatoes', 'grams') ON CONFLICT (name) DO UPDATE SET name = EXCLUDED.name;
INSERT INTO "recipe_ingredients"("recipe_id","ingredient_id","count") VALUES('f1d695bf-7433-4ab7-8b29-74dbce63c1d6', '5bc37a5c-6b20-4903-b227-ba2ae14d4b1d', '480.00');
INSERT INTO "ingredients"("guid","name","dimension") VALUES('ab4bbbfe-d0a7-4d6e-81af-b18cade85f3c', 'bay leaves', '') ON CONFLICT (name) DO UPDATE SET name = EXCLUDED.name;
INSERT INTO "recipe_ingredients"("recipe_id","ingredient_id","count") VALUES('f1d695bf-7433-4ab7-8b29-74dbce63c1d6', 'ab4bbbfe-d0a7-4d6e-81af-b18cade85f3c', '1.00');
INSERT INTO "ingredients"("guid","name","dimension") VALUES('faa7c536-494d-46a2-8bfc-649cb208f1d0', 'water', 'liters') ON CONFLICT (name) DO UPDATE SET name = EXCLUDED.name;
INSERT INTO "recipe_ingredients"("recipe_id","ingredient_id","count") VALUES('f1d695bf-7433-4ab7-8b29-74dbce63c1d6', 'faa7c536-494d-46a2-8bfc-649cb208f1d0', '1.30');
INSERT INTO "ingredients"("guid","name","dimension") VALUES('d75c14c8-967b-49c5-94ac-d736d2b71455', 'lentils', 'grams') ON CONFLICT (name) DO UPDATE SET name = EXCLUDED.name;
INSERT INTO "recipe_ingredients"("recipe_id","ingredient_id","count") VALUES('f1d695bf-7433-4ab7-8b29-74dbce63c1d6', 'd75c14c8-967b-49c5-94ac-d736d2b71455', '250.00');
INSERT INTO "ingredients"("guid","name","dimension") VALUES('9d2c9ee9-fe26-4970-a0f6-256bcee3f2c3', 'table salt', 'teaspoons') ON CONFLICT (name) DO UPDATE SET name = EXCLUDED.name;
INSERT INTO "recipe_ingredients"("recipe_id","ingredient_id","count") VALUES('f1d695bf-7433-4ab7-8b29-74dbce63c1d6', '9d2c9ee9-fe26-4970-a0f6-256bcee3f2c3', '0.25');
INSERT INTO "ingredients"("guid","name","dimension") VALUES('27c079a0-03ea-45db-a14e-9df91e41d93d', 'parsley', 'bunch') ON CONFLICT (name) DO UPDATE SET name = EXCLUDED.name;
INSERT INTO "recipe_ingredients"("recipe_id","ingredient_id","count") VALUES('f1d695bf-7433-4ab7-8b29-74dbce63c1d6', '27c079a0-03ea-45db-a14e-9df91e41d93d', '1.00');
INSERT INTO "cooking_steps"("guid","recipe_id","order_number","description") VALUES('8c9aafae-9ef6-4a50-9402-d74c6e8bf276', 'f1d695bf-7433-4ab7-8b29-74dbce63c1d6', '1', 'Saut onion and garlic in olive oil for 5 minutes.');
INSERT INTO "cooking_steps"("guid","recipe_id","order_number","description") VALUES('69276a0a-3929-4262-9610-33152f64d1f6', 'f1d695bf-7433-4ab7-8b29-74dbce63c1d6', '2', 'Add the carrot, saut for another 2 minutes.');
INSERT INTO "cooking_steps"("guid","recipe_id","order_number","description") VALUES('ce8f2f74-fc8e-45e8-8d87-55c0b0f36464', 'f1d695bf-7433-4ab7-8b29-74dbce63c1d6', '3', 'Add tomatoes, bay leaf and water, stir and bring to the boil.');
INSERT INTO "cooking_steps"("guid","recipe_id","order_number","description") VALUES('8d99d009-7730-4dae-b610-5069e7447230', 'f1d695bf-7433-4ab7-8b29-74dbce63c1d6', '4', 'Stir in lentils, season with salt and cook for 5 minutes.');
INSERT INTO "cooking_steps"("guid","recipe_id","order_number","description") VALUES('3f769e5a-06ad-4001-a9b3-5a0431d0409b', 'f1d695bf-7433-4ab7-8b29-74dbce63c1d6', '5', 'Before serving sprinkle with chopped parsley.');
INSERT INTO "recipe"("guid","title","description") VALUES('d6321114-2cd9-4190-a3bf-ca42a6f08c89', 'Swiss Chard Wraps', 'Swiss Chard Wraps is a gluten free, dairy free, paleolithic, and lacto ovo vegetarian recipe with 6 servings. One serving contains 137 calories, 4g of protein, and 11g of fat. For 82 cents per serving, this recipe covers 18% of your daily requirements of vitamins and minerals. It works best as a side dish, and is done in about 45 minutes. 14 people were impressed by this recipe. If you have swiss chard leaves, orange cauliflower, olive oil, and a few other ingredients on hand, you can make it. It is brought to you by Foodista. Overall, this recipe earns an excellent spoonacular score of 96%. Swiss Chard Wraps, Sweet Thai Chile Chicken Swiss Chard Wraps with Peanut Ginger Sauce, and Swiss Chard are very similar to this recipe.');
INSERT INTO "ingredients"("guid","name","dimension") VALUES('9e2f73ec-7f09-4623-8fad-78490860058d', 'swiss chard', 'larges') ON CONFLICT (name) DO UPDATE SET name = EXCLUDED.name;
INSERT INTO "recipe_ingredients"("recipe_id","ingredient_id","count") VALUES('d6321114-2cd9-4190-a3bf-ca42a6f08c89', '9e2f73ec-7f09-4623-8fad-78490860058d', '6.00');
INSERT INTO "ingredients"("guid","name","dimension") VALUES('08199b39-2171-46b7-8bd1-19c2a24a8e86', 'orange', 'small head') ON CONFLICT (name) DO UPDATE SET name = EXCLUDED.name;
INSERT INTO "recipe_ingredients"("recipe_id","ingredient_id","count") VALUES('d6321114-2cd9-4190-a3bf-ca42a6f08c89', '08199b39-2171-46b7-8bd1-19c2a24a8e86', '1.00');
INSERT INTO "ingredients"("guid","name","dimension") VALUES('903d4219-5d08-479e-85f9-3b1719bd0244', 'olive oil', 'Tbs') ON CONFLICT (name) DO UPDATE SET name = EXCLUDED.name;
INSERT INTO "recipe_ingredients"("recipe_id","ingredient_id","count") VALUES('d6321114-2cd9-4190-a3bf-ca42a6f08c89', '903d4219-5d08-479e-85f9-3b1719bd0244', '1.50');
INSERT INTO "ingredients"("guid","name","dimension") VALUES('3f7a39ce-ed38-4809-aea7-8a046670fb05', 'garlic', 'cloves') ON CONFLICT (name) DO UPDATE SET name = EXCLUDED.name;
INSERT INTO "recipe_ingredients"("recipe_id","ingredient_id","count") VALUES('d6321114-2cd9-4190-a3bf-ca42a6f08c89', '3f7a39ce-ed38-4809-aea7-8a046670fb05', '3.00');
INSERT INTO "ingredients"("guid","name","dimension") VALUES('9d2c9ee9-fe26-4970-a0f6-256bcee3f2c3', 'table salt', 'pinch') ON CONFLICT (name) DO UPDATE SET name = EXCLUDED.name;
INSERT INTO "recipe_ingredients"("recipe_id","ingredient_id","count") VALUES('d6321114-2cd9-4190-a3bf-ca42a6f08c89', '9d2c9ee9-fe26-4970-a0f6-256bcee3f2c3', '1.00');
INSERT INTO "ingredients"("guid","name","dimension") VALUES('c71bac9c-e965-4d14-ab29-0eeb75d745af', 'fresh basil', 'sprig') ON CONFLICT (name) DO UPDATE SET name = EXCLUDED.name;
INSERT INTO "recipe_ingredients"("recipe_id","ingredient_id","count") VALUES('d6321114-2cd9-4190-a3bf-ca42a6f08c89', 'c71bac9c-e965-4d14-ab29-0eeb75d745af', '1.00');
INSERT INTO "ingredients"("guid","name","dimension") VALUES('b68fbb86-16a2-43b9-9544-5bbcddb50888', 'zucchini', 'medium') ON CONFLICT (name) DO UPDATE SET name = EXCLUDED.name;
INSERT INTO "recipe_ingredients"("recipe_id","ingredient_id","count") VALUES('d6321114-2cd9-4190-a3bf-ca42a6f08c89', 'b68fbb86-16a2-43b9-9544-5bbcddb50888', '1.00');
INSERT INTO "ingredients"("guid","name","dimension") VALUES('9ac231c6-e619-4f8c-a5c1-05c6f8a4e2f5', 'red pepper', 'large') ON CONFLICT (name) DO UPDATE SET name = EXCLUDED.name;
INSERT INTO "recipe_ingredients"("recipe_id","ingredient_id","count") VALUES('d6321114-2cd9-4190-a3bf-ca42a6f08c89', '9ac231c6-e619-4f8c-a5c1-05c6f8a4e2f5', '1.00');
INSERT INTO "ingredients"("guid","name","dimension") VALUES('b8e931af-e48b-4db2-b59f-c9d81a65c7ac', 'avocado', 'medium') ON CONFLICT (name) DO UPDATE SET name = EXCLUDED.name;
INSERT INTO "recipe_ingredients"("recipe_id","ingredient_id","count") VALUES('d6321114-2cd9-4190-a3bf-ca42a6f08c89', 'b8e931af-e48b-4db2-b59f-c9d81a65c7ac', '1.00');
INSERT INTO "ingredients"("guid","name","dimension") VALUES('e5f89260-0f9a-4b2d-b6f5-f03205462807', 'peanuts', 'Tbs') ON CONFLICT (name) DO UPDATE SET name = EXCLUDED.name;
INSERT INTO "recipe_ingredients"("recipe_id","ingredient_id","count") VALUES('d6321114-2cd9-4190-a3bf-ca42a6f08c89', 'e5f89260-0f9a-4b2d-b6f5-f03205462807', '3.00');
INSERT INTO "cooking_steps"("guid","recipe_id","order_number","description") VALUES('739e13d2-2f7c-43f1-91f2-6e7b2f391588', 'd6321114-2cd9-4190-a3bf-ca42a6f08c89', '1', 'Chop off the stems of the swiss chard at the point where it meets the leaf. You could stem the swiss chard entirely. I like leaving a bit of stem with the leaves to give better structure to the wraps.');
INSERT INTO "cooking_steps"("guid","recipe_id","order_number","description") VALUES('8921337f-4ac9-4449-916b-f4d4382601b3', 'd6321114-2cd9-4190-a3bf-ca42a6f08c89', '2', 'Chop the cauliflower into small pieces and pulse them in a food processor until it looks like rice. I usually pulse the cauliflower florets and the stalk together.');
INSERT INTO "cooking_steps"("guid","recipe_id","order_number","description") VALUES('2a103b95-4989-4ca5-8e48-44e99f14067f', 'd6321114-2cd9-4190-a3bf-ca42a6f08c89', '3', 'Place the olive oil in a saut pan over medium-high heat. Once the pan is hot, add the garlic and let it fry for about a minute or two, or until the garlic starts to brown.');
INSERT INTO "cooking_steps"("guid","recipe_id","order_number","description") VALUES('2c53b10c-5c3c-4405-8ef7-2335811e5faf', 'd6321114-2cd9-4190-a3bf-ca42a6f08c89', '4', 'Add the pulsed cauliflower rice and cook it for about 2-3 minutes. The cauliflower should turn into a vibrant yellow-orange color when it is cooked.');
INSERT INTO "cooking_steps"("guid","recipe_id","order_number","description") VALUES('564d53f7-22f2-442f-90f3-e7cb6981f2be', 'd6321114-2cd9-4190-a3bf-ca42a6f08c89', '5', 'Add a pinch of salt and chopped basil to the cauliflower and stir.');
INSERT INTO "cooking_steps"("guid","recipe_id","order_number","description") VALUES('c5f8f127-7210-4411-9e76-26d1244ea5df', 'd6321114-2cd9-4190-a3bf-ca42a6f08c89', '6', 'Spiralize the zucchini with Blade B to create zucchini noodles. If you do not have a spiralizer, just create zucchini ribbons with a vegetable peeler.');
INSERT INTO "cooking_steps"("guid","recipe_id","order_number","description") VALUES('6f163220-95f5-4f53-ac43-e86ba4aacdcf', 'd6321114-2cd9-4190-a3bf-ca42a6f08c89', '7', 'To assemble the wraps, place a large leaf flat down.');
INSERT INTO "cooking_steps"("guid","recipe_id","order_number","description") VALUES('2de67ca9-041e-4950-ad35-df74bcd95640', 'd6321114-2cd9-4190-a3bf-ca42a6f08c89', '8', 'Add a bit of sauted cauliflower, zucchini noodles, red pepper, and avocado along the swiss chard stalk.');
INSERT INTO "cooking_steps"("guid","recipe_id","order_number","description") VALUES('16fe7ec2-3a9f-499c-bc5a-2fd2ca75a240', 'd6321114-2cd9-4190-a3bf-ca42a6f08c89', '9', 'Drizzle a bit of vinaigrette on top of the vegetables and wrap everything up.');
INSERT INTO "cooking_steps"("guid","recipe_id","order_number","description") VALUES('23166567-573f-4e52-bacc-d5232dd60202', 'd6321114-2cd9-4190-a3bf-ca42a6f08c89', '10', 'Enjoy these wraps as a side to your favorite protein! Feel free to dip these wraps in more sauce.');
INSERT INTO "cooking_steps"("guid","recipe_id","order_number","description") VALUES('5b96ce70-96c7-438d-9363-98757b0e8658', 'd6321114-2cd9-4190-a3bf-ca42a6f08c89', '11', 'These wraps are best consumed when they are freshly made. Refrigerate any leftovers in an airtight container.');
INSERT INTO "recipe"("guid","title","description") VALUES('26eef09c-3a17-4f22-8d56-a0f49a134f22', 'Corn Avocado Salsa', 'Corn Avocado Salsa might be just the hor d''oeuvre you are searching for. For $1.31 per serving, this recipe covers 15% of your daily requirements of vitamins and minerals. One portion of this dish contains roughly 5g of protein, 16g of fat, and a total of 237 calories. This recipe serves 2. 44 people have made this recipe and would make it again. This recipe from Foodista requires avocado, balsamic vinegar, cumin, and garlic. A few people really liked this Mexican dish. It is a good option if you''re following a gluten free, dairy free, lacto ovo vegetarian, and vegan diet. From preparation to the plate, this recipe takes around 25 minutes. With a spoonacular score of 97%, this dish is spectacular. If you like this recipe, take a look at these similar recipes: Avocado Corn Salsa, Avocado-Corn Salsa, and Avocado-Corn Salsa.');
INSERT INTO "ingredients"("guid","name","dimension") VALUES('b8e931af-e48b-4db2-b59f-c9d81a65c7ac', 'avocado', '') ON CONFLICT (name) DO UPDATE SET name = EXCLUDED.name;
INSERT INTO "recipe_ingredients"("recipe_id","ingredient_id","count") VALUES('26eef09c-3a17-4f22-8d56-a0f49a134f22', 'b8e931af-e48b-4db2-b59f-c9d81a65c7ac', '1.00');
INSERT INTO "ingredients"("guid","name","dimension") VALUES('ee203be2-a504-439f-a016-501234b3bf16', 'balsamic vinegar', 'teaspoon') ON CONFLICT (name) DO UPDATE SET name = EXCLUDED.name;
INSERT INTO "recipe_ingredients"("recipe_id","ingredient_id","count") VALUES('26eef09c-3a17-4f22-8d56-a0f49a134f22', 'ee203be2-a504-439f-a016-501234b3bf16', '1.00');
INSERT INTO "ingredients"("guid","name","dimension") VALUES('f3f6f1ce-3424-4e70-8269-1961d3cf1265', 'cumin', 'teaspoon') ON CONFLICT (name) DO UPDATE SET name = EXCLUDED.name;
INSERT INTO "recipe_ingredients"("recipe_id","ingredient_id","count") VALUES('26eef09c-3a17-4f22-8d56-a0f49a134f22', 'f3f6f1ce-3424-4e70-8269-1961d3cf1265', '1.00');
INSERT INTO "ingredients"("guid","name","dimension") VALUES('7a2bc722-b7f6-46ca-879c-33aab96766f3', 'frozen corn', 'milliliters') ON CONFLICT (name) DO UPDATE SET name = EXCLUDED.name;
INSERT INTO "recipe_ingredients"("recipe_id","ingredient_id","count") VALUES('26eef09c-3a17-4f22-8d56-a0f49a134f22', '7a2bc722-b7f6-46ca-879c-33aab96766f3', '177.44');
INSERT INTO "ingredients"("guid","name","dimension") VALUES('3f7a39ce-ed38-4809-aea7-8a046670fb05', 'garlic', 'clove') ON CONFLICT (name) DO UPDATE SET name = EXCLUDED.name;
INSERT INTO "recipe_ingredients"("recipe_id","ingredient_id","count") VALUES('26eef09c-3a17-4f22-8d56-a0f49a134f22', '3f7a39ce-ed38-4809-aea7-8a046670fb05', '1.00');
INSERT INTO "ingredients"("guid","name","dimension") VALUES('9ac231c6-e619-4f8c-a5c1-05c6f8a4e2f5', 'red pepper', 'mediums') ON CONFLICT (name) DO UPDATE SET name = EXCLUDED.name;
INSERT INTO "recipe_ingredients"("recipe_id","ingredient_id","count") VALUES('26eef09c-3a17-4f22-8d56-a0f49a134f22', '9ac231c6-e619-4f8c-a5c1-05c6f8a4e2f5', '0.50');
INSERT INTO "cooking_steps"("guid","recipe_id","order_number","description") VALUES('ca6457f6-7cd4-472d-ae6a-512d80b282bd', '26eef09c-3a17-4f22-8d56-a0f49a134f22', '1', 'Preheat oven to 375 degrees.');
INSERT INTO "cooking_steps"("guid","recipe_id","order_number","description") VALUES('870bb517-403e-410c-9230-f2bf02c4158f', '26eef09c-3a17-4f22-8d56-a0f49a134f22', '2', 'Spread corn flat on a baking sheet.Spray lightly with olive oil spray.Roast corn in the oven for about 8-10 minutes. (Be careful not to brown too much or burn.)');
INSERT INTO "cooking_steps"("guid","recipe_id","order_number","description") VALUES('65a40673-04b1-4081-a233-c4891437e119', '26eef09c-3a17-4f22-8d56-a0f49a134f22', '3', 'Remove from heat and allow to cool.Finely chop red pepper and garlic and mix in a bowl.Peel and coarsely chop avocado and add to bowl.');
INSERT INTO "cooking_steps"("guid","recipe_id","order_number","description") VALUES('206a81fe-9dc0-4551-bb1a-37dab1a4d9fb', '26eef09c-3a17-4f22-8d56-a0f49a134f22', '4', 'Add cooled corn.');
INSERT INTO "cooking_steps"("guid","recipe_id","order_number","description") VALUES('1cd2a3ec-b726-4cb2-87f5-09e8042b2f04', '26eef09c-3a17-4f22-8d56-a0f49a134f22', '5', 'Mix in cumin and vinegar and blend well.');
INSERT INTO "recipe"("guid","title","description") VALUES('678b98d5-1150-4719-bf3e-1c326945f28c', 'Cheesy Chicken Enchilada Quinoa Casserole', 'Cheesy Chicken Enchilada Quinoa Casserole might be just the Mexican recipe you are searching for. One serving contains 594 calories, 34g of protein, and 24g of fat. This gluten free recipe serves 4 and costs $2.62 per serving. A mixture of corn, pepper, canned tomatoes, and a handful of other ingredients are all it takes to make this recipe so delicious. From preparation to the plate, this recipe takes approximately 30 minutes. It will be a hit at your Autumn event. Plenty of people made this recipe, and 9912 would say it hit the spot. It works well as an affordable main course. It is brought to you by Pink When. With a spoonacular score of 97%, this dish is amazing. If you like this recipe, you might also like recipes such as Cheesy Chicken Enchilada Quinoa Casserole, Cheesy Chicken Enchilada Quinoa Casserole, and Cheesy Chicken Enchilada Quinoa Casserole.');
INSERT INTO "ingredients"("guid","name","dimension") VALUES('b8e931af-e48b-4db2-b59f-c9d81a65c7ac', 'avocado', 'small') ON CONFLICT (name) DO UPDATE SET name = EXCLUDED.name;
INSERT INTO "recipe_ingredients"("recipe_id","ingredient_id","count") VALUES('678b98d5-1150-4719-bf3e-1c326945f28c', 'b8e931af-e48b-4db2-b59f-c9d81a65c7ac', '1.00');
INSERT INTO "ingredients"("guid","name","dimension") VALUES('42f28b03-e136-4fc2-b343-5d16cada339d', 'black pepper', 'teaspoons') ON CONFLICT (name) DO UPDATE SET name = EXCLUDED.name;
INSERT INTO "recipe_ingredients"("recipe_id","ingredient_id","count") VALUES('678b98d5-1150-4719-bf3e-1c326945f28c', '42f28b03-e136-4fc2-b343-5d16cada339d', '0.50');
INSERT INTO "ingredients"("guid","name","dimension") VALUES('f5837f7a-4248-4db8-ad50-bf8b1c6868cd', 'canned black beans', 'grams') ON CONFLICT (name) DO UPDATE SET name = EXCLUDED.name;
INSERT INTO "recipe_ingredients"("recipe_id","ingredient_id","count") VALUES('678b98d5-1150-4719-bf3e-1c326945f28c', 'f5837f7a-4248-4db8-ad50-bf8b1c6868cd', '425.24');
INSERT INTO "ingredients"("guid","name","dimension") VALUES('6ad456a6-2c85-4bfe-a807-b32da68350cb', 'canned tomatoes', 'grams') ON CONFLICT (name) DO UPDATE SET name = EXCLUDED.name;
INSERT INTO "recipe_ingredients"("recipe_id","ingredient_id","count") VALUES('678b98d5-1150-4719-bf3e-1c326945f28c', '6ad456a6-2c85-4bfe-a807-b32da68350cb', '283.50');
INSERT INTO "ingredients"("guid","name","dimension") VALUES('d7941077-6fc4-4296-a771-e9151b70e7a3', 'chili powder', 'teaspoons') ON CONFLICT (name) DO UPDATE SET name = EXCLUDED.name;
INSERT INTO "recipe_ingredients"("recipe_id","ingredient_id","count") VALUES('678b98d5-1150-4719-bf3e-1c326945f28c', 'd7941077-6fc4-4296-a771-e9151b70e7a3', '0.50');
INSERT INTO "ingredients"("guid","name","dimension") VALUES('a2d762b4-94c1-4e3d-86dd-c1c0bb78c2e7', 'cooked quinoa', 'milliliters') ON CONFLICT (name) DO UPDATE SET name = EXCLUDED.name;
INSERT INTO "recipe_ingredients"("recipe_id","ingredient_id","count") VALUES('678b98d5-1150-4719-bf3e-1c326945f28c', 'a2d762b4-94c1-4e3d-86dd-c1c0bb78c2e7', '236.59');
INSERT INTO "ingredients"("guid","name","dimension") VALUES('f3f6f1ce-3424-4e70-8269-1961d3cf1265', 'cumin', 'teaspoons') ON CONFLICT (name) DO UPDATE SET name = EXCLUDED.name;
INSERT INTO "recipe_ingredients"("recipe_id","ingredient_id","count") VALUES('678b98d5-1150-4719-bf3e-1c326945f28c', 'f3f6f1ce-3424-4e70-8269-1961d3cf1265', '0.50');
INSERT INTO "ingredients"("guid","name","dimension") VALUES('49a07c73-8ee0-46e4-88a4-873167fb7a5f', 'green enchilada sauce', 'grams') ON CONFLICT (name) DO UPDATE SET name = EXCLUDED.name;
INSERT INTO "recipe_ingredients"("recipe_id","ingredient_id","count") VALUES('678b98d5-1150-4719-bf3e-1c326945f28c', '49a07c73-8ee0-46e4-88a4-873167fb7a5f', '283.50');
INSERT INTO "ingredients"("guid","name","dimension") VALUES('246b1fe9-2ff9-46fa-941e-12c502a98a40', 'cilantro', 'Tbsps') ON CONFLICT (name) DO UPDATE SET name = EXCLUDED.name;
INSERT INTO "recipe_ingredients"("recipe_id","ingredient_id","count") VALUES('678b98d5-1150-4719-bf3e-1c326945f28c', '246b1fe9-2ff9-46fa-941e-12c502a98a40', '2.00');
INSERT INTO "ingredients"("guid","name","dimension") VALUES('bae5d8c1-26a3-4c71-a5c6-226558e8047f', 'spring onions', 'servings') ON CONFLICT (name) DO UPDATE SET name = EXCLUDED.name;
INSERT INTO "recipe_ingredients"("recipe_id","ingredient_id","count") VALUES('678b98d5-1150-4719-bf3e-1c326945f28c', 'bae5d8c1-26a3-4c71-a5c6-226558e8047f', '4.00');
INSERT INTO "ingredients"("guid","name","dimension") VALUES('a2b7a3af-85e0-46dd-b874-12b09f0c7e2f', 'italian tomato', '') ON CONFLICT (name) DO UPDATE SET name = EXCLUDED.name;
INSERT INTO "recipe_ingredients"("recipe_id","ingredient_id","count") VALUES('678b98d5-1150-4719-bf3e-1c326945f28c', 'a2b7a3af-85e0-46dd-b874-12b09f0c7e2f', '1.00');
INSERT INTO "ingredients"("guid","name","dimension") VALUES('9d2c9ee9-fe26-4970-a0f6-256bcee3f2c3', 'table salt', 'servings') ON CONFLICT (name) DO UPDATE SET name = EXCLUDED.name;
INSERT INTO "recipe_ingredients"("recipe_id","ingredient_id","count") VALUES('678b98d5-1150-4719-bf3e-1c326945f28c', '9d2c9ee9-fe26-4970-a0f6-256bcee3f2c3', '4.00');
INSERT INTO "ingredients"("guid","name","dimension") VALUES('e225cbc6-4181-4a1d-9d0c-f554e9fe52d1', 'shredded cheese', 'milliliters') ON CONFLICT (name) DO UPDATE SET name = EXCLUDED.name;
INSERT INTO "recipe_ingredients"("recipe_id","ingredient_id","count") VALUES('678b98d5-1150-4719-bf3e-1c326945f28c', 'e225cbc6-4181-4a1d-9d0c-f554e9fe52d1', '473.18');
INSERT INTO "ingredients"("guid","name","dimension") VALUES('2bc344f3-5d44-463a-9232-094a3499e200', 'boneless skinless chicken breast', '') ON CONFLICT (name) DO UPDATE SET name = EXCLUDED.name;
INSERT INTO "recipe_ingredients"("recipe_id","ingredient_id","count") VALUES('678b98d5-1150-4719-bf3e-1c326945f28c', '2bc344f3-5d44-463a-9232-094a3499e200', '1.00');
INSERT INTO "ingredients"("guid","name","dimension") VALUES('406330f5-eb66-4456-b015-72232d4b15c9', 'sweet corn', 'grams') ON CONFLICT (name) DO UPDATE SET name = EXCLUDED.name;
INSERT INTO "recipe_ingredients"("recipe_id","ingredient_id","count") VALUES('678b98d5-1150-4719-bf3e-1c326945f28c', '406330f5-eb66-4456-b015-72232d4b15c9', '425.24');
INSERT INTO "ingredients"("guid","name","dimension") VALUES('3943039d-abb7-48ed-ac4e-93eca99fcb3c', 'white pepper', 'teaspoons') ON CONFLICT (name) DO UPDATE SET name = EXCLUDED.name;
INSERT INTO "recipe_ingredients"("recipe_id","ingredient_id","count") VALUES('678b98d5-1150-4719-bf3e-1c326945f28c', '3943039d-abb7-48ed-ac4e-93eca99fcb3c', '0.50');
INSERT INTO "cooking_steps"("guid","recipe_id","order_number","description") VALUES('35ead81b-7a23-4d94-93c5-04fd3ca568ce', '678b98d5-1150-4719-bf3e-1c326945f28c', '1', 'To get started, heat your oven to 350 and prepare an 8x8 baking dish. Cook the quinoa according to the instructions. If you haven''t already, boil and shred your chicken breast.In a medium sized mixing bowl add 2 Tbsp cilantro, 1 cup shredded cheese, quinoa, tomatoes with chilis, black beans, half of the can of sweet corn, verde enchilada sauce, cumin, chili powder, white pepper, black pepper, and salt to taste.');
INSERT INTO "cooking_steps"("guid","recipe_id","order_number","description") VALUES('46625dcb-e7da-4485-9e1a-fc33155f9dc2', '678b98d5-1150-4719-bf3e-1c326945f28c', '2', 'Mix everything well, and then pour into the 8 x8 baking dish. Cover with the last cup of cheese and then bake in the oven for 15 minutes.');
INSERT INTO "cooking_steps"("guid","recipe_id","order_number","description") VALUES('2a1b04ea-500b-4d4a-9f36-d6b40bed5e57', '678b98d5-1150-4719-bf3e-1c326945f28c', '3', 'Remove from oven and allow to cool for 5 minutes. Then top with chopped Roma tomato, chopped avocado, green onion tops, and remaining 2 tsp of cilantro.');
INSERT INTO "cooking_steps"("guid","recipe_id","order_number","description") VALUES('e96cad9f-4e18-44ce-87e6-35c381eaae81', '678b98d5-1150-4719-bf3e-1c326945f28c', '4', 'Serve immediately.');
INSERT INTO "recipe"("guid","title","description") VALUES('4bc1bac6-b019-450d-98de-53c6ded62c5d', 'Jade Buddha Salmon Tartare', 'Need a gluten free, dairy free, paleolithic, and primal main course? Jade Buddha Salmon Tartare could be an outstanding recipe to try. This recipe serves 2 and costs $6.96 per serving. One serving contains 382 calories, 34g of protein, and 25g of fat. If you have olive oil to coat, green onion, salt and pepper, and a few other ingredients on hand, you can make it. 28 people were glad they tried this recipe. It is brought to you by Foodista. From preparation to the plate, this recipe takes roughly 45 minutes. Overall, this recipe earns an awesome spoonacular score of 97%. If you like this recipe, you might also like recipes such as Salmon Tartare, Salmon Tartare, and Salmon Tartare.');
INSERT INTO "ingredients"("guid","name","dimension") VALUES('2b9054c2-fa93-4775-923b-02ec7bd8138f', 'salmon', 'grams') ON CONFLICT (name) DO UPDATE SET name = EXCLUDED.name;
INSERT INTO "recipe_ingredients"("recipe_id","ingredient_id","count") VALUES('4bc1bac6-b019-450d-98de-53c6ded62c5d', '2b9054c2-fa93-4775-923b-02ec7bd8138f', '340.19');
INSERT INTO "ingredients"("guid","name","dimension") VALUES('bae5d8c1-26a3-4c71-a5c6-226558e8047f', 'spring onions', 'Tbsps') ON CONFLICT (name) DO UPDATE SET name = EXCLUDED.name;
INSERT INTO "recipe_ingredients"("recipe_id","ingredient_id","count") VALUES('4bc1bac6-b019-450d-98de-53c6ded62c5d', 'bae5d8c1-26a3-4c71-a5c6-226558e8047f', '2.00');
INSERT INTO "ingredients"("guid","name","dimension") VALUES('f5d091a0-c544-40d7-ae9a-e2476062db89', 'chives', 'Tbsp') ON CONFLICT (name) DO UPDATE SET name = EXCLUDED.name;
INSERT INTO "recipe_ingredients"("recipe_id","ingredient_id","count") VALUES('4bc1bac6-b019-450d-98de-53c6ded62c5d', 'f5d091a0-c544-40d7-ae9a-e2476062db89', '1.00');
INSERT INTO "ingredients"("guid","name","dimension") VALUES('246b1fe9-2ff9-46fa-941e-12c502a98a40', 'cilantro', 'Tbsp') ON CONFLICT (name) DO UPDATE SET name = EXCLUDED.name;
INSERT INTO "recipe_ingredients"("recipe_id","ingredient_id","count") VALUES('4bc1bac6-b019-450d-98de-53c6ded62c5d', '246b1fe9-2ff9-46fa-941e-12c502a98a40', '1.00');
INSERT INTO "ingredients"("guid","name","dimension") VALUES('d8902938-f743-4844-a40a-f05bb6913c3f', 'thai basil', 'Tbsp') ON CONFLICT (name) DO UPDATE SET name = EXCLUDED.name;
INSERT INTO "recipe_ingredients"("recipe_id","ingredient_id","count") VALUES('4bc1bac6-b019-450d-98de-53c6ded62c5d', 'd8902938-f743-4844-a40a-f05bb6913c3f', '1.00');
INSERT INTO "ingredients"("guid","name","dimension") VALUES('a74c9e58-db22-4358-a352-ce0840f6263c', 'ginger', 'teaspoons') ON CONFLICT (name) DO UPDATE SET name = EXCLUDED.name;
INSERT INTO "recipe_ingredients"("recipe_id","ingredient_id","count") VALUES('4bc1bac6-b019-450d-98de-53c6ded62c5d', 'a74c9e58-db22-4358-a352-ce0840f6263c', '2.00');
INSERT INTO "ingredients"("guid","name","dimension") VALUES('481d82c8-6f91-487e-8e73-455145d6b121', 'lime peel', '') ON CONFLICT (name) DO UPDATE SET name = EXCLUDED.name;
INSERT INTO "recipe_ingredients"("recipe_id","ingredient_id","count") VALUES('4bc1bac6-b019-450d-98de-53c6ded62c5d', '481d82c8-6f91-487e-8e73-455145d6b121', '1.00');
INSERT INTO "ingredients"("guid","name","dimension") VALUES('855a3b90-4e3d-422d-bb73-c35bb65e2742', 'lime juice', 'Tbsp') ON CONFLICT (name) DO UPDATE SET name = EXCLUDED.name;
INSERT INTO "recipe_ingredients"("recipe_id","ingredient_id","count") VALUES('4bc1bac6-b019-450d-98de-53c6ded62c5d', '855a3b90-4e3d-422d-bb73-c35bb65e2742', '1.00');
INSERT INTO "ingredients"("guid","name","dimension") VALUES('1deafa55-34c9-4ca1-a665-0f9d52b91622', 'rice vinegar', 'teaspoon') ON CONFLICT (name) DO UPDATE SET name = EXCLUDED.name;
INSERT INTO "recipe_ingredients"("recipe_id","ingredient_id","count") VALUES('4bc1bac6-b019-450d-98de-53c6ded62c5d', '1deafa55-34c9-4ca1-a665-0f9d52b91622', '1.00');
INSERT INTO "ingredients"("guid","name","dimension") VALUES('c1a3f10f-c1ad-4357-aa21-556f991b7742', 'habanero chili', 'servings') ON CONFLICT (name) DO UPDATE SET name = EXCLUDED.name;
INSERT INTO "recipe_ingredients"("recipe_id","ingredient_id","count") VALUES('4bc1bac6-b019-450d-98de-53c6ded62c5d', 'c1a3f10f-c1ad-4357-aa21-556f991b7742', '2.00');
INSERT INTO "ingredients"("guid","name","dimension") VALUES('bd6df831-fb53-48d0-af46-c32ee7488a9b', 'salt and pepper', 'servings') ON CONFLICT (name) DO UPDATE SET name = EXCLUDED.name;
INSERT INTO "recipe_ingredients"("recipe_id","ingredient_id","count") VALUES('4bc1bac6-b019-450d-98de-53c6ded62c5d', 'bd6df831-fb53-48d0-af46-c32ee7488a9b', '2.00');
INSERT INTO "ingredients"("guid","name","dimension") VALUES('903d4219-5d08-479e-85f9-3b1719bd0244', 'olive oil', 'servings') ON CONFLICT (name) DO UPDATE SET name = EXCLUDED.name;
INSERT INTO "recipe_ingredients"("recipe_id","ingredient_id","count") VALUES('4bc1bac6-b019-450d-98de-53c6ded62c5d', '903d4219-5d08-479e-85f9-3b1719bd0244', '2.00');
INSERT INTO "cooking_steps"("guid","recipe_id","order_number","description") VALUES('3e121868-b7fa-49c3-a62c-ae2e22fb8a1c', '4bc1bac6-b019-450d-98de-53c6ded62c5d', '1', 'Combine all ingredients except lime juice and vinegar.');
INSERT INTO "cooking_steps"("guid","recipe_id","order_number","description") VALUES('61310ac7-474b-4df8-8b04-e05e5d4a3ede', '4bc1bac6-b019-450d-98de-53c6ded62c5d', '2', 'Chill for 30 minutes.');
INSERT INTO "cooking_steps"("guid","recipe_id","order_number","description") VALUES('6bb20810-df93-48d2-bb7e-b261db332ff7', '4bc1bac6-b019-450d-98de-53c6ded62c5d', '3', 'Add lime juice and vinegar, adjust to perfect, and serve.');
INSERT INTO "recipe"("guid","title","description") VALUES('36c50dde-dbab-44cf-b26b-309b66d22916', 'Spicy Black-Eyed Pea Curry with Swiss Chard and Roasted Eggplant', 'The recipe Spicy Black-Eyed Pea Curry with Swiss Chard and Roasted Eggplant could satisfy your Indian craving in around 45 minutes. This recipe serves 6 and costs 94 cents per serving. This hor d''oeuvre has 129 calories, 7g of protein, and 2g of fat per serving. It is brought to you by foodandspice.blogspot.com. If you have black-eyed peas, olive oil, globe, and a few other ingredients on hand, you can make it. This recipe is liked by 32 foodies and cooks. It is a good option if you''re following a gluten free, dairy free, lacto ovo vegetarian, and vegan diet. All things considered, we decided this recipe deserves a spoonacular score of 98%. This score is outstanding. Try Roasted Eggplant and Swiss Chard Lasagna, Pumpkin, Black-Eyed Pea, and Coconut Curry, and Spicy Black-eyed Pea Relish for similar recipes.');
INSERT INTO "ingredients"("guid","name","dimension") VALUES('5e4dd1fe-821c-41f6-acad-df19c5a9a1b1', 'blackeyed peas', 'milliliters') ON CONFLICT (name) DO UPDATE SET name = EXCLUDED.name;
INSERT INTO "recipe_ingredients"("recipe_id","ingredient_id","count") VALUES('36c50dde-dbab-44cf-b26b-309b66d22916', '5e4dd1fe-821c-41f6-acad-df19c5a9a1b1', '473.18');
INSERT INTO "ingredients"("guid","name","dimension") VALUES('bab5eca8-bf50-4fb3-a2db-3795a8c1ab86', 'curry powder', 'teaspoons') ON CONFLICT (name) DO UPDATE SET name = EXCLUDED.name;
INSERT INTO "recipe_ingredients"("recipe_id","ingredient_id","count") VALUES('36c50dde-dbab-44cf-b26b-309b66d22916', 'bab5eca8-bf50-4fb3-a2db-3795a8c1ab86', '2.00');
INSERT INTO "ingredients"("guid","name","dimension") VALUES('9dfdb9ae-ba01-4c4e-9deb-b2309f406d1d', 'garam masala', 'teaspoons') ON CONFLICT (name) DO UPDATE SET name = EXCLUDED.name;
INSERT INTO "recipe_ingredients"("recipe_id","ingredient_id","count") VALUES('36c50dde-dbab-44cf-b26b-309b66d22916', '9dfdb9ae-ba01-4c4e-9deb-b2309f406d1d', '0.50');
INSERT INTO "ingredients"("guid","name","dimension") VALUES('018ec777-3b59-4158-8968-2307ac8d000d', 'eggplant', 'large') ON CONFLICT (name) DO UPDATE SET name = EXCLUDED.name;
INSERT INTO "recipe_ingredients"("recipe_id","ingredient_id","count") VALUES('36c50dde-dbab-44cf-b26b-309b66d22916', '018ec777-3b59-4158-8968-2307ac8d000d', '1.00');
INSERT INTO "ingredients"("guid","name","dimension") VALUES('bfa4266a-56db-44ea-b7cf-8a05cf2d10c5', 'ground coriander', 'teaspoons') ON CONFLICT (name) DO UPDATE SET name = EXCLUDED.name;
INSERT INTO "recipe_ingredients"("recipe_id","ingredient_id","count") VALUES('36c50dde-dbab-44cf-b26b-309b66d22916', 'bfa4266a-56db-44ea-b7cf-8a05cf2d10c5', '0.50');
INSERT INTO "ingredients"("guid","name","dimension") VALUES('17e245fd-e142-4987-8aeb-e235f22d603f', 'ground cumin', 'teaspoons') ON CONFLICT (name) DO UPDATE SET name = EXCLUDED.name;
INSERT INTO "recipe_ingredients"("recipe_id","ingredient_id","count") VALUES('36c50dde-dbab-44cf-b26b-309b66d22916', '17e245fd-e142-4987-8aeb-e235f22d603f', '0.50');
INSERT INTO "ingredients"("guid","name","dimension") VALUES('43e38622-a8fe-479a-a313-9bc8b7e02736', 'mustard powder', 'teaspoons') ON CONFLICT (name) DO UPDATE SET name = EXCLUDED.name;
INSERT INTO "recipe_ingredients"("recipe_id","ingredient_id","count") VALUES('36c50dde-dbab-44cf-b26b-309b66d22916', '43e38622-a8fe-479a-a313-9bc8b7e02736', '0.50');
INSERT INTO "ingredients"("guid","name","dimension") VALUES('9310a5ee-a22e-4ea4-b985-7b23c5ff8baa', 'lemon juice', '') ON CONFLICT (name) DO UPDATE SET name = EXCLUDED.name;
INSERT INTO "recipe_ingredients"("recipe_id","ingredient_id","count") VALUES('36c50dde-dbab-44cf-b26b-309b66d22916', '9310a5ee-a22e-4ea4-b985-7b23c5ff8baa', '3.00');
INSERT INTO "ingredients"("guid","name","dimension") VALUES('903d4219-5d08-479e-85f9-3b1719bd0244', 'olive oil', 'teaspoons') ON CONFLICT (name) DO UPDATE SET name = EXCLUDED.name;
INSERT INTO "recipe_ingredients"("recipe_id","ingredient_id","count") VALUES('36c50dde-dbab-44cf-b26b-309b66d22916', '903d4219-5d08-479e-85f9-3b1719bd0244', '2.00');
INSERT INTO "ingredients"("guid","name","dimension") VALUES('601f8872-70ae-4931-823f-2136ceee2d26', 'green chili pepper', '') ON CONFLICT (name) DO UPDATE SET name = EXCLUDED.name;
INSERT INTO "recipe_ingredients"("recipe_id","ingredient_id","count") VALUES('36c50dde-dbab-44cf-b26b-309b66d22916', '601f8872-70ae-4931-823f-2136ceee2d26', '2.00');
INSERT INTO "ingredients"("guid","name","dimension") VALUES('a742c14e-2eb2-41f0-9f10-8ca45400f0ab', 'coarse sea salt', 'teaspoon') ON CONFLICT (name) DO UPDATE SET name = EXCLUDED.name;
INSERT INTO "recipe_ingredients"("recipe_id","ingredient_id","count") VALUES('36c50dde-dbab-44cf-b26b-309b66d22916', 'a742c14e-2eb2-41f0-9f10-8ca45400f0ab', '1.00');
INSERT INTO "ingredients"("guid","name","dimension") VALUES('96937524-708e-453a-b988-e4d7c3c1590a', 'shallot', '') ON CONFLICT (name) DO UPDATE SET name = EXCLUDED.name;
INSERT INTO "recipe_ingredients"("recipe_id","ingredient_id","count") VALUES('36c50dde-dbab-44cf-b26b-309b66d22916', '96937524-708e-453a-b988-e4d7c3c1590a', '2.00');
INSERT INTO "ingredients"("guid","name","dimension") VALUES('9e2f73ec-7f09-4623-8fad-78490860058d', 'swiss chard', 'bunch') ON CONFLICT (name) DO UPDATE SET name = EXCLUDED.name;
INSERT INTO "recipe_ingredients"("recipe_id","ingredient_id","count") VALUES('36c50dde-dbab-44cf-b26b-309b66d22916', '9e2f73ec-7f09-4623-8fad-78490860058d', '1.00');
INSERT INTO "ingredients"("guid","name","dimension") VALUES('103718c9-2e4b-4aaf-af88-5d6090b19faa', 'tomato', 'medium') ON CONFLICT (name) DO UPDATE SET name = EXCLUDED.name;
INSERT INTO "recipe_ingredients"("recipe_id","ingredient_id","count") VALUES('36c50dde-dbab-44cf-b26b-309b66d22916', '103718c9-2e4b-4aaf-af88-5d6090b19faa', '1.00');
INSERT INTO "ingredients"("guid","name","dimension") VALUES('faa7c536-494d-46a2-8bfc-649cb208f1d0', 'water', 'Tbsps') ON CONFLICT (name) DO UPDATE SET name = EXCLUDED.name;
INSERT INTO "recipe_ingredients"("recipe_id","ingredient_id","count") VALUES('36c50dde-dbab-44cf-b26b-309b66d22916', 'faa7c536-494d-46a2-8bfc-649cb208f1d0', '5.00');
INSERT INTO "cooking_steps"("guid","recipe_id","order_number","description") VALUES('5d6e24cc-deb6-4e46-992e-7ee9b3029aae', '36c50dde-dbab-44cf-b26b-309b66d22916', '1', 'Rinse the black-eyed peas and soak in several inches of water for 6 hours or overnight.');
INSERT INTO "cooking_steps"("guid","recipe_id","order_number","description") VALUES('076d81c1-7294-4049-b69c-3e463ace992d', '36c50dde-dbab-44cf-b26b-309b66d22916', '2', 'Drain and rinse, then transfer to a large saucepan and cover with fresh water. Bring to a boil, reduce heat to medium-low, cover, and simmer for 40 to 60 minutes. Take care not to overcook  the beans should be tender but not be falling apart.');
INSERT INTO "cooking_steps"("guid","recipe_id","order_number","description") VALUES('c47d7291-e4b2-4093-8997-1708cfe54374', '36c50dde-dbab-44cf-b26b-309b66d22916', '3', 'Drain and set aside.To prepare the eggplant, cut of the stem and bottom edge and then cut in half lengthwise. Score the flesh into diagonal 1-inch lines, then turn and score again until you have a diagonal pattern. Take care not to cut through the skin.');
INSERT INTO "cooking_steps"("guid","recipe_id","order_number","description") VALUES('ab052c0c-63bf-452f-b0c4-c53c79036a4c', '36c50dde-dbab-44cf-b26b-309b66d22916', '4', 'Sprinkle with some salt and let sit for 40 minutes. Rinse and squeeze out any excess water.');
INSERT INTO "cooking_steps"("guid","recipe_id","order_number","description") VALUES('386edce9-1281-420f-9f8b-2b8161438b91', '36c50dde-dbab-44cf-b26b-309b66d22916', '5', 'Brush the eggplant with some oil and transfer to a roasting pan.');
INSERT INTO "cooking_steps"("guid","recipe_id","order_number","description") VALUES('c23421f5-bb4f-4f20-98df-3086fb6de139', '36c50dde-dbab-44cf-b26b-309b66d22916', '6', 'Bake in a preheated 400 oven until the flesh appears collapsed and is wrinkly.');
INSERT INTO "cooking_steps"("guid","recipe_id","order_number","description") VALUES('788c356d-e0c2-49df-aca2-d34d5b747fc1', '36c50dde-dbab-44cf-b26b-309b66d22916', '7', 'Remove from heat and let cool for about 10 minutes, season with a bit of salt, and remove the flesh from the eggplant. If there is too much water, drain in a strainer. Set aside.');
INSERT INTO "cooking_steps"("guid","recipe_id","order_number","description") VALUES('8c309c4b-9204-4ccd-b4ac-51bf9fa7191d', '36c50dde-dbab-44cf-b26b-309b66d22916', '8', 'Heat the oil over medium heat in the same saucepan used to cook the black-eyed peas. When hot, toss in the shallots and chilies and saut for 2 to 3 minutes. Now add the spices and stir for another minute, until fragrant.');
INSERT INTO "cooking_steps"("guid","recipe_id","order_number","description") VALUES('e56dc03e-005f-4d8e-9ec0-8d2d9056f41c', '36c50dde-dbab-44cf-b26b-309b66d22916', '9', 'Add the tomato, cook for another few minutes, and then add the eggplant and black-eyed peas, and cook for another few minutes, stirring often.');
INSERT INTO "cooking_steps"("guid","recipe_id","order_number","description") VALUES('25371b5c-43c3-43c2-9390-6f8c517133ee', '36c50dde-dbab-44cf-b26b-309b66d22916', '10', 'Pour a few tablespoons of water into the pan and add handfuls of chard at a time until wilted.');
INSERT INTO "cooking_steps"("guid","recipe_id","order_number","description") VALUES('93200268-7137-4927-965f-b73e658792a5', '36c50dde-dbab-44cf-b26b-309b66d22916', '11', 'Add more water as necessary.');
INSERT INTO "cooking_steps"("guid","recipe_id","order_number","description") VALUES('948159cb-7333-4129-82e0-84abf3b08893', '36c50dde-dbab-44cf-b26b-309b66d22916', '12', 'Add the lemon juice and salt to taste near the end of the cooking time.');
INSERT INTO "cooking_steps"("guid","recipe_id","order_number","description") VALUES('3fa652da-d314-488d-94bc-c584d94130af', '36c50dde-dbab-44cf-b26b-309b66d22916', '13', 'Remove from heat, cover, and let sit for a few minutes before serving.');
INSERT INTO "recipe"("guid","title","description") VALUES('d6afda61-5c82-4e7a-91ee-add9588807ba', 'Quinoa Salad with Vegetables and Cashews', 'Quinoa Salad with Vegetables and Cashews is a gluten free, dairy free, lacto ovo vegetarian, and vegan hor d''oeuvre. One serving contains 309 calories, 7g of protein, and 24g of fat. This recipe serves 6 and costs $1.47 per serving. This recipe is liked by 88 foodies and cooks. A mixture of olive oil, quinoa, dijon mustard, and a handful of other ingredients are all it takes to make this recipe so delicious. From preparation to the plate, this recipe takes around 45 minutes. It is brought to you by foodandspice.blogspot.com. All things considered, we decided this recipe deserves a spoonacular score of 98%. This score is outstanding. If you like this recipe, take a look at these similar recipes: Cashews and Vegetables, Quinoa Salad with Vegetables, and Zesty Quinoa With Broccoli And Cashews.');
INSERT INTO "ingredients"("guid","name","dimension") VALUES('d6924203-c1e8-41f0-8feb-d43d91e228b8', 'brussels sprouts', 'milliliters') ON CONFLICT (name) DO UPDATE SET name = EXCLUDED.name;
INSERT INTO "recipe_ingredients"("recipe_id","ingredient_id","count") VALUES('d6afda61-5c82-4e7a-91ee-add9588807ba', 'd6924203-c1e8-41f0-8feb-d43d91e228b8', '354.88');
INSERT INTO "ingredients"("guid","name","dimension") VALUES('6b9754b0-3c6c-4528-a35f-9d80119ed1aa', 'carrot', 'mediums') ON CONFLICT (name) DO UPDATE SET name = EXCLUDED.name;
INSERT INTO "recipe_ingredients"("recipe_id","ingredient_id","count") VALUES('d6afda61-5c82-4e7a-91ee-add9588807ba', '6b9754b0-3c6c-4528-a35f-9d80119ed1aa', '2.00');
INSERT INTO "ingredients"("guid","name","dimension") VALUES('a8774ada-6a78-4598-a778-7da4268d315b', 'cherry tomato', 'milliliters') ON CONFLICT (name) DO UPDATE SET name = EXCLUDED.name;
INSERT INTO "recipe_ingredients"("recipe_id","ingredient_id","count") VALUES('d6afda61-5c82-4e7a-91ee-add9588807ba', 'a8774ada-6a78-4598-a778-7da4268d315b', '118.29');
INSERT INTO "ingredients"("guid","name","dimension") VALUES('450ea6f5-e6ff-4e72-8365-7c4d9799aab3', 'dijon mustard', 'teaspoon') ON CONFLICT (name) DO UPDATE SET name = EXCLUDED.name;
INSERT INTO "recipe_ingredients"("recipe_id","ingredient_id","count") VALUES('d6afda61-5c82-4e7a-91ee-add9588807ba', '450ea6f5-e6ff-4e72-8365-7c4d9799aab3', '1.00');
INSERT INTO "ingredients"("guid","name","dimension") VALUES('3f7a39ce-ed38-4809-aea7-8a046670fb05', 'garlic', 'clove') ON CONFLICT (name) DO UPDATE SET name = EXCLUDED.name;
INSERT INTO "recipe_ingredients"("recipe_id","ingredient_id","count") VALUES('d6afda61-5c82-4e7a-91ee-add9588807ba', '3f7a39ce-ed38-4809-aea7-8a046670fb05', '1.00');
INSERT INTO "ingredients"("guid","name","dimension") VALUES('9310a5ee-a22e-4ea4-b985-7b23c5ff8baa', 'lemon juice', '') ON CONFLICT (name) DO UPDATE SET name = EXCLUDED.name;
INSERT INTO "recipe_ingredients"("recipe_id","ingredient_id","count") VALUES('d6afda61-5c82-4e7a-91ee-add9588807ba', '9310a5ee-a22e-4ea4-b985-7b23c5ff8baa', '3.00');
INSERT INTO "ingredients"("guid","name","dimension") VALUES('65d1ae48-d484-44fa-8b5f-95bc94c831b0', 'kale', 'stalks') ON CONFLICT (name) DO UPDATE SET name = EXCLUDED.name;
INSERT INTO "recipe_ingredients"("recipe_id","ingredient_id","count") VALUES('d6afda61-5c82-4e7a-91ee-add9588807ba', '65d1ae48-d484-44fa-8b5f-95bc94c831b0', '5.00');
INSERT INTO "ingredients"("guid","name","dimension") VALUES('903d4219-5d08-479e-85f9-3b1719bd0244', 'olive oil', 'milliliters') ON CONFLICT (name) DO UPDATE SET name = EXCLUDED.name;
INSERT INTO "recipe_ingredients"("recipe_id","ingredient_id","count") VALUES('d6afda61-5c82-4e7a-91ee-add9588807ba', '903d4219-5d08-479e-85f9-3b1719bd0244', '118.29');
INSERT INTO "ingredients"("guid","name","dimension") VALUES('049dc4f6-66db-4fdd-9996-a0fe3664421d', 'parsnip', 'medium') ON CONFLICT (name) DO UPDATE SET name = EXCLUDED.name;
INSERT INTO "recipe_ingredients"("recipe_id","ingredient_id","count") VALUES('d6afda61-5c82-4e7a-91ee-add9588807ba', '049dc4f6-66db-4fdd-9996-a0fe3664421d', '1.00');
INSERT INTO "ingredients"("guid","name","dimension") VALUES('7db42398-f612-4882-bd1e-3cf1a9eab985', 'pumpkin seeds', 'milliliters') ON CONFLICT (name) DO UPDATE SET name = EXCLUDED.name;
INSERT INTO "recipe_ingredients"("recipe_id","ingredient_id","count") VALUES('d6afda61-5c82-4e7a-91ee-add9588807ba', '7db42398-f612-4882-bd1e-3cf1a9eab985', '59.15');
INSERT INTO "ingredients"("guid","name","dimension") VALUES('a2d762b4-94c1-4e3d-86dd-c1c0bb78c2e7', 'cooked quinoa', 'milliliters') ON CONFLICT (name) DO UPDATE SET name = EXCLUDED.name;
INSERT INTO "recipe_ingredients"("recipe_id","ingredient_id","count") VALUES('d6afda61-5c82-4e7a-91ee-add9588807ba', 'a2d762b4-94c1-4e3d-86dd-c1c0bb78c2e7', '177.44');
INSERT INTO "ingredients"("guid","name","dimension") VALUES('5a757b86-1bda-41fe-937c-f03c7cd420a4', 'cashews', 'milliliters') ON CONFLICT (name) DO UPDATE SET name = EXCLUDED.name;
INSERT INTO "recipe_ingredients"("recipe_id","ingredient_id","count") VALUES('d6afda61-5c82-4e7a-91ee-add9588807ba', '5a757b86-1bda-41fe-937c-f03c7cd420a4', '78.86');
INSERT INTO "ingredients"("guid","name","dimension") VALUES('fa00c8c9-a8c2-40a6-9662-52aaf797b9b1', 'sesame oil', 'Tbsps') ON CONFLICT (name) DO UPDATE SET name = EXCLUDED.name;
INSERT INTO "recipe_ingredients"("recipe_id","ingredient_id","count") VALUES('d6afda61-5c82-4e7a-91ee-add9588807ba', 'fa00c8c9-a8c2-40a6-9662-52aaf797b9b1', '4.00');
INSERT INTO "ingredients"("guid","name","dimension") VALUES('ae846a01-b123-4983-b86f-bff61d4f8ef8', 'sesame seeds', 'milliliters') ON CONFLICT (name) DO UPDATE SET name = EXCLUDED.name;
INSERT INTO "recipe_ingredients"("recipe_id","ingredient_id","count") VALUES('d6afda61-5c82-4e7a-91ee-add9588807ba', 'ae846a01-b123-4983-b86f-bff61d4f8ef8', '59.15');
INSERT INTO "ingredients"("guid","name","dimension") VALUES('64587616-59e5-443d-bc9b-f5204c1d538e', 'sunflower seeds', 'milliliters') ON CONFLICT (name) DO UPDATE SET name = EXCLUDED.name;
INSERT INTO "recipe_ingredients"("recipe_id","ingredient_id","count") VALUES('d6afda61-5c82-4e7a-91ee-add9588807ba', '64587616-59e5-443d-bc9b-f5204c1d538e', '59.15');
INSERT INTO "cooking_steps"("guid","recipe_id","order_number","description") VALUES('8d0b1521-b22a-4929-8842-3f0db1fa92d8', 'd6afda61-5c82-4e7a-91ee-add9588807ba', '1', 'Line a baking sheet with parchment paper and preheat an oven to 35');
INSERT INTO "cooking_steps"("guid","recipe_id","order_number","description") VALUES('187507ea-a25a-430f-ad62-46f99040e1f0', 'd6afda61-5c82-4e7a-91ee-add9588807ba', '2', 'Toss the parsnip, carrots and Brussels sprouts with 1 tablespoon of the olive oil and spread evenly on the pan. Roast for 30 minutes or until tender, stirring the vegetables half way through the cooking time.Meanwhile, toast the cashews, sunflower seeds, pumpkin seeds and sesame seeds in a dry unoiled skillet over medium-low heat for 10 to 15 minutes, tossing frequently, until the cashews and sesame seeds are lighly browned.Toss the kale with the remaining 3 tablespoons of olive oil in a large salad bowl. Fluff the quinoa and add to the bowl along with the roasted vegetables and cherry tomatoes.');
INSERT INTO "cooking_steps"("guid","recipe_id","order_number","description") VALUES('8b368652-5536-42c0-aaee-201efc60a18e', 'd6afda61-5c82-4e7a-91ee-add9588807ba', '3', 'Whisk together the dressing ingredients.');
INSERT INTO "cooking_steps"("guid","recipe_id","order_number","description") VALUES('bff6261c-c446-4b32-a224-bf9384f2155b', 'd6afda61-5c82-4e7a-91ee-add9588807ba', '4', 'Pour the dressing over the salad and toss.');
INSERT INTO "cooking_steps"("guid","recipe_id","order_number","description") VALUES('2592801b-2fa2-4318-9959-a6fd088ef79d', 'd6afda61-5c82-4e7a-91ee-add9588807ba', '5', 'Serve at room temperature or chilled.');
INSERT INTO "cooking_steps"("guid","recipe_id","order_number","description") VALUES('2ee4ee69-5c2c-49b6-9ac2-55a55f6b3ebb', 'd6afda61-5c82-4e7a-91ee-add9588807ba', '6', 'Sprinkle each serving with a scattering of toasted cashews and seeds.');
INSERT INTO "recipe"("guid","title","description") VALUES('eeb1dcfc-f3a5-471d-baea-af52730e7cc6', 'Moroccan chickpea and lentil stew', 'The recipe Moroccan chickpean and lentil stew can be made in roughly 30 minutes. This dairy free, lacto ovo vegetarian, and vegan recipe serves 3 and costs $1.26 per serving. This main course has 466 calories, 20g of protein, and 7g of fat per serving. This recipe is liked by 11 foodies and cooks. It can be enjoyed any time, but it is especially good for Autumn. It is brought to you by Foodista. If you have olive oil, salt and pepper, tomato paste, and a few other ingredients on hand, you can make it. All things considered, we decided this recipe deserves a spoonacular score of 97%. This score is outstanding. If you like this recipe, you might also like recipes such as Moroccan chickpean and lentil stew, Butternut Squash, Chickpea & Lentil Moroccan Stew, and Butternut Squash, Chickpea & Lentil Moroccan Stew.');
INSERT INTO "ingredients"("guid","name","dimension") VALUES('8afe6bc8-22d0-4467-882f-e3b1c49bb223', 'broccoli', 'milliliters') ON CONFLICT (name) DO UPDATE SET name = EXCLUDED.name;
INSERT INTO "recipe_ingredients"("recipe_id","ingredient_id","count") VALUES('eeb1dcfc-f3a5-471d-baea-af52730e7cc6', '8afe6bc8-22d0-4467-882f-e3b1c49bb223', '236.59');
INSERT INTO "ingredients"("guid","name","dimension") VALUES('fcd0c27a-e67f-4df0-affa-44848ebda2af', 'canned chickpeas', 'can') ON CONFLICT (name) DO UPDATE SET name = EXCLUDED.name;
INSERT INTO "recipe_ingredients"("recipe_id","ingredient_id","count") VALUES('eeb1dcfc-f3a5-471d-baea-af52730e7cc6', 'fcd0c27a-e67f-4df0-affa-44848ebda2af', '1.00');
INSERT INTO "ingredients"("guid","name","dimension") VALUES('6b9754b0-3c6c-4528-a35f-9d80119ed1aa', 'carrot', 'larges') ON CONFLICT (name) DO UPDATE SET name = EXCLUDED.name;
INSERT INTO "recipe_ingredients"("recipe_id","ingredient_id","count") VALUES('eeb1dcfc-f3a5-471d-baea-af52730e7cc6', '6b9754b0-3c6c-4528-a35f-9d80119ed1aa', '2.00');
INSERT INTO "ingredients"("guid","name","dimension") VALUES('7bce7e8e-0b4f-40d3-a5d3-347724fda61f', 'celery sticks', '') ON CONFLICT (name) DO UPDATE SET name = EXCLUDED.name;
INSERT INTO "recipe_ingredients"("recipe_id","ingredient_id","count") VALUES('eeb1dcfc-f3a5-471d-baea-af52730e7cc6', '7bce7e8e-0b4f-40d3-a5d3-347724fda61f', '2.00');
INSERT INTO "ingredients"("guid","name","dimension") VALUES('d046f727-74d0-420a-8a7d-71ab3b4446aa', 'cooked lentils', 'milliliters') ON CONFLICT (name) DO UPDATE SET name = EXCLUDED.name;
INSERT INTO "recipe_ingredients"("recipe_id","ingredient_id","count") VALUES('eeb1dcfc-f3a5-471d-baea-af52730e7cc6', 'd046f727-74d0-420a-8a7d-71ab3b4446aa', '118.29');
INSERT INTO "ingredients"("guid","name","dimension") VALUES('089b5fc7-6a72-4eb5-8000-84ed11f39b54', 'couscous', 'milliliters') ON CONFLICT (name) DO UPDATE SET name = EXCLUDED.name;
INSERT INTO "recipe_ingredients"("recipe_id","ingredient_id","count") VALUES('eeb1dcfc-f3a5-471d-baea-af52730e7cc6', '089b5fc7-6a72-4eb5-8000-84ed11f39b54', '236.59');
INSERT INTO "ingredients"("guid","name","dimension") VALUES('246b1fe9-2ff9-46fa-941e-12c502a98a40', 'cilantro', 'servings') ON CONFLICT (name) DO UPDATE SET name = EXCLUDED.name;
INSERT INTO "recipe_ingredients"("recipe_id","ingredient_id","count") VALUES('eeb1dcfc-f3a5-471d-baea-af52730e7cc6', '246b1fe9-2ff9-46fa-941e-12c502a98a40', '3.00');
INSERT INTO "ingredients"("guid","name","dimension") VALUES('3c60c89b-d878-4090-bac7-824b53d3e088', 'ground cinnamon', 'teaspoons') ON CONFLICT (name) DO UPDATE SET name = EXCLUDED.name;
INSERT INTO "recipe_ingredients"("recipe_id","ingredient_id","count") VALUES('eeb1dcfc-f3a5-471d-baea-af52730e7cc6', '3c60c89b-d878-4090-bac7-824b53d3e088', '0.12');
INSERT INTO "ingredients"("guid","name","dimension") VALUES('17e245fd-e142-4987-8aeb-e235f22d603f', 'ground cumin', 'teaspoons') ON CONFLICT (name) DO UPDATE SET name = EXCLUDED.name;
INSERT INTO "recipe_ingredients"("recipe_id","ingredient_id","count") VALUES('eeb1dcfc-f3a5-471d-baea-af52730e7cc6', '17e245fd-e142-4987-8aeb-e235f22d603f', '2.00');
INSERT INTO "ingredients"("guid","name","dimension") VALUES('4b82538b-1d68-4fb9-acb3-e67e146391ca', 'turmeric', 'teaspoons') ON CONFLICT (name) DO UPDATE SET name = EXCLUDED.name;
INSERT INTO "recipe_ingredients"("recipe_id","ingredient_id","count") VALUES('eeb1dcfc-f3a5-471d-baea-af52730e7cc6', '4b82538b-1d68-4fb9-acb3-e67e146391ca', '0.50');
INSERT INTO "ingredients"("guid","name","dimension") VALUES('9310a5ee-a22e-4ea4-b985-7b23c5ff8baa', 'lemon juice', 'Tb') ON CONFLICT (name) DO UPDATE SET name = EXCLUDED.name;
INSERT INTO "recipe_ingredients"("recipe_id","ingredient_id","count") VALUES('eeb1dcfc-f3a5-471d-baea-af52730e7cc6', '9310a5ee-a22e-4ea4-b985-7b23c5ff8baa', '1.00');
INSERT INTO "ingredients"("guid","name","dimension") VALUES('903d4219-5d08-479e-85f9-3b1719bd0244', 'olive oil', 'teaspoons') ON CONFLICT (name) DO UPDATE SET name = EXCLUDED.name;
INSERT INTO "recipe_ingredients"("recipe_id","ingredient_id","count") VALUES('eeb1dcfc-f3a5-471d-baea-af52730e7cc6', '903d4219-5d08-479e-85f9-3b1719bd0244', '2.00');
INSERT INTO "ingredients"("guid","name","dimension") VALUES('460855c9-0450-46df-b20f-71b2ecf50bd9', 'paprika', 'teaspoons') ON CONFLICT (name) DO UPDATE SET name = EXCLUDED.name;
INSERT INTO "recipe_ingredients"("recipe_id","ingredient_id","count") VALUES('eeb1dcfc-f3a5-471d-baea-af52730e7cc6', '460855c9-0450-46df-b20f-71b2ecf50bd9', '2.00');
INSERT INTO "ingredients"("guid","name","dimension") VALUES('bd6df831-fb53-48d0-af46-c32ee7488a9b', 'salt and pepper', 'servings') ON CONFLICT (name) DO UPDATE SET name = EXCLUDED.name;
INSERT INTO "recipe_ingredients"("recipe_id","ingredient_id","count") VALUES('eeb1dcfc-f3a5-471d-baea-af52730e7cc6', 'bd6df831-fb53-48d0-af46-c32ee7488a9b', '3.00');
INSERT INTO "ingredients"("guid","name","dimension") VALUES('8ee1a816-aa38-46b9-932b-8765e6f860f5', 'tomato paste', 'Tbs') ON CONFLICT (name) DO UPDATE SET name = EXCLUDED.name;
INSERT INTO "recipe_ingredients"("recipe_id","ingredient_id","count") VALUES('eeb1dcfc-f3a5-471d-baea-af52730e7cc6', '8ee1a816-aa38-46b9-932b-8765e6f860f5', '2.00');
INSERT INTO "ingredients"("guid","name","dimension") VALUES('faa7c536-494d-46a2-8bfc-649cb208f1d0', 'water', 'milliliters') ON CONFLICT (name) DO UPDATE SET name = EXCLUDED.name;
INSERT INTO "recipe_ingredients"("recipe_id","ingredient_id","count") VALUES('eeb1dcfc-f3a5-471d-baea-af52730e7cc6', 'faa7c536-494d-46a2-8bfc-649cb208f1d0', '354.88');
INSERT INTO "cooking_steps"("guid","recipe_id","order_number","description") VALUES('afa3884f-b9f3-41f1-90a5-4ced215499ad', 'eeb1dcfc-f3a5-471d-baea-af52730e7cc6', '1', 'Heat oil in large saucepan over medium-high heat, add onion and cook for about 3 minutes.');
INSERT INTO "cooking_steps"("guid","recipe_id","order_number","description") VALUES('15faa907-744a-4151-b893-fc1d73848562', 'eeb1dcfc-f3a5-471d-baea-af52730e7cc6', '2', 'Add celery, carrot and broccoli to pan and saut for about 5 minutes.');
INSERT INTO "cooking_steps"("guid","recipe_id","order_number","description") VALUES('ba6bfc76-6ec5-4630-a831-e4254a4471f6', 'eeb1dcfc-f3a5-471d-baea-af52730e7cc6', '3', 'Add in all seasonings and cook additional 1 minute.');
INSERT INTO "cooking_steps"("guid","recipe_id","order_number","description") VALUES('7dd6c4cc-4e9c-4fcf-af0b-4dfb3ca78624', 'eeb1dcfc-f3a5-471d-baea-af52730e7cc6', '4', 'Add water, tomato paste, chickpeas and lentils, bring to a boil. Cover, reduce heat to low and simmer for 20 minutes.Meanwhile, cook couscous in separate pan according to package directions.');
INSERT INTO "cooking_steps"("guid","recipe_id","order_number","description") VALUES('6f963e8c-410e-4452-8c56-91a20f5955f9', 'eeb1dcfc-f3a5-471d-baea-af52730e7cc6', '5', 'Add cilantro and lemon juice to stew and serve over warm couscous.');
INSERT INTO "recipe"("guid","title","description") VALUES('d8ad3f70-d7ad-45be-8d23-613c06ed6f6a', 'Citrusy Pecan Garbanzo Couscous: A Salad For Cold Weather', 'If you have about 45 minutes to spend in the kitchen, Citrusy Pecan Garbanzo Couscous: A Salad For Cold Weather might be an amazing dairy free, lacto ovo vegetarian, and vegan recipe to try. This main course has 570 calories, 15g of protein, and 18g of fat per serving. This recipe serves 2 and costs $2.79 per serving. 41 person have made this recipe and would make it again. Head to the store and pick up parsley, paprika, israeli couscous, and a few other things to make it today. It is brought to you by Foodista. All things considered, we decided this recipe deserves a spoonacular score of 97%. This score is spectacular. If you like this recipe, you might also like recipes such as Winter Fruit Salad: Cool Food for Cold Weather, Citrusy Couscous Salad with Olives, and Cold-Weather Venison Chili.');
INSERT INTO "ingredients"("guid","name","dimension") VALUES('fcd0c27a-e67f-4df0-affa-44848ebda2af', 'canned chickpeas', 'grams') ON CONFLICT (name) DO UPDATE SET name = EXCLUDED.name;
INSERT INTO "recipe_ingredients"("recipe_id","ingredient_id","count") VALUES('d8ad3f70-d7ad-45be-8d23-613c06ed6f6a', 'fcd0c27a-e67f-4df0-affa-44848ebda2af', '28.35');
INSERT INTO "ingredients"("guid","name","dimension") VALUES('ad8af186-79d1-475b-b968-e20e8ad1f032', 'dried currants', 'Tbsps') ON CONFLICT (name) DO UPDATE SET name = EXCLUDED.name;
INSERT INTO "recipe_ingredients"("recipe_id","ingredient_id","count") VALUES('d8ad3f70-d7ad-45be-8d23-613c06ed6f6a', 'ad8af186-79d1-475b-b968-e20e8ad1f032', '2.00');
INSERT INTO "ingredients"("guid","name","dimension") VALUES('bae5d8c1-26a3-4c71-a5c6-226558e8047f', 'spring onions', '') ON CONFLICT (name) DO UPDATE SET name = EXCLUDED.name;
INSERT INTO "recipe_ingredients"("recipe_id","ingredient_id","count") VALUES('d8ad3f70-d7ad-45be-8d23-613c06ed6f6a', 'bae5d8c1-26a3-4c71-a5c6-226558e8047f', '2.00');
INSERT INTO "ingredients"("guid","name","dimension") VALUES('17e245fd-e142-4987-8aeb-e235f22d603f', 'ground cumin', 'teaspoons') ON CONFLICT (name) DO UPDATE SET name = EXCLUDED.name;
INSERT INTO "recipe_ingredients"("recipe_id","ingredient_id","count") VALUES('d8ad3f70-d7ad-45be-8d23-613c06ed6f6a', '17e245fd-e142-4987-8aeb-e235f22d603f', '0.50');
INSERT INTO "ingredients"("guid","name","dimension") VALUES('658191de-747d-4b71-850f-cf369b5a67a1', 'dry israeli couscous', 'milliliters') ON CONFLICT (name) DO UPDATE SET name = EXCLUDED.name;
INSERT INTO "recipe_ingredients"("recipe_id","ingredient_id","count") VALUES('d8ad3f70-d7ad-45be-8d23-613c06ed6f6a', '658191de-747d-4b71-850f-cf369b5a67a1', '236.59');
INSERT INTO "ingredients"("guid","name","dimension") VALUES('3475d3de-2d5b-4971-9f9c-8809be50a59b', 'orange juice', '') ON CONFLICT (name) DO UPDATE SET name = EXCLUDED.name;
INSERT INTO "recipe_ingredients"("recipe_id","ingredient_id","count") VALUES('d8ad3f70-d7ad-45be-8d23-613c06ed6f6a', '3475d3de-2d5b-4971-9f9c-8809be50a59b', '1.00');
INSERT INTO "ingredients"("guid","name","dimension") VALUES('903d4219-5d08-479e-85f9-3b1719bd0244', 'olive oil', 'Tbsp') ON CONFLICT (name) DO UPDATE SET name = EXCLUDED.name;
INSERT INTO "recipe_ingredients"("recipe_id","ingredient_id","count") VALUES('d8ad3f70-d7ad-45be-8d23-613c06ed6f6a', '903d4219-5d08-479e-85f9-3b1719bd0244', '1.00');
INSERT INTO "ingredients"("guid","name","dimension") VALUES('27c079a0-03ea-45db-a14e-9df91e41d93d', 'parsley', 'servings') ON CONFLICT (name) DO UPDATE SET name = EXCLUDED.name;
INSERT INTO "recipe_ingredients"("recipe_id","ingredient_id","count") VALUES('d8ad3f70-d7ad-45be-8d23-613c06ed6f6a', '27c079a0-03ea-45db-a14e-9df91e41d93d', '2.00');
INSERT INTO "ingredients"("guid","name","dimension") VALUES('80a9d479-fdb0-47ee-a707-0f9b81ee5ffd', 'pecan pieces', 'milliliters') ON CONFLICT (name) DO UPDATE SET name = EXCLUDED.name;
INSERT INTO "recipe_ingredients"("recipe_id","ingredient_id","count") VALUES('d8ad3f70-d7ad-45be-8d23-613c06ed6f6a', '80a9d479-fdb0-47ee-a707-0f9b81ee5ffd', '59.15');
INSERT INTO "ingredients"("guid","name","dimension") VALUES('9ac231c6-e619-4f8c-a5c1-05c6f8a4e2f5', 'red pepper', '') ON CONFLICT (name) DO UPDATE SET name = EXCLUDED.name;
INSERT INTO "recipe_ingredients"("recipe_id","ingredient_id","count") VALUES('d8ad3f70-d7ad-45be-8d23-613c06ed6f6a', '9ac231c6-e619-4f8c-a5c1-05c6f8a4e2f5', '1.00');
INSERT INTO "ingredients"("guid","name","dimension") VALUES('1deafa55-34c9-4ca1-a665-0f9d52b91622', 'rice vinegar', 'teaspoon') ON CONFLICT (name) DO UPDATE SET name = EXCLUDED.name;
INSERT INTO "recipe_ingredients"("recipe_id","ingredient_id","count") VALUES('d8ad3f70-d7ad-45be-8d23-613c06ed6f6a', '1deafa55-34c9-4ca1-a665-0f9d52b91622', '1.00');
INSERT INTO "ingredients"("guid","name","dimension") VALUES('bd6df831-fb53-48d0-af46-c32ee7488a9b', 'salt and pepper', 'servings') ON CONFLICT (name) DO UPDATE SET name = EXCLUDED.name;
INSERT INTO "recipe_ingredients"("recipe_id","ingredient_id","count") VALUES('d8ad3f70-d7ad-45be-8d23-613c06ed6f6a', 'bd6df831-fb53-48d0-af46-c32ee7488a9b', '2.00');
INSERT INTO "ingredients"("guid","name","dimension") VALUES('122a99b1-fb0d-4644-a57b-13780022453c', 'smoked paprika', 'teaspoons') ON CONFLICT (name) DO UPDATE SET name = EXCLUDED.name;
INSERT INTO "recipe_ingredients"("recipe_id","ingredient_id","count") VALUES('d8ad3f70-d7ad-45be-8d23-613c06ed6f6a', '122a99b1-fb0d-4644-a57b-13780022453c', '0.12');
INSERT INTO "cooking_steps"("guid","recipe_id","order_number","description") VALUES('65669505-392c-4321-82c1-f7143cd86e74', 'd8ad3f70-d7ad-45be-8d23-613c06ed6f6a', '1', 'Prepare couscous according to package instructions. Meanwhile combine all remaining ingredients in a medium mixing bowl.');
INSERT INTO "cooking_steps"("guid","recipe_id","order_number","description") VALUES('5aaddd93-5c94-4e7e-8fa6-674041bf9b26', 'd8ad3f70-d7ad-45be-8d23-613c06ed6f6a', '2', 'Drain couscous and add to bowl while still hot. Thoroughly mix all ingredients. Taste and adjust seasonings.');
INSERT INTO "cooking_steps"("guid","recipe_id","order_number","description") VALUES('6e61b091-e60b-40f4-a43d-15e6ebbdd4ce', 'd8ad3f70-d7ad-45be-8d23-613c06ed6f6a', '3', 'Serve warm.');
INSERT INTO "recipe"("guid","title","description") VALUES('78869755-4b8e-435b-82ee-70082c28cd23', 'Plantain Salad', 'Plantain Salad could be just the gluten free and pescatarian recipe you''ve been looking for. For $5.4 per serving, you get a main course that serves 1. One serving contains 607 calories, 21g of protein, and 18g of fat. Head to the store and pick up finger of plantain, parmesan cheese, bell pepper, and a few other things to make it today. This recipe from Afrolems has 126 fans. From preparation to the plate, this recipe takes about 45 minutes. With a spoonacular score of 98%, this dish is spectacular. Try How to Spiralize a Plantain & Plantain “Rice” and Beans, Honey Mustard Crunchy Chicken Plantain Salad, and Collard Greens Salad With Fried Plantain and Sumac for similar recipes.');
INSERT INTO "ingredients"("guid","name","dimension") VALUES('0e09a01e-8546-4a45-a729-5331a7555993', 'chili pepper', 'Tbsp') ON CONFLICT (name) DO UPDATE SET name = EXCLUDED.name;
INSERT INTO "recipe_ingredients"("recipe_id","ingredient_id","count") VALUES('78869755-4b8e-435b-82ee-70082c28cd23', '0e09a01e-8546-4a45-a729-5331a7555993', '1.00');
INSERT INTO "ingredients"("guid","name","dimension") VALUES('1b7649ca-bc44-4602-87b8-9885d114543e', 'green pepper', 'small') ON CONFLICT (name) DO UPDATE SET name = EXCLUDED.name;
INSERT INTO "recipe_ingredients"("recipe_id","ingredient_id","count") VALUES('78869755-4b8e-435b-82ee-70082c28cd23', '1b7649ca-bc44-4602-87b8-9885d114543e', '1.00');
INSERT INTO "ingredients"("guid","name","dimension") VALUES('6a3c939c-053e-4922-8507-b1a696705625', 'ice', '') ON CONFLICT (name) DO UPDATE SET name = EXCLUDED.name;
INSERT INTO "recipe_ingredients"("recipe_id","ingredient_id","count") VALUES('78869755-4b8e-435b-82ee-70082c28cd23', '6a3c939c-053e-4922-8507-b1a696705625', '0.50');
INSERT INTO "ingredients"("guid","name","dimension") VALUES('1f8b0d3f-8ebb-422e-8c86-7e35dc5e82e2', 'lettuce', 'head') ON CONFLICT (name) DO UPDATE SET name = EXCLUDED.name;
INSERT INTO "recipe_ingredients"("recipe_id","ingredient_id","count") VALUES('78869755-4b8e-435b-82ee-70082c28cd23', '1f8b0d3f-8ebb-422e-8c86-7e35dc5e82e2', '1.00');
INSERT INTO "ingredients"("guid","name","dimension") VALUES('07ee04d6-0ddb-4b7d-9cce-84b109d78c35', 'red onion', 'small') ON CONFLICT (name) DO UPDATE SET name = EXCLUDED.name;
INSERT INTO "recipe_ingredients"("recipe_id","ingredient_id","count") VALUES('78869755-4b8e-435b-82ee-70082c28cd23', '07ee04d6-0ddb-4b7d-9cce-84b109d78c35', '1.00');
INSERT INTO "ingredients"("guid","name","dimension") VALUES('cbd26c50-208d-491c-9975-d0c061761730', 'parmesan', 'Tbsp') ON CONFLICT (name) DO UPDATE SET name = EXCLUDED.name;
INSERT INTO "recipe_ingredients"("recipe_id","ingredient_id","count") VALUES('78869755-4b8e-435b-82ee-70082c28cd23', 'cbd26c50-208d-491c-9975-d0c061761730', '1.00');
INSERT INTO "ingredients"("guid","name","dimension") VALUES('66b2003c-285d-4b0f-9599-16d6c987a79f', 'yellow plantain', '') ON CONFLICT (name) DO UPDATE SET name = EXCLUDED.name;
INSERT INTO "recipe_ingredients"("recipe_id","ingredient_id","count") VALUES('78869755-4b8e-435b-82ee-70082c28cd23', '66b2003c-285d-4b0f-9599-16d6c987a79f', '1.00');
INSERT INTO "ingredients"("guid","name","dimension") VALUES('9ac231c6-e619-4f8c-a5c1-05c6f8a4e2f5', 'red pepper', 'small') ON CONFLICT (name) DO UPDATE SET name = EXCLUDED.name;
INSERT INTO "recipe_ingredients"("recipe_id","ingredient_id","count") VALUES('78869755-4b8e-435b-82ee-70082c28cd23', '9ac231c6-e619-4f8c-a5c1-05c6f8a4e2f5', '1.00');
INSERT INTO "ingredients"("guid","name","dimension") VALUES('6c46700b-c03b-428c-bd99-61d5e02aefd3', 'shrimp', 'mediums') ON CONFLICT (name) DO UPDATE SET name = EXCLUDED.name;
INSERT INTO "recipe_ingredients"("recipe_id","ingredient_id","count") VALUES('78869755-4b8e-435b-82ee-70082c28cd23', '6c46700b-c03b-428c-bd99-61d5e02aefd3', '3.00');
INSERT INTO "ingredients"("guid","name","dimension") VALUES('103718c9-2e4b-4aaf-af88-5d6090b19faa', 'tomato', '') ON CONFLICT (name) DO UPDATE SET name = EXCLUDED.name;
INSERT INTO "recipe_ingredients"("recipe_id","ingredient_id","count") VALUES('78869755-4b8e-435b-82ee-70082c28cd23', '103718c9-2e4b-4aaf-af88-5d6090b19faa', '2.00');
INSERT INTO "ingredients"("guid","name","dimension") VALUES('c6618e3b-5775-4aa2-9d98-b8170ee612bf', 'vegetable oil', 'Tbsp') ON CONFLICT (name) DO UPDATE SET name = EXCLUDED.name;
INSERT INTO "recipe_ingredients"("recipe_id","ingredient_id","count") VALUES('78869755-4b8e-435b-82ee-70082c28cd23', 'c6618e3b-5775-4aa2-9d98-b8170ee612bf', '1.00');
INSERT INTO "ingredients"("guid","name","dimension") VALUES('bbb949b9-fa5d-46c1-9d19-736764a93678', 'yellow pepper', 'small') ON CONFLICT (name) DO UPDATE SET name = EXCLUDED.name;
INSERT INTO "recipe_ingredients"("recipe_id","ingredient_id","count") VALUES('78869755-4b8e-435b-82ee-70082c28cd23', 'bbb949b9-fa5d-46c1-9d19-736764a93678', '1.00');
INSERT INTO "cooking_steps"("guid","recipe_id","order_number","description") VALUES('d8f0d9c9-a74b-4654-9ae6-4a008aff65e7', '78869755-4b8e-435b-82ee-70082c28cd23', '1', 'Cube your plantain, fry and set aside.Chop your vegetables into your salad bowl and toss');
INSERT INTO "cooking_steps"("guid","recipe_id","order_number","description") VALUES('9fceb2dc-b6eb-4ef9-9023-df3eaeb06a51', '78869755-4b8e-435b-82ee-70082c28cd23', '2', 'In a pan, heat up vegetable oil and stir fry your shrimps and season. Allow to cool');
INSERT INTO "cooking_steps"("guid","recipe_id","order_number","description") VALUES('2d2b06a7-a89b-4323-8050-f80a49b9c66d', '78869755-4b8e-435b-82ee-70082c28cd23', '3', 'Toss in your plantain and shrimps once cool into your bowl of vegetables.');
INSERT INTO "cooking_steps"("guid","recipe_id","order_number","description") VALUES('8949cdfa-6f5a-4af4-b7d5-996b818efa9f', '78869755-4b8e-435b-82ee-70082c28cd23', '4', 'Sprinkle the parmesan cheese over the salad');
INSERT INTO "cooking_steps"("guid","recipe_id","order_number","description") VALUES('662c6ef2-bc1e-45d2-9bd6-4ff5fe9999b1', '78869755-4b8e-435b-82ee-70082c28cd23', '5', 'Drizzle your dressing over and serve cool.   ');
INSERT INTO "recipe"("guid","title","description") VALUES('f3057356-170e-4207-8089-0c0f449baabf', 'Strawberry-Mango Quinoa Salad', 'Need a gluten free and lacto ovo vegetarian hor d''oeuvre? Strawberry-Mango Quinoa Salad could be an awesome recipe to try. This recipe serves 4. One serving contains 354 calories, 8g of protein, and 17g of fat. For $1.87 per serving, this recipe covers 21% of your daily requirements of vitamins and minerals. 41 person were impressed by this recipe. This recipe from Foodista requires cucumber, cream, mango, and strawberries. From preparation to the plate, this recipe takes about 45 minutes. All things considered, we decided this recipe deserves a spoonacular score of 97%. This score is tremendous. Similar recipes are Strawberry-Mango Quinoa Salad, Strawberry-Mango Quinoa Salad, and Strawberry & Mango Chopped Spinach Quinoa Salad with Sesame-Lime Vinaigrette.');
INSERT INTO "ingredients"("guid","name","dimension") VALUES('67a3e6c2-be45-4947-b06f-5f2d1793c01a', 'cucumber', 'milliliters') ON CONFLICT (name) DO UPDATE SET name = EXCLUDED.name;
INSERT INTO "recipe_ingredients"("recipe_id","ingredient_id","count") VALUES('f3057356-170e-4207-8089-0c0f449baabf', '67a3e6c2-be45-4947-b06f-5f2d1793c01a', '177.44');
INSERT INTO "ingredients"("guid","name","dimension") VALUES('64926fbf-0114-4ba4-bc9d-19129ee1b91a', 'mint', 'Tbsps') ON CONFLICT (name) DO UPDATE SET name = EXCLUDED.name;
INSERT INTO "recipe_ingredients"("recipe_id","ingredient_id","count") VALUES('f3057356-170e-4207-8089-0c0f449baabf', '64926fbf-0114-4ba4-bc9d-19129ee1b91a', '2.00');
INSERT INTO "ingredients"("guid","name","dimension") VALUES('6a1e491d-f501-41ab-bc0b-5b8b68ed311e', 'honey', 'Tbsp') ON CONFLICT (name) DO UPDATE SET name = EXCLUDED.name;
INSERT INTO "recipe_ingredients"("recipe_id","ingredient_id","count") VALUES('f3057356-170e-4207-8089-0c0f449baabf', '6a1e491d-f501-41ab-bc0b-5b8b68ed311e', '1.00');
INSERT INTO "ingredients"("guid","name","dimension") VALUES('855a3b90-4e3d-422d-bb73-c35bb65e2742', 'lime juice', 'Tbsps') ON CONFLICT (name) DO UPDATE SET name = EXCLUDED.name;
INSERT INTO "recipe_ingredients"("recipe_id","ingredient_id","count") VALUES('f3057356-170e-4207-8089-0c0f449baabf', '855a3b90-4e3d-422d-bb73-c35bb65e2742', '2.00');
INSERT INTO "ingredients"("guid","name","dimension") VALUES('481d82c8-6f91-487e-8e73-455145d6b121', 'lime peel', 'teaspoons') ON CONFLICT (name) DO UPDATE SET name = EXCLUDED.name;
INSERT INTO "recipe_ingredients"("recipe_id","ingredient_id","count") VALUES('f3057356-170e-4207-8089-0c0f449baabf', '481d82c8-6f91-487e-8e73-455145d6b121', '0.50');
INSERT INTO "ingredients"("guid","name","dimension") VALUES('05940694-a9ea-4020-a33f-88a201e08ec1', 'mango', '') ON CONFLICT (name) DO UPDATE SET name = EXCLUDED.name;
INSERT INTO "recipe_ingredients"("recipe_id","ingredient_id","count") VALUES('f3057356-170e-4207-8089-0c0f449baabf', '05940694-a9ea-4020-a33f-88a201e08ec1', '0.50');
INSERT INTO "ingredients"("guid","name","dimension") VALUES('903d4219-5d08-479e-85f9-3b1719bd0244', 'olive oil', 'milliliters') ON CONFLICT (name) DO UPDATE SET name = EXCLUDED.name;
INSERT INTO "recipe_ingredients"("recipe_id","ingredient_id","count") VALUES('f3057356-170e-4207-8089-0c0f449baabf', '903d4219-5d08-479e-85f9-3b1719bd0244', '59.15');
INSERT INTO "ingredients"("guid","name","dimension") VALUES('20a9876f-1d82-4ec6-bbe2-0dee11d999dc', 'bell pepper', 'servings') ON CONFLICT (name) DO UPDATE SET name = EXCLUDED.name;
INSERT INTO "recipe_ingredients"("recipe_id","ingredient_id","count") VALUES('f3057356-170e-4207-8089-0c0f449baabf', '20a9876f-1d82-4ec6-bbe2-0dee11d999dc', '4.00');
INSERT INTO "ingredients"("guid","name","dimension") VALUES('cc5fe1b7-a5b3-4ef7-89e8-7003ed513435', 'quinoa', 'milliliters') ON CONFLICT (name) DO UPDATE SET name = EXCLUDED.name;
INSERT INTO "recipe_ingredients"("recipe_id","ingredient_id","count") VALUES('f3057356-170e-4207-8089-0c0f449baabf', 'cc5fe1b7-a5b3-4ef7-89e8-7003ed513435', '236.59');
INSERT INTO "ingredients"("guid","name","dimension") VALUES('9d2c9ee9-fe26-4970-a0f6-256bcee3f2c3', 'table salt', 'servings') ON CONFLICT (name) DO UPDATE SET name = EXCLUDED.name;
INSERT INTO "recipe_ingredients"("recipe_id","ingredient_id","count") VALUES('f3057356-170e-4207-8089-0c0f449baabf', '9d2c9ee9-fe26-4970-a0f6-256bcee3f2c3', '4.00');
INSERT INTO "ingredients"("guid","name","dimension") VALUES('58d2baa5-70fa-4eb3-8d1b-8b75180382dc', 'plain yogurt', 'Tbsp') ON CONFLICT (name) DO UPDATE SET name = EXCLUDED.name;
INSERT INTO "recipe_ingredients"("recipe_id","ingredient_id","count") VALUES('f3057356-170e-4207-8089-0c0f449baabf', '58d2baa5-70fa-4eb3-8d1b-8b75180382dc', '1.00');
INSERT INTO "ingredients"("guid","name","dimension") VALUES('c36e07bb-2e06-4a41-b74e-38839619014a', 'strawberries', 'milliliters') ON CONFLICT (name) DO UPDATE SET name = EXCLUDED.name;
INSERT INTO "recipe_ingredients"("recipe_id","ingredient_id","count") VALUES('f3057356-170e-4207-8089-0c0f449baabf', 'c36e07bb-2e06-4a41-b74e-38839619014a', '354.88');
INSERT INTO "ingredients"("guid","name","dimension") VALUES('faa7c536-494d-46a2-8bfc-649cb208f1d0', 'water', 'milliliters') ON CONFLICT (name) DO UPDATE SET name = EXCLUDED.name;
INSERT INTO "recipe_ingredients"("recipe_id","ingredient_id","count") VALUES('f3057356-170e-4207-8089-0c0f449baabf', 'faa7c536-494d-46a2-8bfc-649cb208f1d0', '354.88');
INSERT INTO "cooking_steps"("guid","recipe_id","order_number","description") VALUES('baca328e-1534-4f1f-a948-0574a8b12903', 'f3057356-170e-4207-8089-0c0f449baabf', '1', 'Prepare the quinoa: In a medium saucepan combine the quinoa, water and 1/4 t. salt. Bring to a boil, reduce heat to low, cover and simmer until the liquid is just absorbed, about 15 minutes.');
INSERT INTO "cooking_steps"("guid","recipe_id","order_number","description") VALUES('a85ecf0a-7fc9-4634-8b81-3e904dc1ae19', 'f3057356-170e-4207-8089-0c0f449baabf', '2', 'Spread the cooked quinoa out on a baking sheet to cool for about 20 minutes.In a large bowl whisk together lime juice, zest, honey, sour cream and olive oil.');
INSERT INTO "cooking_steps"("guid","recipe_id","order_number","description") VALUES('ba7f97d2-904b-4423-b3e4-afe8b825e56c', 'f3057356-170e-4207-8089-0c0f449baabf', '3', 'Add the cooled quinoa, strawberries, mango, cucumber and mint. Toss well to combine and season with salt &amp; pepper.');
INSERT INTO "cooking_steps"("guid","recipe_id","order_number","description") VALUES('62d1713b-0c61-4825-b1cc-47221eb86fea', 'f3057356-170e-4207-8089-0c0f449baabf', '4', 'Serve immediately.');
INSERT INTO "recipe"("guid","title","description") VALUES('6393a5e0-8bf7-4acf-bb94-1d653df24c8e', 'Lentil Salad With Vegetables', 'Lentil Salad With Vegetables might be a good recipe to expand your side dish repertoire. This gluten free, dairy free, lacto ovo vegetarian, and vegan recipe serves 4 and costs $1.2 per serving. One serving contains 320 calories, 15g of protein, and 12g of fat. Head to the store and pick up tomatoes, rosemary, red wine vinegar, and a few other things to make it today. This recipe from Foodista has 7 fans. From preparation to the plate, this recipe takes around 45 minutes. Taking all factors into account, this recipe earns a spoonacular score of 97%, which is awesome. If you like this recipe, you might also like recipes such as Lentil Salad With Vegetables, Lentil Salad with Summer Vegetables, and Puy Lentil Salad With Caramelized Vegetables.');
INSERT INTO "ingredients"("guid","name","dimension") VALUES('ee203be2-a504-439f-a016-501234b3bf16', 'balsamic vinegar', 'teaspoons') ON CONFLICT (name) DO UPDATE SET name = EXCLUDED.name;
INSERT INTO "recipe_ingredients"("recipe_id","ingredient_id","count") VALUES('6393a5e0-8bf7-4acf-bb94-1d653df24c8e', 'ee203be2-a504-439f-a016-501234b3bf16', '2.00');
INSERT INTO "ingredients"("guid","name","dimension") VALUES('f7ced3fe-c340-4f26-b132-2952b8351272', 'extra virgin olive oil', 'Tbsps') ON CONFLICT (name) DO UPDATE SET name = EXCLUDED.name;
INSERT INTO "recipe_ingredients"("recipe_id","ingredient_id","count") VALUES('6393a5e0-8bf7-4acf-bb94-1d653df24c8e', 'f7ced3fe-c340-4f26-b132-2952b8351272', '3.00');
INSERT INTO "ingredients"("guid","name","dimension") VALUES('bae5d8c1-26a3-4c71-a5c6-226558e8047f', 'spring onions', '') ON CONFLICT (name) DO UPDATE SET name = EXCLUDED.name;
INSERT INTO "recipe_ingredients"("recipe_id","ingredient_id","count") VALUES('6393a5e0-8bf7-4acf-bb94-1d653df24c8e', 'bae5d8c1-26a3-4c71-a5c6-226558e8047f', '4.00');
INSERT INTO "ingredients"("guid","name","dimension") VALUES('d75c14c8-967b-49c5-94ac-d736d2b71455', 'lentils', 'milliliters') ON CONFLICT (name) DO UPDATE SET name = EXCLUDED.name;
INSERT INTO "recipe_ingredients"("recipe_id","ingredient_id","count") VALUES('6393a5e0-8bf7-4acf-bb94-1d653df24c8e', 'd75c14c8-967b-49c5-94ac-d736d2b71455', '236.59');
INSERT INTO "ingredients"("guid","name","dimension") VALUES('20a9876f-1d82-4ec6-bbe2-0dee11d999dc', 'bell pepper', 'servings') ON CONFLICT (name) DO UPDATE SET name = EXCLUDED.name;
INSERT INTO "recipe_ingredients"("recipe_id","ingredient_id","count") VALUES('6393a5e0-8bf7-4acf-bb94-1d653df24c8e', '20a9876f-1d82-4ec6-bbe2-0dee11d999dc', '4.00');
INSERT INTO "ingredients"("guid","name","dimension") VALUES('9ac231c6-e619-4f8c-a5c1-05c6f8a4e2f5', 'red pepper', '') ON CONFLICT (name) DO UPDATE SET name = EXCLUDED.name;
INSERT INTO "recipe_ingredients"("recipe_id","ingredient_id","count") VALUES('6393a5e0-8bf7-4acf-bb94-1d653df24c8e', '9ac231c6-e619-4f8c-a5c1-05c6f8a4e2f5', '1.00');
INSERT INTO "ingredients"("guid","name","dimension") VALUES('b7c16c48-e7ae-45c6-a35e-9e7e4f5f9389', 'red wine vinegar', 'teaspoons') ON CONFLICT (name) DO UPDATE SET name = EXCLUDED.name;
INSERT INTO "recipe_ingredients"("recipe_id","ingredient_id","count") VALUES('6393a5e0-8bf7-4acf-bb94-1d653df24c8e', 'b7c16c48-e7ae-45c6-a35e-9e7e4f5f9389', '2.00');
INSERT INTO "ingredients"("guid","name","dimension") VALUES('be0020a0-b596-480c-aa5e-f50d30f79b70', 'rosemary', 'Tbsp') ON CONFLICT (name) DO UPDATE SET name = EXCLUDED.name;
INSERT INTO "recipe_ingredients"("recipe_id","ingredient_id","count") VALUES('6393a5e0-8bf7-4acf-bb94-1d653df24c8e', 'be0020a0-b596-480c-aa5e-f50d30f79b70', '1.00');
INSERT INTO "ingredients"("guid","name","dimension") VALUES('9d2c9ee9-fe26-4970-a0f6-256bcee3f2c3', 'table salt', 'servings') ON CONFLICT (name) DO UPDATE SET name = EXCLUDED.name;
INSERT INTO "recipe_ingredients"("recipe_id","ingredient_id","count") VALUES('6393a5e0-8bf7-4acf-bb94-1d653df24c8e', '9d2c9ee9-fe26-4970-a0f6-256bcee3f2c3', '4.00');
INSERT INTO "ingredients"("guid","name","dimension") VALUES('103718c9-2e4b-4aaf-af88-5d6090b19faa', 'tomato', '') ON CONFLICT (name) DO UPDATE SET name = EXCLUDED.name;
INSERT INTO "recipe_ingredients"("recipe_id","ingredient_id","count") VALUES('6393a5e0-8bf7-4acf-bb94-1d653df24c8e', '103718c9-2e4b-4aaf-af88-5d6090b19faa', '2.00');
INSERT INTO "ingredients"("guid","name","dimension") VALUES('1a68c1bc-3082-4842-adb7-7a1db2d24443', 'white onion', '') ON CONFLICT (name) DO UPDATE SET name = EXCLUDED.name;
INSERT INTO "recipe_ingredients"("recipe_id","ingredient_id","count") VALUES('6393a5e0-8bf7-4acf-bb94-1d653df24c8e', '1a68c1bc-3082-4842-adb7-7a1db2d24443', '1.00');
INSERT INTO "cooking_steps"("guid","recipe_id","order_number","description") VALUES('5754abf5-dab4-445c-acc2-d548cf3bd86c', '6393a5e0-8bf7-4acf-bb94-1d653df24c8e', '1', 'Heat olive oil in a saucepan over medium high heat and add onion. Cook until just translucent and then add lentils.');
INSERT INTO "cooking_steps"("guid","recipe_id","order_number","description") VALUES('adf68108-7ea6-4181-b178-3267993d4a57', '6393a5e0-8bf7-4acf-bb94-1d653df24c8e', '2', 'Add water and cook according to package directions.');
INSERT INTO "cooking_steps"("guid","recipe_id","order_number","description") VALUES('eea5c126-90c2-4adc-b1db-59544fa089bb', '6393a5e0-8bf7-4acf-bb94-1d653df24c8e', '3', 'Drain and cool.');
INSERT INTO "cooking_steps"("guid","recipe_id","order_number","description") VALUES('72433e1f-3279-4803-8c9b-d840b4f0d935', '6393a5e0-8bf7-4acf-bb94-1d653df24c8e', '4', 'Combine lentils with tomatoes, pepper, onions, rosemary, olive oil, and vinegars. Season with salt and pepper to taste and adjust oil or vinegar as desired.');
INSERT INTO "cooking_steps"("guid","recipe_id","order_number","description") VALUES('d88c4afa-34fc-44e4-8853-422f568fbd95', '6393a5e0-8bf7-4acf-bb94-1d653df24c8e', '5', 'Serve cold or at room temperature.');
INSERT INTO "recipe"("guid","title","description") VALUES('c119a6dc-87f2-4453-ae39-32367a0eef83', 'Caldo Verde - Portuguese Kale Soup', 'Caldo Verde - Portuguese Kale Soup takes approximately 45 minutes from beginning to end. One portion of this dish contains around 20g of protein, 10g of fat, and a total of 493 calories. For $2.24 per serving, this recipe covers 35% of your daily requirements of vitamins and minerals. This recipe serves 4. 13 people were glad they tried this recipe. It is a good option if you''re following a gluten free, dairy free, and whole 30 diet. It is brought to you by Foodista. It works well as a main course. It will be a hit at your Autumn event. Head to the store and pick up onion, carrots, pepper flakes, and a few other things to make it today. With a spoonacular score of 92%, this dish is outstanding. Users who liked this recipe also liked Portuguese Kale Soup (Caldo Verde), Caldo Verde - Portuguese Kale Soup, and Caldo Verde | Portuguese Kale Soup.');
INSERT INTO "ingredients"("guid","name","dimension") VALUES('ea4db820-b562-4cff-bc98-bae139a325df', 'onion', 'larges') ON CONFLICT (name) DO UPDATE SET name = EXCLUDED.name;
INSERT INTO "recipe_ingredients"("recipe_id","ingredient_id","count") VALUES('c119a6dc-87f2-4453-ae39-32367a0eef83', 'ea4db820-b562-4cff-bc98-bae139a325df', '0.50');
INSERT INTO "ingredients"("guid","name","dimension") VALUES('6b9754b0-3c6c-4528-a35f-9d80119ed1aa', 'carrot', '') ON CONFLICT (name) DO UPDATE SET name = EXCLUDED.name;
INSERT INTO "recipe_ingredients"("recipe_id","ingredient_id","count") VALUES('c119a6dc-87f2-4453-ae39-32367a0eef83', '6b9754b0-3c6c-4528-a35f-9d80119ed1aa', '3.00');
INSERT INTO "ingredients"("guid","name","dimension") VALUES('cc09f6f1-b71e-4c8f-89c5-625b1effb1d3', 'whole garlic cloves', '') ON CONFLICT (name) DO UPDATE SET name = EXCLUDED.name;
INSERT INTO "recipe_ingredients"("recipe_id","ingredient_id","count") VALUES('c119a6dc-87f2-4453-ae39-32367a0eef83', 'cc09f6f1-b71e-4c8f-89c5-625b1effb1d3', '3.00');
INSERT INTO "ingredients"("guid","name","dimension") VALUES('646309da-098a-461a-915a-a8802770ce02', 'potato', 'larges') ON CONFLICT (name) DO UPDATE SET name = EXCLUDED.name;
INSERT INTO "recipe_ingredients"("recipe_id","ingredient_id","count") VALUES('c119a6dc-87f2-4453-ae39-32367a0eef83', '646309da-098a-461a-915a-a8802770ce02', '4.00');
INSERT INTO "ingredients"("guid","name","dimension") VALUES('a475c986-e1f1-4417-b021-e6d7c05ce577', 'chorizo sausages', '') ON CONFLICT (name) DO UPDATE SET name = EXCLUDED.name;
INSERT INTO "recipe_ingredients"("recipe_id","ingredient_id","count") VALUES('c119a6dc-87f2-4453-ae39-32367a0eef83', 'a475c986-e1f1-4417-b021-e6d7c05ce577', '2.00');
INSERT INTO "ingredients"("guid","name","dimension") VALUES('45c845d2-e2db-4035-8214-4bc52d378262', 'chicken stock', 'milliliters') ON CONFLICT (name) DO UPDATE SET name = EXCLUDED.name;
INSERT INTO "recipe_ingredients"("recipe_id","ingredient_id","count") VALUES('c119a6dc-87f2-4453-ae39-32367a0eef83', '45c845d2-e2db-4035-8214-4bc52d378262', '946.35');
INSERT INTO "ingredients"("guid","name","dimension") VALUES('65d1ae48-d484-44fa-8b5f-95bc94c831b0', 'kale', 'bunch') ON CONFLICT (name) DO UPDATE SET name = EXCLUDED.name;
INSERT INTO "recipe_ingredients"("recipe_id","ingredient_id","count") VALUES('c119a6dc-87f2-4453-ae39-32367a0eef83', '65d1ae48-d484-44fa-8b5f-95bc94c831b0', '1.00');
INSERT INTO "ingredients"("guid","name","dimension") VALUES('faa7c536-494d-46a2-8bfc-649cb208f1d0', 'water', 'milliliters') ON CONFLICT (name) DO UPDATE SET name = EXCLUDED.name;
INSERT INTO "recipe_ingredients"("recipe_id","ingredient_id","count") VALUES('c119a6dc-87f2-4453-ae39-32367a0eef83', 'faa7c536-494d-46a2-8bfc-649cb208f1d0', '236.59');
INSERT INTO "ingredients"("guid","name","dimension") VALUES('415892c8-6c5f-42ad-9008-6f51537c2293', 'red pepper flakes', 'servings') ON CONFLICT (name) DO UPDATE SET name = EXCLUDED.name;
INSERT INTO "recipe_ingredients"("recipe_id","ingredient_id","count") VALUES('c119a6dc-87f2-4453-ae39-32367a0eef83', '415892c8-6c5f-42ad-9008-6f51537c2293', '4.00');
INSERT INTO "ingredients"("guid","name","dimension") VALUES('bd6df831-fb53-48d0-af46-c32ee7488a9b', 'salt and pepper', 'servings') ON CONFLICT (name) DO UPDATE SET name = EXCLUDED.name;
INSERT INTO "recipe_ingredients"("recipe_id","ingredient_id","count") VALUES('c119a6dc-87f2-4453-ae39-32367a0eef83', 'bd6df831-fb53-48d0-af46-c32ee7488a9b', '4.00');
INSERT INTO "cooking_steps"("guid","recipe_id","order_number","description") VALUES('a7bf5e9e-e92b-49b7-a26c-98d1575b6d08', 'c119a6dc-87f2-4453-ae39-32367a0eef83', '1', 'Chop your onions, slice your carrots and smash your garlic. Set aside.');
INSERT INTO "cooking_steps"("guid","recipe_id","order_number","description") VALUES('47ce11cf-9660-424b-beff-f6a9b0ffb670', 'c119a6dc-87f2-4453-ae39-32367a0eef83', '2', 'Peel and chop the potatoes. Set aside in a bowl of cold water.');
INSERT INTO "cooking_steps"("guid","recipe_id","order_number","description") VALUES('b564a3d8-04e6-4909-8893-e6dd4a19a015', 'c119a6dc-87f2-4453-ae39-32367a0eef83', '3', 'Remove the casing from your chorizo. This is an important step. Chorizo casing is tough and unforgiving and will make the sausage link curl during the cooking process. Just remove it and don''t worry about appearance.');
INSERT INTO "cooking_steps"("guid","recipe_id","order_number","description") VALUES('7bad66fc-2eeb-4909-a971-ba06acf52a92', 'c119a6dc-87f2-4453-ae39-32367a0eef83', '4', 'Cut the links length-wise then chop into half-moons.');
INSERT INTO "cooking_steps"("guid","recipe_id","order_number","description") VALUES('9f53deb0-d2bc-4161-9740-b877daf2da55', 'c119a6dc-87f2-4453-ae39-32367a0eef83', '5', 'Sautee in a separate pan until the are nice and browned. Don''t put into the pot until the last minute, otherwise the color of the chorizo will leach into the soup turning it a weird red color.');
INSERT INTO "cooking_steps"("guid","recipe_id","order_number","description") VALUES('54ffd252-6b1d-4b93-907c-c38e5874cbde', 'c119a6dc-87f2-4453-ae39-32367a0eef83', '6', 'Now it''s time to prepare the kale. With each individual leaf, cut out the stem. You can do this several ways.');
INSERT INTO "cooking_steps"("guid","recipe_id","order_number","description") VALUES('a2fed9da-6ef5-40d4-93bc-a2e8ed5e209b', 'c119a6dc-87f2-4453-ae39-32367a0eef83', '7', 'Cut a triangle out of the leaf, or fold over the leaf and cut out the stem that way. Or rip off the halves of the leaves off the stem. I like a little bit of stem to give some crunch and texture.');
INSERT INTO "cooking_steps"("guid","recipe_id","order_number","description") VALUES('a80d50c4-fd7a-40b9-8542-eeac4b2e8150', 'c119a6dc-87f2-4453-ae39-32367a0eef83', '8', 'Tightly roll the leaf into a bundle.');
INSERT INTO "cooking_steps"("guid","recipe_id","order_number","description") VALUES('b99e4b18-0a05-4c9a-8975-4be89e1657b1', 'c119a6dc-87f2-4453-ae39-32367a0eef83', '9', 'Run your knife over it to julienne the leaf into thin strips.');
INSERT INTO "cooking_steps"("guid","recipe_id","order_number","description") VALUES('ed73267b-f040-4532-8034-78ca6f8b0912', 'c119a6dc-87f2-4453-ae39-32367a0eef83', '10', 'Don''t worry if it''s not perfect. Set aside the kale.');
INSERT INTO "cooking_steps"("guid","recipe_id","order_number","description") VALUES('2be7b74e-6eea-4c06-bd1b-2f9074f9eeb0', 'c119a6dc-87f2-4453-ae39-32367a0eef83', '11', 'In a big pot, sautee your onions, carrots and garlic in a bit of olive oil.');
INSERT INTO "cooking_steps"("guid","recipe_id","order_number","description") VALUES('00f18bea-cc75-4bfd-8e52-edfd9568b382', 'c119a6dc-87f2-4453-ae39-32367a0eef83', '12', 'Once the vegetables start to soften, add the potatoes and some crushed red pepper flakes. Stir the pot and cook the potatoes until the outer edges start turning clear.');
INSERT INTO "cooking_steps"("guid","recipe_id","order_number","description") VALUES('3c5118ba-e651-4d0a-b701-1245ac7f05a7', 'c119a6dc-87f2-4453-ae39-32367a0eef83', '13', 'Then add the 6 cups of water and 2 bouillion packets (or 4 cups of broth and 2 cups of water) to the pot. Bring to a boil then let simmer until the potatoes are cooked.');
INSERT INTO "cooking_steps"("guid","recipe_id","order_number","description") VALUES('e0427d16-0517-4d67-89fd-67fdf5188c0a', 'c119a6dc-87f2-4453-ae39-32367a0eef83', '14', 'With a wooden spoon, mash the potatoes against the side of the pot. Do this until almost all the chunks of potatoes are mashed. Leave some chunks behind. This will give your soup a wonderful hearty texture.');
INSERT INTO "cooking_steps"("guid","recipe_id","order_number","description") VALUES('c57987c1-4ed4-4d2a-890c-6ba1e9cd6344', 'c119a6dc-87f2-4453-ae39-32367a0eef83', '15', 'Now it''s time to add the Kale. It looks like a lot and will fill up your whole pot but not to worry because it wilts down pretty quickly.');
INSERT INTO "cooking_steps"("guid","recipe_id","order_number","description") VALUES('64eacdc6-a067-4db2-bdf7-74fae67f4005', 'c119a6dc-87f2-4453-ae39-32367a0eef83', '16', 'Cook for 5 minutes at a simmer then stir in chorizo sausage.');
INSERT INTO "cooking_steps"("guid","recipe_id","order_number","description") VALUES('ae9b3628-0c1a-4bea-a235-475a85f17e90', 'c119a6dc-87f2-4453-ae39-32367a0eef83', '17', 'Serve hot or at room temperature (the latter is my favorite). Eat with a nice crusty loaf of Portuguese bread. Enjoy!');
INSERT INTO "recipe"("guid","title","description") VALUES('bcc2e575-ab85-4241-8157-da72a0a989de', 'Easy Ginger Beef Broccoli', 'The recipe Easy Ginger Beef Broccoli can be made in approximately 45 minutes. This dairy free recipe serves 4 and costs $2.14 per serving. One portion of this dish contains about 49g of protein, 12g of fat, and a total of 386 calories. It works well as a rather cheap main course. Head to the store and pick up sugar, chicken broth, garlic, and a few other things to make it today. 23 people found this recipe to be tasty and satisfying. It is brought to you by Foodista. All things considered, we decided this recipe deserves a spoonacular score of 97%. This score is awesome. If you like this recipe, take a look at these similar recipes: Easy Ginger Beef Broccoli, Easy Ginger Beef Broccoli, and Easy Ginger Beef Broccoli.');
INSERT INTO "ingredients"("guid","name","dimension") VALUES('8afe6bc8-22d0-4467-882f-e3b1c49bb223', 'broccoli', 'milliliters') ON CONFLICT (name) DO UPDATE SET name = EXCLUDED.name;
INSERT INTO "recipe_ingredients"("recipe_id","ingredient_id","count") VALUES('bcc2e575-ab85-4241-8157-da72a0a989de', '8afe6bc8-22d0-4467-882f-e3b1c49bb223', '946.35');
INSERT INTO "ingredients"("guid","name","dimension") VALUES('edbeb898-9ba2-4754-805e-8e1d66af8de7', 'canned chicken', 'grams') ON CONFLICT (name) DO UPDATE SET name = EXCLUDED.name;
INSERT INTO "recipe_ingredients"("recipe_id","ingredient_id","count") VALUES('bcc2e575-ab85-4241-8157-da72a0a989de', 'edbeb898-9ba2-4754-805e-8e1d66af8de7', '297.67');
INSERT INTO "ingredients"("guid","name","dimension") VALUES('98a8afde-32db-419a-89cb-1b926b72ffad', 'wheat flour', 'milliliters') ON CONFLICT (name) DO UPDATE SET name = EXCLUDED.name;
INSERT INTO "recipe_ingredients"("recipe_id","ingredient_id","count") VALUES('bcc2e575-ab85-4241-8157-da72a0a989de', '98a8afde-32db-419a-89cb-1b926b72ffad', '59.15');
INSERT INTO "ingredients"("guid","name","dimension") VALUES('17419e6a-3a0a-4b7b-af44-bbbe98dd83dd', 'fresh ginger', 'teaspoons') ON CONFLICT (name) DO UPDATE SET name = EXCLUDED.name;
INSERT INTO "recipe_ingredients"("recipe_id","ingredient_id","count") VALUES('bcc2e575-ab85-4241-8157-da72a0a989de', '17419e6a-3a0a-4b7b-af44-bbbe98dd83dd', '0.25');
INSERT INTO "ingredients"("guid","name","dimension") VALUES('3f7a39ce-ed38-4809-aea7-8a046670fb05', 'garlic', 'clove') ON CONFLICT (name) DO UPDATE SET name = EXCLUDED.name;
INSERT INTO "recipe_ingredients"("recipe_id","ingredient_id","count") VALUES('bcc2e575-ab85-4241-8157-da72a0a989de', '3f7a39ce-ed38-4809-aea7-8a046670fb05', '1.00');
INSERT INTO "ingredients"("guid","name","dimension") VALUES('a34c898f-398c-46d2-b49e-3f40dbb57edc', 'round steak', 'grams') ON CONFLICT (name) DO UPDATE SET name = EXCLUDED.name;
INSERT INTO "recipe_ingredients"("recipe_id","ingredient_id","count") VALUES('bcc2e575-ab85-4241-8157-da72a0a989de', 'a34c898f-398c-46d2-b49e-3f40dbb57edc', '453.59');
INSERT INTO "ingredients"("guid","name","dimension") VALUES('cc775a25-dad7-44f7-8c85-0778a3bf8ae2', 'soy sauce', 'Tbsps') ON CONFLICT (name) DO UPDATE SET name = EXCLUDED.name;
INSERT INTO "recipe_ingredients"("recipe_id","ingredient_id","count") VALUES('bcc2e575-ab85-4241-8157-da72a0a989de', 'cc775a25-dad7-44f7-8c85-0778a3bf8ae2', '2.00');
INSERT INTO "ingredients"("guid","name","dimension") VALUES('68449234-32e3-4172-aa3f-8e71532a3e7e', 'sugar', 'Tbsps') ON CONFLICT (name) DO UPDATE SET name = EXCLUDED.name;
INSERT INTO "recipe_ingredients"("recipe_id","ingredient_id","count") VALUES('bcc2e575-ab85-4241-8157-da72a0a989de', '68449234-32e3-4172-aa3f-8e71532a3e7e', '2.00');
INSERT INTO "cooking_steps"("guid","recipe_id","order_number","description") VALUES('8af64866-719e-4a36-8f98-5b342f19f06d', 'bcc2e575-ab85-4241-8157-da72a0a989de', '1', 'In a small bowl, combine flour, broth, sugar, and soy sauce. Stir until sugar and flour are dissolved.In a large skillet or wok over high heat, cook and stir beef 2 to 4 minutes, or until browned. Stir in broth mixture, ginger, garlic, and broccoli. Bring to a boil, then reduce heat. Simmer 5 to 10 minutes, or until sauce thickens.Excellent served over rice.');
INSERT INTO "recipe"("guid","title","description") VALUES('b125b9f9-cd20-4256-a043-ed565799448b', 'Moroccan Couscous and Chickpea Salad', 'You can never have too many side dish recipes, so give Moroccan Couscous and Chickpea Salad a try. This recipe serves 6 and costs $1.87 per serving. One serving contains 483 calories, 14g of protein, and 25g of fat. 72 people were glad they tried this recipe. From preparation to the plate, this recipe takes approximately 45 minutes. Head to the store and pick up cinnamon, chickpeas, bell pepper, and a few other things to make it today. It is brought to you by Foodista. It is a good option if you''re following a dairy free, lacto ovo vegetarian, and vegan diet. With a spoonacular score of 97%, this dish is excellent. Try Moroccan Couscous and Chickpea Salad, Moroccan Chickpea Couscous, and Moroccan tomato & chickpea soup with couscous for similar recipes.');
INSERT INTO "ingredients"("guid","name","dimension") VALUES('42f28b03-e136-4fc2-b343-5d16cada339d', 'black pepper', 'teaspoon') ON CONFLICT (name) DO UPDATE SET name = EXCLUDED.name;
INSERT INTO "recipe_ingredients"("recipe_id","ingredient_id","count") VALUES('b125b9f9-cd20-4256-a043-ed565799448b', '42f28b03-e136-4fc2-b343-5d16cada339d', '1.00');
INSERT INTO "ingredients"("guid","name","dimension") VALUES('fcd0c27a-e67f-4df0-affa-44848ebda2af', 'canned chickpeas', 'grams') ON CONFLICT (name) DO UPDATE SET name = EXCLUDED.name;
INSERT INTO "recipe_ingredients"("recipe_id","ingredient_id","count") VALUES('b125b9f9-cd20-4256-a043-ed565799448b', 'fcd0c27a-e67f-4df0-affa-44848ebda2af', '425.24');
INSERT INTO "ingredients"("guid","name","dimension") VALUES('854304b5-2e31-4b0a-83bd-5480297b3e54', 'ground cayenne pepper', 'teaspoons') ON CONFLICT (name) DO UPDATE SET name = EXCLUDED.name;
INSERT INTO "recipe_ingredients"("recipe_id","ingredient_id","count") VALUES('b125b9f9-cd20-4256-a043-ed565799448b', '854304b5-2e31-4b0a-83bd-5480297b3e54', '0.25');
INSERT INTO "ingredients"("guid","name","dimension") VALUES('84fdc2f3-8aa7-4680-8982-c84caabf18bc', 'cinnamon', 'teaspoons') ON CONFLICT (name) DO UPDATE SET name = EXCLUDED.name;
INSERT INTO "recipe_ingredients"("recipe_id","ingredient_id","count") VALUES('b125b9f9-cd20-4256-a043-ed565799448b', '84fdc2f3-8aa7-4680-8982-c84caabf18bc', '0.25');
INSERT INTO "ingredients"("guid","name","dimension") VALUES('089b5fc7-6a72-4eb5-8000-84ed11f39b54', 'couscous', 'milliliters') ON CONFLICT (name) DO UPDATE SET name = EXCLUDED.name;
INSERT INTO "recipe_ingredients"("recipe_id","ingredient_id","count") VALUES('b125b9f9-cd20-4256-a043-ed565799448b', '089b5fc7-6a72-4eb5-8000-84ed11f39b54', '354.88');
INSERT INTO "ingredients"("guid","name","dimension") VALUES('bae5d8c1-26a3-4c71-a5c6-226558e8047f', 'spring onions', '') ON CONFLICT (name) DO UPDATE SET name = EXCLUDED.name;
INSERT INTO "recipe_ingredients"("recipe_id","ingredient_id","count") VALUES('b125b9f9-cd20-4256-a043-ed565799448b', 'bae5d8c1-26a3-4c71-a5c6-226558e8047f', '3.00');
INSERT INTO "ingredients"("guid","name","dimension") VALUES('bf167dd0-c2ab-47de-8161-cc67a1de7f45', 'ginger powder', 'teaspoons') ON CONFLICT (name) DO UPDATE SET name = EXCLUDED.name;
INSERT INTO "recipe_ingredients"("recipe_id","ingredient_id","count") VALUES('b125b9f9-cd20-4256-a043-ed565799448b', 'bf167dd0-c2ab-47de-8161-cc67a1de7f45', '0.25');
INSERT INTO "ingredients"("guid","name","dimension") VALUES('fe833826-c142-4ae8-91d9-b081468de1c9', 'nutmeg', 'teaspoons') ON CONFLICT (name) DO UPDATE SET name = EXCLUDED.name;
INSERT INTO "recipe_ingredients"("recipe_id","ingredient_id","count") VALUES('b125b9f9-cd20-4256-a043-ed565799448b', 'fe833826-c142-4ae8-91d9-b081468de1c9', '0.25');
INSERT INTO "ingredients"("guid","name","dimension") VALUES('b539c433-c524-49f6-ad66-ab30ceb701e6', 'lemon', '') ON CONFLICT (name) DO UPDATE SET name = EXCLUDED.name;
INSERT INTO "recipe_ingredients"("recipe_id","ingredient_id","count") VALUES('b125b9f9-cd20-4256-a043-ed565799448b', 'b539c433-c524-49f6-ad66-ab30ceb701e6', '1.00');
INSERT INTO "ingredients"("guid","name","dimension") VALUES('903d4219-5d08-479e-85f9-3b1719bd0244', 'olive oil', 'servings') ON CONFLICT (name) DO UPDATE SET name = EXCLUDED.name;
INSERT INTO "recipe_ingredients"("recipe_id","ingredient_id","count") VALUES('b125b9f9-cd20-4256-a043-ed565799448b', '903d4219-5d08-479e-85f9-3b1719bd0244', '6.00');
INSERT INTO "ingredients"("guid","name","dimension") VALUES('27c079a0-03ea-45db-a14e-9df91e41d93d', 'parsley', 'milliliters') ON CONFLICT (name) DO UPDATE SET name = EXCLUDED.name;
INSERT INTO "recipe_ingredients"("recipe_id","ingredient_id","count") VALUES('b125b9f9-cd20-4256-a043-ed565799448b', '27c079a0-03ea-45db-a14e-9df91e41d93d', '236.59');
INSERT INTO "ingredients"("guid","name","dimension") VALUES('205ae491-da00-49ab-afdc-4175d1fb9b31', 'pistachio nuts', 'milliliters') ON CONFLICT (name) DO UPDATE SET name = EXCLUDED.name;
INSERT INTO "recipe_ingredients"("recipe_id","ingredient_id","count") VALUES('b125b9f9-cd20-4256-a043-ed565799448b', '205ae491-da00-49ab-afdc-4175d1fb9b31', '236.59');
INSERT INTO "ingredients"("guid","name","dimension") VALUES('20a9876f-1d82-4ec6-bbe2-0dee11d999dc', 'bell pepper', 'small') ON CONFLICT (name) DO UPDATE SET name = EXCLUDED.name;
INSERT INTO "recipe_ingredients"("recipe_id","ingredient_id","count") VALUES('b125b9f9-cd20-4256-a043-ed565799448b', '20a9876f-1d82-4ec6-bbe2-0dee11d999dc', '1.00');
INSERT INTO "ingredients"("guid","name","dimension") VALUES('9d2c9ee9-fe26-4970-a0f6-256bcee3f2c3', 'table salt', 'servings') ON CONFLICT (name) DO UPDATE SET name = EXCLUDED.name;
INSERT INTO "recipe_ingredients"("recipe_id","ingredient_id","count") VALUES('b125b9f9-cd20-4256-a043-ed565799448b', '9d2c9ee9-fe26-4970-a0f6-256bcee3f2c3', '6.00');
INSERT INTO "ingredients"("guid","name","dimension") VALUES('4b82538b-1d68-4fb9-acb3-e67e146391ca', 'turmeric', 'teaspoons') ON CONFLICT (name) DO UPDATE SET name = EXCLUDED.name;
INSERT INTO "recipe_ingredients"("recipe_id","ingredient_id","count") VALUES('b125b9f9-cd20-4256-a043-ed565799448b', '4b82538b-1d68-4fb9-acb3-e67e146391ca', '0.50');
INSERT INTO "ingredients"("guid","name","dimension") VALUES('90564dbb-d3c4-4421-a743-4b93e604712b', 'vegetable stock', 'milliliters') ON CONFLICT (name) DO UPDATE SET name = EXCLUDED.name;
INSERT INTO "recipe_ingredients"("recipe_id","ingredient_id","count") VALUES('b125b9f9-cd20-4256-a043-ed565799448b', '90564dbb-d3c4-4421-a743-4b93e604712b', '354.88');
INSERT INTO "cooking_steps"("guid","recipe_id","order_number","description") VALUES('b80a23ee-6970-4625-bd02-19d1070d8fee', 'b125b9f9-cd20-4256-a043-ed565799448b', '1', 'Heat broth and a teaspoon of salt and bring to a boil.');
INSERT INTO "cooking_steps"("guid","recipe_id","order_number","description") VALUES('b1e22817-9c9a-4a69-96b7-0e8770478964', 'b125b9f9-cd20-4256-a043-ed565799448b', '2', 'Place couscous in a bowl and add broth.  Cover bowl to let couscous absorb liquid.After  5 minutes, remove cover and fluff couscous with a fork.In a large bowl, add the chickpeas, pistachios, red peppers, green onions and parsley and mix well.');
INSERT INTO "cooking_steps"("guid","recipe_id","order_number","description") VALUES('af61aee4-bb61-4f59-9ab5-66e941e0db55', 'b125b9f9-cd20-4256-a043-ed565799448b', '3', 'Add the zest and juice of the lemon and mix again.');
INSERT INTO "cooking_steps"("guid","recipe_id","order_number","description") VALUES('b3d688fe-565b-4080-82bb-3f4c2c9469ed', 'b125b9f9-cd20-4256-a043-ed565799448b', '4', 'Add the spice mixture over the couscous and mix well. Taste, and add salt if needed.');
INSERT INTO "cooking_steps"("guid","recipe_id","order_number","description") VALUES('1882debc-a1ac-4716-89fd-943761c8fd06', 'b125b9f9-cd20-4256-a043-ed565799448b', '5', 'Let the salad marinate for an hour or so before serving.');
INSERT INTO "recipe"("guid","title","description") VALUES('ec5e2c3a-4fd5-429d-99dc-2c947395003d', 'Easy Vegetable Beef Soup', 'You can never have too many main course recipes, so give Easy Vegetable Beef Soup a try. This dairy free recipe serves 8 and costs $3.45 per serving. One serving contains 566 calories, 45g of protein, and 19g of fat. 130 people were glad they tried this recipe. It will be a hit at your Autumn event. A mixture of salt, seasoning, on carrots, and a handful of other ingredients are all it takes to make this recipe so flavorful. It is brought to you by Pink When. From preparation to the plate, this recipe takes roughly 2 hours and 30 minutes. Taking all factors into account, this recipe earns a spoonacular score of 97%, which is awesome. Users who liked this recipe also liked Easy Vegetable Beef Soup, Easy Vegetable-Beef Soup, and Easy Vegetable Beef Soup.');
INSERT INTO "ingredients"("guid","name","dimension") VALUES('32590503-2b71-4fce-a76c-79b015471e56', 'boneless beef short ribs', 'kgs') ON CONFLICT (name) DO UPDATE SET name = EXCLUDED.name;
INSERT INTO "recipe_ingredients"("recipe_id","ingredient_id","count") VALUES('ec5e2c3a-4fd5-429d-99dc-2c947395003d', '32590503-2b71-4fce-a76c-79b015471e56', '1.36');
INSERT INTO "ingredients"("guid","name","dimension") VALUES('9c6e99cf-7bd3-4bf0-8196-499cb001bf38', 'elbow macaroni', 'milliliters') ON CONFLICT (name) DO UPDATE SET name = EXCLUDED.name;
INSERT INTO "recipe_ingredients"("recipe_id","ingredient_id","count") VALUES('ec5e2c3a-4fd5-429d-99dc-2c947395003d', '9c6e99cf-7bd3-4bf0-8196-499cb001bf38', '118.29');
INSERT INTO "ingredients"("guid","name","dimension") VALUES('faa7c536-494d-46a2-8bfc-649cb208f1d0', 'water', 'liters') ON CONFLICT (name) DO UPDATE SET name = EXCLUDED.name;
INSERT INTO "recipe_ingredients"("recipe_id","ingredient_id","count") VALUES('ec5e2c3a-4fd5-429d-99dc-2c947395003d', 'faa7c536-494d-46a2-8bfc-649cb208f1d0', '3.79');
INSERT INTO "ingredients"("guid","name","dimension") VALUES('6ad456a6-2c85-4bfe-a807-b32da68350cb', 'canned tomatoes', 'grams') ON CONFLICT (name) DO UPDATE SET name = EXCLUDED.name;
INSERT INTO "recipe_ingredients"("recipe_id","ingredient_id","count") VALUES('ec5e2c3a-4fd5-429d-99dc-2c947395003d', '6ad456a6-2c85-4bfe-a807-b32da68350cb', '793.79');
INSERT INTO "ingredients"("guid","name","dimension") VALUES('646309da-098a-461a-915a-a8802770ce02', 'potato', 'milliliters') ON CONFLICT (name) DO UPDATE SET name = EXCLUDED.name;
INSERT INTO "recipe_ingredients"("recipe_id","ingredient_id","count") VALUES('ec5e2c3a-4fd5-429d-99dc-2c947395003d', '646309da-098a-461a-915a-a8802770ce02', '236.59');
INSERT INTO "ingredients"("guid","name","dimension") VALUES('6b9754b0-3c6c-4528-a35f-9d80119ed1aa', 'carrot', 'milliliters') ON CONFLICT (name) DO UPDATE SET name = EXCLUDED.name;
INSERT INTO "recipe_ingredients"("recipe_id","ingredient_id","count") VALUES('ec5e2c3a-4fd5-429d-99dc-2c947395003d', '6b9754b0-3c6c-4528-a35f-9d80119ed1aa', '236.59');
INSERT INTO "ingredients"("guid","name","dimension") VALUES('dc7f1822-b536-4ca6-ab49-fd32a168f6f4', 'celery', 'milliliters') ON CONFLICT (name) DO UPDATE SET name = EXCLUDED.name;
INSERT INTO "recipe_ingredients"("recipe_id","ingredient_id","count") VALUES('ec5e2c3a-4fd5-429d-99dc-2c947395003d', 'dc7f1822-b536-4ca6-ab49-fd32a168f6f4', '236.59');
INSERT INTO "ingredients"("guid","name","dimension") VALUES('ea4db820-b562-4cff-bc98-bae139a325df', 'onion', 'milliliters') ON CONFLICT (name) DO UPDATE SET name = EXCLUDED.name;
INSERT INTO "recipe_ingredients"("recipe_id","ingredient_id","count") VALUES('ec5e2c3a-4fd5-429d-99dc-2c947395003d', 'ea4db820-b562-4cff-bc98-bae139a325df', '354.88');
INSERT INTO "ingredients"("guid","name","dimension") VALUES('c07a89e5-c194-4b89-b8a1-c3c79e799614', 'corn', 'grams') ON CONFLICT (name) DO UPDATE SET name = EXCLUDED.name;
INSERT INTO "recipe_ingredients"("recipe_id","ingredient_id","count") VALUES('ec5e2c3a-4fd5-429d-99dc-2c947395003d', 'c07a89e5-c194-4b89-b8a1-c3c79e799614', '425.24');
INSERT INTO "ingredients"("guid","name","dimension") VALUES('11b55cf0-62f9-4f73-ad63-0d9998479f35', 'canned butter beans', 'grams') ON CONFLICT (name) DO UPDATE SET name = EXCLUDED.name;
INSERT INTO "recipe_ingredients"("recipe_id","ingredient_id","count") VALUES('ec5e2c3a-4fd5-429d-99dc-2c947395003d', '11b55cf0-62f9-4f73-ad63-0d9998479f35', '425.24');
INSERT INTO "ingredients"("guid","name","dimension") VALUES('4ddb92ef-5654-4e14-afcc-c86f25067660', 'canned blackeyed peas', 'grams') ON CONFLICT (name) DO UPDATE SET name = EXCLUDED.name;
INSERT INTO "recipe_ingredients"("recipe_id","ingredient_id","count") VALUES('ec5e2c3a-4fd5-429d-99dc-2c947395003d', '4ddb92ef-5654-4e14-afcc-c86f25067660', '425.24');
INSERT INTO "ingredients"("guid","name","dimension") VALUES('ab4bbbfe-d0a7-4d6e-81af-b18cade85f3c', 'bay leaves', '') ON CONFLICT (name) DO UPDATE SET name = EXCLUDED.name;
INSERT INTO "recipe_ingredients"("recipe_id","ingredient_id","count") VALUES('ec5e2c3a-4fd5-429d-99dc-2c947395003d', 'ab4bbbfe-d0a7-4d6e-81af-b18cade85f3c', '2.00');
INSERT INTO "ingredients"("guid","name","dimension") VALUES('28c07cea-eca0-4f7e-aa9b-3439cda3dd4d', 'garlic powder', 'Tbsp') ON CONFLICT (name) DO UPDATE SET name = EXCLUDED.name;
INSERT INTO "recipe_ingredients"("recipe_id","ingredient_id","count") VALUES('ec5e2c3a-4fd5-429d-99dc-2c947395003d', '28c07cea-eca0-4f7e-aa9b-3439cda3dd4d', '1.00');
INSERT INTO "ingredients"("guid","name","dimension") VALUES('2cf1b58a-5cf0-4f0d-820f-46330d7b8bfb', 'celery salt', 'teaspoon') ON CONFLICT (name) DO UPDATE SET name = EXCLUDED.name;
INSERT INTO "recipe_ingredients"("recipe_id","ingredient_id","count") VALUES('ec5e2c3a-4fd5-429d-99dc-2c947395003d', '2cf1b58a-5cf0-4f0d-820f-46330d7b8bfb', '1.00');
INSERT INTO "ingredients"("guid","name","dimension") VALUES('9bdc3a11-992f-4f90-b176-725d4d22c6d3', 'worcestershire sauce', 'Tbsp') ON CONFLICT (name) DO UPDATE SET name = EXCLUDED.name;
INSERT INTO "recipe_ingredients"("recipe_id","ingredient_id","count") VALUES('ec5e2c3a-4fd5-429d-99dc-2c947395003d', '9bdc3a11-992f-4f90-b176-725d4d22c6d3', '1.00');
INSERT INTO "ingredients"("guid","name","dimension") VALUES('9d2c9ee9-fe26-4970-a0f6-256bcee3f2c3', 'table salt', 'Tbsp') ON CONFLICT (name) DO UPDATE SET name = EXCLUDED.name;
INSERT INTO "recipe_ingredients"("recipe_id","ingredient_id","count") VALUES('ec5e2c3a-4fd5-429d-99dc-2c947395003d', '9d2c9ee9-fe26-4970-a0f6-256bcee3f2c3', '1.00');
INSERT INTO "ingredients"("guid","name","dimension") VALUES('42f28b03-e136-4fc2-b343-5d16cada339d', 'black pepper', 'Tbsp') ON CONFLICT (name) DO UPDATE SET name = EXCLUDED.name;
INSERT INTO "recipe_ingredients"("recipe_id","ingredient_id","count") VALUES('ec5e2c3a-4fd5-429d-99dc-2c947395003d', '42f28b03-e136-4fc2-b343-5d16cada339d', '1.00');
INSERT INTO "ingredients"("guid","name","dimension") VALUES('c608a9d1-a984-4c6e-90fb-d8be78bd07fd', 'italian seasoning', 'Tbsp') ON CONFLICT (name) DO UPDATE SET name = EXCLUDED.name;
INSERT INTO "recipe_ingredients"("recipe_id","ingredient_id","count") VALUES('ec5e2c3a-4fd5-429d-99dc-2c947395003d', 'c608a9d1-a984-4c6e-90fb-d8be78bd07fd', '1.00');
INSERT INTO "ingredients"("guid","name","dimension") VALUES('2834a96a-0497-490a-9657-ab30331f38c5', 'beef bouillon cube', '') ON CONFLICT (name) DO UPDATE SET name = EXCLUDED.name;
INSERT INTO "recipe_ingredients"("recipe_id","ingredient_id","count") VALUES('ec5e2c3a-4fd5-429d-99dc-2c947395003d', '2834a96a-0497-490a-9657-ab30331f38c5', '2.00');
INSERT INTO "ingredients"("guid","name","dimension") VALUES('8de84f5f-3add-4cd0-98a7-9bb29cdfcf16', 'dried parsley', 'Tbsps') ON CONFLICT (name) DO UPDATE SET name = EXCLUDED.name;
INSERT INTO "recipe_ingredients"("recipe_id","ingredient_id","count") VALUES('ec5e2c3a-4fd5-429d-99dc-2c947395003d', '8de84f5f-3add-4cd0-98a7-9bb29cdfcf16', '2.00');
INSERT INTO "cooking_steps"("guid","recipe_id","order_number","description") VALUES('583e6f50-ca8e-44b9-ad1f-3fcf8ba5ccff', 'ec5e2c3a-4fd5-429d-99dc-2c947395003d', '1', 'To get started, bring 4 quarts of water to a boil in a large pot. ');
INSERT INTO "cooking_steps"("guid","recipe_id","order_number","description") VALUES('93981a3f-674d-47fd-924f-e4581fc67093', 'ec5e2c3a-4fd5-429d-99dc-2c947395003d', '2', 'While waiting on the water to boil, cut the beef short ribs into bite-sized pieces and add them to the water.');
INSERT INTO "cooking_steps"("guid","recipe_id","order_number","description") VALUES('6b09ac94-fa59-4c19-8b08-d3da0402a624', 'ec5e2c3a-4fd5-429d-99dc-2c947395003d', '3', 'Add in diced tomatoes, potatoes, diced onion, parsley, garlic powder, beef bouillon cubes, Italian seasoning, salt, pepper, Worcestershire sauce, celery salt, bay leaves, and stir.');
INSERT INTO "cooking_steps"("guid","recipe_id","order_number","description") VALUES('088c1bbe-7618-4194-b777-3521ade01ea9', 'ec5e2c3a-4fd5-429d-99dc-2c947395003d', '4', 'Then add carrots, celery, black-eyed peas, butter beans, corn, and macaroni.');
INSERT INTO "cooking_steps"("guid","recipe_id","order_number","description") VALUES('794f704d-3f61-4a73-b0f4-1d31d137f5fc', 'ec5e2c3a-4fd5-429d-99dc-2c947395003d', '5', 'Heat on high, stirring occasionally until the stew mixture comes to a boil.');
INSERT INTO "cooking_steps"("guid","recipe_id","order_number","description") VALUES('219bf67c-926f-4b9f-b8db-fa38cdf2c81b', 'ec5e2c3a-4fd5-429d-99dc-2c947395003d', '6', 'Once you have reached a boil, cover with a lid, lower heat enough to keep it simmering.  Continue to simmer for 1.5 to 2 hours, stirring occasionally.');
INSERT INTO "recipe"("guid","title","description") VALUES('a9088df9-7fcd-43b6-92bd-7353813bc007', 'Mango Fried Rice', 'Mango Fried Rice is a Chinese main course. This recipe makes 2 servings with 486 calories, 16g of protein, and 4g of fat each. For $1.51 per serving, this recipe covers 19% of your daily requirements of vitamins and minerals. Several people made this recipe, and 262 would say it hit the spot. Head to the store and pick up scotch bonnet pepper, seasoning cubes, rice, and a few other things to make it today. From preparation to the plate, this recipe takes roughly 45 minutes. It is brought to you by Afrolems. It is a good option if you''re following a gluten free and dairy free diet. Overall, this recipe earns a great spoonacular score of 94%. Mango-Pork Fried Rice, Thai Beef & Mango Fried Rice, and Thai Chicken and Mango Fried Rice are very similar to this recipe.');
INSERT INTO "ingredients"("guid","name","dimension") VALUES('45c845d2-e2db-4035-8214-4bc52d378262', 'chicken stock', 'milliliters') ON CONFLICT (name) DO UPDATE SET name = EXCLUDED.name;
INSERT INTO "recipe_ingredients"("recipe_id","ingredient_id","count") VALUES('a9088df9-7fcd-43b6-92bd-7353813bc007', '45c845d2-e2db-4035-8214-4bc52d378262', '473.18');
INSERT INTO "ingredients"("guid","name","dimension") VALUES('1a5ce7c5-425e-49a8-a514-98fb41cc31c5', 'diced ham', 'servings') ON CONFLICT (name) DO UPDATE SET name = EXCLUDED.name;
INSERT INTO "recipe_ingredients"("recipe_id","ingredient_id","count") VALUES('a9088df9-7fcd-43b6-92bd-7353813bc007', '1a5ce7c5-425e-49a8-a514-98fb41cc31c5', '2.00');
INSERT INTO "ingredients"("guid","name","dimension") VALUES('05940694-a9ea-4020-a33f-88a201e08ec1', 'mango', 'slices') ON CONFLICT (name) DO UPDATE SET name = EXCLUDED.name;
INSERT INTO "recipe_ingredients"("recipe_id","ingredient_id","count") VALUES('a9088df9-7fcd-43b6-92bd-7353813bc007', '05940694-a9ea-4020-a33f-88a201e08ec1', '3.00');
INSERT INTO "ingredients"("guid","name","dimension") VALUES('dd588566-cf29-41f4-9412-0ccb23726c59', 'rice', 'milliliters') ON CONFLICT (name) DO UPDATE SET name = EXCLUDED.name;
INSERT INTO "recipe_ingredients"("recipe_id","ingredient_id","count") VALUES('a9088df9-7fcd-43b6-92bd-7353813bc007', 'dd588566-cf29-41f4-9412-0ccb23726c59', '236.59');
INSERT INTO "ingredients"("guid","name","dimension") VALUES('b6346a9c-4ab6-4019-a563-e19217e9ae58', 'mixed vegetables', 'milliliters') ON CONFLICT (name) DO UPDATE SET name = EXCLUDED.name;
INSERT INTO "recipe_ingredients"("recipe_id","ingredient_id","count") VALUES('a9088df9-7fcd-43b6-92bd-7353813bc007', 'b6346a9c-4ab6-4019-a563-e19217e9ae58', '236.59');
INSERT INTO "ingredients"("guid","name","dimension") VALUES('c1a3f10f-c1ad-4357-aa21-556f991b7742', 'habanero chili', '') ON CONFLICT (name) DO UPDATE SET name = EXCLUDED.name;
INSERT INTO "recipe_ingredients"("recipe_id","ingredient_id","count") VALUES('a9088df9-7fcd-43b6-92bd-7353813bc007', 'c1a3f10f-c1ad-4357-aa21-556f991b7742', '1.00');
INSERT INTO "cooking_steps"("guid","recipe_id","order_number","description") VALUES('fb9b92c1-79b8-4d60-92dc-160c982f128b', 'a9088df9-7fcd-43b6-92bd-7353813bc007', '1', 'Wash your rice and bring to boil on medium heat with very little water as you are still going to cook it in chicken stock.Once the rice is slightly soft and the initial water has dried up, reduce the heat and pour in the chicken stock and cook till the chicken stock is all absorbed and has dried up. The chicken stock if freshly made will have some oil from the chicken so your rice does not need oil.Increase the heat and stir in the chopped vegetables and pepper.');
INSERT INTO "cooking_steps"("guid","recipe_id","order_number","description") VALUES('d3f62fee-bc81-405e-91e4-b7cb5862b8fb', 'a9088df9-7fcd-43b6-92bd-7353813bc007', '2', 'Add your seasoning cube.Finally stir in your cubed mango and serve warm with any protein of your choice. I’d say chicken but it’s up to you.');
INSERT INTO "recipe"("guid","title","description") VALUES('6bf00ca0-b24a-44fb-b836-4d77cef8e593', 'Spicy Salad with Kidney Beans, Cheddar, and Nuts', 'You can never have too many main course recipes, so give Spicy Salad with Kidney Beans, Cheddar, and Nuts a try. For $4.58 per serving, this recipe covers 38% of your daily requirements of vitamins and minerals. One serving contains 719 calories, 27g of protein, and 49g of fat. This recipe serves 1. It is a good option if you''re following a gluten free and lacto ovo vegetarian diet. From preparation to the plate, this recipe takes approximately 10 minutes. Head to the store and pick up kidney beans, greens, cheddar cheese, and a few other things to make it today. It is brought to you by spoonacular user coffeebean. If you like this recipe, take a look at these similar recipes: Spicy Salad with Kidney Beans, Cheddar, and Nuts, Spicy Salad with Kidney Beans, Cheddar, and Nuts, and Spicy Salad with Kidney Beans, Cheddar, and Nuts.');
INSERT INTO "ingredients"("guid","name","dimension") VALUES('30a07099-03c6-43a4-9186-9b9d23e1aff4', 'almonds', 'grams') ON CONFLICT (name) DO UPDATE SET name = EXCLUDED.name;
INSERT INTO "recipe_ingredients"("recipe_id","ingredient_id","count") VALUES('6bf00ca0-b24a-44fb-b836-4d77cef8e593', '30a07099-03c6-43a4-9186-9b9d23e1aff4', '15.00');
INSERT INTO "ingredients"("guid","name","dimension") VALUES('b8e931af-e48b-4db2-b59f-c9d81a65c7ac', 'avocado', '') ON CONFLICT (name) DO UPDATE SET name = EXCLUDED.name;
INSERT INTO "recipe_ingredients"("recipe_id","ingredient_id","count") VALUES('6bf00ca0-b24a-44fb-b836-4d77cef8e593', 'b8e931af-e48b-4db2-b59f-c9d81a65c7ac', '0.50');
INSERT INTO "ingredients"("guid","name","dimension") VALUES('ee203be2-a504-439f-a016-501234b3bf16', 'balsamic vinegar', 'milliliters') ON CONFLICT (name) DO UPDATE SET name = EXCLUDED.name;
INSERT INTO "recipe_ingredients"("recipe_id","ingredient_id","count") VALUES('6bf00ca0-b24a-44fb-b836-4d77cef8e593', 'ee203be2-a504-439f-a016-501234b3bf16', '5.00');
INSERT INTO "ingredients"("guid","name","dimension") VALUES('62456c51-9952-4dcb-9ff0-045e2a50e17d', 'cheddar cheese', 'grams') ON CONFLICT (name) DO UPDATE SET name = EXCLUDED.name;
INSERT INTO "recipe_ingredients"("recipe_id","ingredient_id","count") VALUES('6bf00ca0-b24a-44fb-b836-4d77cef8e593', '62456c51-9952-4dcb-9ff0-045e2a50e17d', '30.00');
INSERT INTO "ingredients"("guid","name","dimension") VALUES('c8e59fb9-4cc1-41c2-b340-7e8d3ab57f8e', 'kidney beans', 'grams') ON CONFLICT (name) DO UPDATE SET name = EXCLUDED.name;
INSERT INTO "recipe_ingredients"("recipe_id","ingredient_id","count") VALUES('6bf00ca0-b24a-44fb-b836-4d77cef8e593', 'c8e59fb9-4cc1-41c2-b340-7e8d3ab57f8e', '113.00');
INSERT INTO "ingredients"("guid","name","dimension") VALUES('248cea8f-afa3-4ad4-baca-0b9adf6232fb', 'mesclun', 'grams') ON CONFLICT (name) DO UPDATE SET name = EXCLUDED.name;
INSERT INTO "recipe_ingredients"("recipe_id","ingredient_id","count") VALUES('6bf00ca0-b24a-44fb-b836-4d77cef8e593', '248cea8f-afa3-4ad4-baca-0b9adf6232fb', '150.00');
INSERT INTO "ingredients"("guid","name","dimension") VALUES('903d4219-5d08-479e-85f9-3b1719bd0244', 'olive oil', 'milliliters') ON CONFLICT (name) DO UPDATE SET name = EXCLUDED.name;
INSERT INTO "recipe_ingredients"("recipe_id","ingredient_id","count") VALUES('6bf00ca0-b24a-44fb-b836-4d77cef8e593', '903d4219-5d08-479e-85f9-3b1719bd0244', '10.00');
INSERT INTO "ingredients"("guid","name","dimension") VALUES('91ef22e5-e9fa-4a7d-9f0f-c8f2fac19c98', 'salted roasted cashews', 'grams') ON CONFLICT (name) DO UPDATE SET name = EXCLUDED.name;
INSERT INTO "recipe_ingredients"("recipe_id","ingredient_id","count") VALUES('6bf00ca0-b24a-44fb-b836-4d77cef8e593', '91ef22e5-e9fa-4a7d-9f0f-c8f2fac19c98', '15.00');
INSERT INTO "ingredients"("guid","name","dimension") VALUES('1bfb1244-fc54-4c76-b5d0-a08c2d4a3f73', 'sun dried tomatoes', '') ON CONFLICT (name) DO UPDATE SET name = EXCLUDED.name;
INSERT INTO "recipe_ingredients"("recipe_id","ingredient_id","count") VALUES('6bf00ca0-b24a-44fb-b836-4d77cef8e593', '1bfb1244-fc54-4c76-b5d0-a08c2d4a3f73', '2.00');
INSERT INTO "ingredients"("guid","name","dimension") VALUES('2453d1e9-eb4c-4a83-a71c-c11db3512cff', 'tabasco sauce', 'dashes') ON CONFLICT (name) DO UPDATE SET name = EXCLUDED.name;
INSERT INTO "recipe_ingredients"("recipe_id","ingredient_id","count") VALUES('6bf00ca0-b24a-44fb-b836-4d77cef8e593', '2453d1e9-eb4c-4a83-a71c-c11db3512cff', '2.00');
INSERT INTO "cooking_steps"("guid","recipe_id","order_number","description") VALUES('c144be41-72c7-44ca-9fab-8318527719ea', '6bf00ca0-b24a-44fb-b836-4d77cef8e593', '1', 'Rinse and drain the kidney beans, cut the sundried tomatoes, and tear the slice of cheese into small pieces.');
INSERT INTO "cooking_steps"("guid","recipe_id","order_number","description") VALUES('e7f2216f-9be8-4f4a-a67f-cba56745fb95', '6bf00ca0-b24a-44fb-b836-4d77cef8e593', '2', 'Put the mixed greens in a bowl and top with kidney beans, sundried tomatoes, cheddar cheese, and nuts.');
INSERT INTO "cooking_steps"("guid","recipe_id","order_number","description") VALUES('0a33cad4-b3ea-487a-9550-b3feba4a1272', '6bf00ca0-b24a-44fb-b836-4d77cef8e593', '3', 'Mix together the olive oil, balsamic vinegar, and hot sauce in a small bowl.');
INSERT INTO "cooking_steps"("guid","recipe_id","order_number","description") VALUES('f9ed8f22-d432-4b3c-9efd-01c39f0dabac', '6bf00ca0-b24a-44fb-b836-4d77cef8e593', '4', 'Pour the dressing over the salad.');
INSERT INTO "cooking_steps"("guid","recipe_id","order_number","description") VALUES('1ff7e5e1-1e58-4599-866e-852caea29ed2', '6bf00ca0-b24a-44fb-b836-4d77cef8e593', '5', 'Fast, easy, and healthy-- one of my favorite lunches!');
INSERT INTO "recipe"("guid","title","description") VALUES('a8fa1d31-b84c-4ff6-959b-5a820e72f811', 'Roasted Broccoli with Lemon and Garlic', 'Roasted Broccoli with Lemon and Garlic is a side dish that serves 4. One portion of this dish contains approximately 3g of protein, 2g of fat, and a total of 58 calories. For 30 cents per serving, this recipe covers 14% of your daily requirements of vitamins and minerals. If you have lemon juice, ground pepper, salt, and a few other ingredients on hand, you can make it. 11 person have tried and liked this recipe. It is brought to you by Foodista. It is a good option if you''re following a gluten free, dairy free, paleolithic, and lacto ovo vegetarian diet. From preparation to the plate, this recipe takes approximately 45 minutes. Taking all factors into account, this recipe earns a spoonacular score of 96%, which is awesome. If you like this recipe, you might also like recipes such as Roasted Broccoli with Lemon and Garlic, Roasted Broccoli with Lemon and Garlic, and Roasted Garlic Lemon Broccoli.');
INSERT INTO "ingredients"("guid","name","dimension") VALUES('3921781d-cce1-43ff-89bd-b9ab794ee5e1', 'broccoli florets', 'liters') ON CONFLICT (name) DO UPDATE SET name = EXCLUDED.name;
INSERT INTO "recipe_ingredients"("recipe_id","ingredient_id","count") VALUES('a8fa1d31-b84c-4ff6-959b-5a820e72f811', '3921781d-cce1-43ff-89bd-b9ab794ee5e1', '1.18');
INSERT INTO "ingredients"("guid","name","dimension") VALUES('f7ced3fe-c340-4f26-b132-2952b8351272', 'extra virgin olive oil', 'teaspoons') ON CONFLICT (name) DO UPDATE SET name = EXCLUDED.name;
INSERT INTO "recipe_ingredients"("recipe_id","ingredient_id","count") VALUES('a8fa1d31-b84c-4ff6-959b-5a820e72f811', 'f7ced3fe-c340-4f26-b132-2952b8351272', '2.00');
INSERT INTO "ingredients"("guid","name","dimension") VALUES('3f7a39ce-ed38-4809-aea7-8a046670fb05', 'garlic', 'clove') ON CONFLICT (name) DO UPDATE SET name = EXCLUDED.name;
INSERT INTO "recipe_ingredients"("recipe_id","ingredient_id","count") VALUES('a8fa1d31-b84c-4ff6-959b-5a820e72f811', '3f7a39ce-ed38-4809-aea7-8a046670fb05', '1.00');
INSERT INTO "ingredients"("guid","name","dimension") VALUES('42f28b03-e136-4fc2-b343-5d16cada339d', 'black pepper', 'teaspoons') ON CONFLICT (name) DO UPDATE SET name = EXCLUDED.name;
INSERT INTO "recipe_ingredients"("recipe_id","ingredient_id","count") VALUES('a8fa1d31-b84c-4ff6-959b-5a820e72f811', '42f28b03-e136-4fc2-b343-5d16cada339d', '0.50');
INSERT INTO "ingredients"("guid","name","dimension") VALUES('9310a5ee-a22e-4ea4-b985-7b23c5ff8baa', 'lemon juice', 'teaspoons') ON CONFLICT (name) DO UPDATE SET name = EXCLUDED.name;
INSERT INTO "recipe_ingredients"("recipe_id","ingredient_id","count") VALUES('a8fa1d31-b84c-4ff6-959b-5a820e72f811', '9310a5ee-a22e-4ea4-b985-7b23c5ff8baa', '0.50');
INSERT INTO "ingredients"("guid","name","dimension") VALUES('9d2c9ee9-fe26-4970-a0f6-256bcee3f2c3', 'table salt', 'teaspoons') ON CONFLICT (name) DO UPDATE SET name = EXCLUDED.name;
INSERT INTO "recipe_ingredients"("recipe_id","ingredient_id","count") VALUES('a8fa1d31-b84c-4ff6-959b-5a820e72f811', '9d2c9ee9-fe26-4970-a0f6-256bcee3f2c3', '0.50');
INSERT INTO "cooking_steps"("guid","recipe_id","order_number","description") VALUES('58901779-0597-4778-be3d-04a86fbe49f0', 'a8fa1d31-b84c-4ff6-959b-5a820e72f811', '1', 'Preheat the oven to 400 degrees FIn a large bowl, add broccoli florets, olive oil, salt, pepper and garlic.');
INSERT INTO "cooking_steps"("guid","recipe_id","order_number","description") VALUES('3f7d0340-7df8-41a6-b3f5-f5d67dd5a3b3', 'a8fa1d31-b84c-4ff6-959b-5a820e72f811', '2', 'Spread the broccoli out in an even layer on a baking sheet.');
INSERT INTO "cooking_steps"("guid","recipe_id","order_number","description") VALUES('9481d393-774a-4d19-9482-0d7708879470', 'a8fa1d31-b84c-4ff6-959b-5a820e72f811', '3', 'Bake in the preheated oven until broccoli is tender enough to pierce the stems with a fork, 15 to 20 minutes.');
INSERT INTO "cooking_steps"("guid","recipe_id","order_number","description") VALUES('f46f211b-57a9-4706-bd4f-e10d49549c96', 'a8fa1d31-b84c-4ff6-959b-5a820e72f811', '4', 'Remove and place in a bowl, toss with lemon juice.');
INSERT INTO "recipe"("guid","title","description") VALUES('006822f8-61d0-4b7d-8eb5-ff785a751a81', 'Spicy Indian-Style Hummus', 'You can never have too many middl eastern recipes, so give Spicy Indian-Style Hummus a try. For 44 cents per serving, you get a hor d''oeuvre that serves 12. Watching your figure? This gluten free, dairy free, lacto ovo vegetarian, and vegan recipe has 134 calories, 5g of protein, and 6g of fat per serving. This recipe from foodandspice.blogspot.com has 161 fans. From preparation to the plate, this recipe takes about 45 minutes. Head to the store and pick up turmeric, chilies, sea salt, and a few other things to make it today. With a spoonacular score of 96%, this dish is outstanding. Users who liked this recipe also liked Indian Style Spicy Couscous, Red onion & Indian-spiced hummus, and Indian-Style Coleslaw.');
INSERT INTO "ingredients"("guid","name","dimension") VALUES('b0b6dcf9-2ff1-44d7-9a11-1426341e2f67', 'asafoetida', 'pinch') ON CONFLICT (name) DO UPDATE SET name = EXCLUDED.name;
INSERT INTO "recipe_ingredients"("recipe_id","ingredient_id","count") VALUES('006822f8-61d0-4b7d-8eb5-ff785a751a81', 'b0b6dcf9-2ff1-44d7-9a11-1426341e2f67', '1.00');
INSERT INTO "ingredients"("guid","name","dimension") VALUES('854304b5-2e31-4b0a-83bd-5480297b3e54', 'ground cayenne pepper', 'teaspoons') ON CONFLICT (name) DO UPDATE SET name = EXCLUDED.name;
INSERT INTO "recipe_ingredients"("recipe_id","ingredient_id","count") VALUES('006822f8-61d0-4b7d-8eb5-ff785a751a81', '854304b5-2e31-4b0a-83bd-5480297b3e54', '0.25');
INSERT INTO "ingredients"("guid","name","dimension") VALUES('aab0d1c6-6016-44cf-b52c-b06bafb2e259', 'dried chickpeas', 'milliliters') ON CONFLICT (name) DO UPDATE SET name = EXCLUDED.name;
INSERT INTO "recipe_ingredients"("recipe_id","ingredient_id","count") VALUES('006822f8-61d0-4b7d-8eb5-ff785a751a81', 'aab0d1c6-6016-44cf-b52c-b06bafb2e259', '295.74');
INSERT INTO "ingredients"("guid","name","dimension") VALUES('f5d091a0-c544-40d7-ae9a-e2476062db89', 'chives', 'milliliters') ON CONFLICT (name) DO UPDATE SET name = EXCLUDED.name;
INSERT INTO "recipe_ingredients"("recipe_id","ingredient_id","count") VALUES('006822f8-61d0-4b7d-8eb5-ff785a751a81', 'f5d091a0-c544-40d7-ae9a-e2476062db89', '59.15');
INSERT INTO "ingredients"("guid","name","dimension") VALUES('17419e6a-3a0a-4b7b-af44-bbbe98dd83dd', 'fresh ginger', 'inch') ON CONFLICT (name) DO UPDATE SET name = EXCLUDED.name;
INSERT INTO "recipe_ingredients"("recipe_id","ingredient_id","count") VALUES('006822f8-61d0-4b7d-8eb5-ff785a751a81', '17419e6a-3a0a-4b7b-af44-bbbe98dd83dd', '1.00');
INSERT INTO "ingredients"("guid","name","dimension") VALUES('07264208-64f2-476e-b5fc-b57bfc08842f', 'fresh parsley', 'milliliters') ON CONFLICT (name) DO UPDATE SET name = EXCLUDED.name;
INSERT INTO "recipe_ingredients"("recipe_id","ingredient_id","count") VALUES('006822f8-61d0-4b7d-8eb5-ff785a751a81', '07264208-64f2-476e-b5fc-b57bfc08842f', '118.29');
INSERT INTO "ingredients"("guid","name","dimension") VALUES('3f7a39ce-ed38-4809-aea7-8a046670fb05', 'garlic', 'cloves') ON CONFLICT (name) DO UPDATE SET name = EXCLUDED.name;
INSERT INTO "recipe_ingredients"("recipe_id","ingredient_id","count") VALUES('006822f8-61d0-4b7d-8eb5-ff785a751a81', '3f7a39ce-ed38-4809-aea7-8a046670fb05', '2.00');
INSERT INTO "ingredients"("guid","name","dimension") VALUES('bfa4266a-56db-44ea-b7cf-8a05cf2d10c5', 'ground coriander', 'teaspoons') ON CONFLICT (name) DO UPDATE SET name = EXCLUDED.name;
INSERT INTO "recipe_ingredients"("recipe_id","ingredient_id","count") VALUES('006822f8-61d0-4b7d-8eb5-ff785a751a81', 'bfa4266a-56db-44ea-b7cf-8a05cf2d10c5', '0.50');
INSERT INTO "ingredients"("guid","name","dimension") VALUES('17e245fd-e142-4987-8aeb-e235f22d603f', 'ground cumin', 'teaspoons') ON CONFLICT (name) DO UPDATE SET name = EXCLUDED.name;
INSERT INTO "recipe_ingredients"("recipe_id","ingredient_id","count") VALUES('006822f8-61d0-4b7d-8eb5-ff785a751a81', '17e245fd-e142-4987-8aeb-e235f22d603f', '0.50');
INSERT INTO "ingredients"("guid","name","dimension") VALUES('42f28b03-e136-4fc2-b343-5d16cada339d', 'black pepper', 'servings') ON CONFLICT (name) DO UPDATE SET name = EXCLUDED.name;
INSERT INTO "recipe_ingredients"("recipe_id","ingredient_id","count") VALUES('006822f8-61d0-4b7d-8eb5-ff785a751a81', '42f28b03-e136-4fc2-b343-5d16cada339d', '12.00');
INSERT INTO "ingredients"("guid","name","dimension") VALUES('9310a5ee-a22e-4ea4-b985-7b23c5ff8baa', 'lemon juice', '') ON CONFLICT (name) DO UPDATE SET name = EXCLUDED.name;
INSERT INTO "recipe_ingredients"("recipe_id","ingredient_id","count") VALUES('006822f8-61d0-4b7d-8eb5-ff785a751a81', '9310a5ee-a22e-4ea4-b985-7b23c5ff8baa', '1.00');
INSERT INTO "ingredients"("guid","name","dimension") VALUES('903d4219-5d08-479e-85f9-3b1719bd0244', 'olive oil', 'Tbsps') ON CONFLICT (name) DO UPDATE SET name = EXCLUDED.name;
INSERT INTO "recipe_ingredients"("recipe_id","ingredient_id","count") VALUES('006822f8-61d0-4b7d-8eb5-ff785a751a81', '903d4219-5d08-479e-85f9-3b1719bd0244', '2.00');
INSERT INTO "ingredients"("guid","name","dimension") VALUES('0e09a01e-8546-4a45-a729-5331a7555993', 'chili pepper', '') ON CONFLICT (name) DO UPDATE SET name = EXCLUDED.name;
INSERT INTO "recipe_ingredients"("recipe_id","ingredient_id","count") VALUES('006822f8-61d0-4b7d-8eb5-ff785a751a81', '0e09a01e-8546-4a45-a729-5331a7555993', '2.00');
INSERT INTO "ingredients"("guid","name","dimension") VALUES('a742c14e-2eb2-41f0-9f10-8ca45400f0ab', 'coarse sea salt', 'teaspoon') ON CONFLICT (name) DO UPDATE SET name = EXCLUDED.name;
INSERT INTO "recipe_ingredients"("recipe_id","ingredient_id","count") VALUES('006822f8-61d0-4b7d-8eb5-ff785a751a81', 'a742c14e-2eb2-41f0-9f10-8ca45400f0ab', '1.00');
INSERT INTO "ingredients"("guid","name","dimension") VALUES('e9c12bc5-0aac-40ff-ab8b-82ff4b3441f4', 'tahini', 'milliliters') ON CONFLICT (name) DO UPDATE SET name = EXCLUDED.name;
INSERT INTO "recipe_ingredients"("recipe_id","ingredient_id","count") VALUES('006822f8-61d0-4b7d-8eb5-ff785a751a81', 'e9c12bc5-0aac-40ff-ab8b-82ff4b3441f4', '59.15');
INSERT INTO "ingredients"("guid","name","dimension") VALUES('4b82538b-1d68-4fb9-acb3-e67e146391ca', 'turmeric', 'teaspoon') ON CONFLICT (name) DO UPDATE SET name = EXCLUDED.name;
INSERT INTO "recipe_ingredients"("recipe_id","ingredient_id","count") VALUES('006822f8-61d0-4b7d-8eb5-ff785a751a81', '4b82538b-1d68-4fb9-acb3-e67e146391ca', '1.00');
INSERT INTO "cooking_steps"("guid","recipe_id","order_number","description") VALUES('8399b0cd-9fda-4102-a045-4e3511c98700', '006822f8-61d0-4b7d-8eb5-ff785a751a81', '1', 'Rinse the chickpeas and soak for 8 hours or overnight covered in several inches of water with a little yogurt whey or lemon juice added.');
INSERT INTO "cooking_steps"("guid","recipe_id","order_number","description") VALUES('b3cd2112-1559-4b6b-8d78-7cb0cbca17db', '006822f8-61d0-4b7d-8eb5-ff785a751a81', '2', 'Drain and rinse, then transfer to a large saucepan.  Cover with several inches of fresh water, bring to a boil, reduce the heat to medium-low and cover.  Simmer for 1 to 1 1/2 hours or until the beans are buttery soft.');
INSERT INTO "cooking_steps"("guid","recipe_id","order_number","description") VALUES('838f9b40-e026-48f3-90ab-e2763cf23b2e', '006822f8-61d0-4b7d-8eb5-ff785a751a81', '3', 'Drain.In a food processor, combine all of the ingredients and process until you have a thick, smooth paste. You may need to add extra olive oil or a bit of water if you want a thinner paste. Makes 3 cups, nutrition information is based on 1/4 cup serving.');
INSERT INTO "recipe"("guid","title","description") VALUES('56455438-00ff-43b4-a430-d2699d9aaf8b', 'Stir Fried Quinoa, Brown Rice and Chicken Breast', 'You can never have too many main course recipes, so give Stir Fried Quinoa, Brown Rice and Chicken Breast a try. This recipe serves 1 and costs $3.58 per serving. One serving contains 750 calories, 58g of protein, and 20g of fat. 39 people were impressed by this recipe. If you have cherry tomatoes, spring onion, butter, and a few other ingredients on hand, you can make it. It is brought to you by Afrolems. From preparation to the plate, this recipe takes roughly 45 minutes. It is a good option if you''re following a gluten free diet. All things considered, we decided this recipe deserves a spoonacular score of 95%. This score is tremendous. Try Stir-fried chicken with broccoli & brown rice, Stir-Fried Broccoli with Brown Rice {Meat Optional}, and Stir-fried Chickpeas And Asparagus With Brown Rice And Lemon Ta for similar recipes.');
INSERT INTO "ingredients"("guid","name","dimension") VALUES('a428386e-0bc5-41df-8f55-4903ea46b352', 'seasoning mix', 'teaspoon') ON CONFLICT (name) DO UPDATE SET name = EXCLUDED.name;
INSERT INTO "recipe_ingredients"("recipe_id","ingredient_id","count") VALUES('56455438-00ff-43b4-a430-d2699d9aaf8b', 'a428386e-0bc5-41df-8f55-4903ea46b352', '1.00');
INSERT INTO "ingredients"("guid","name","dimension") VALUES('f484c823-a4e7-4fda-ba67-df2695841051', 'brown rice', 'milliliters') ON CONFLICT (name) DO UPDATE SET name = EXCLUDED.name;
INSERT INTO "recipe_ingredients"("recipe_id","ingredient_id","count") VALUES('56455438-00ff-43b4-a430-d2699d9aaf8b', 'f484c823-a4e7-4fda-ba67-df2695841051', '118.29');
INSERT INTO "ingredients"("guid","name","dimension") VALUES('dbc82a7d-5eea-444f-931e-42e429c61e78', 'butter', 'teaspoons') ON CONFLICT (name) DO UPDATE SET name = EXCLUDED.name;
INSERT INTO "recipe_ingredients"("recipe_id","ingredient_id","count") VALUES('56455438-00ff-43b4-a430-d2699d9aaf8b', 'dbc82a7d-5eea-444f-931e-42e429c61e78', '1.50');
INSERT INTO "ingredients"("guid","name","dimension") VALUES('6b9754b0-3c6c-4528-a35f-9d80119ed1aa', 'carrot', 'handful') ON CONFLICT (name) DO UPDATE SET name = EXCLUDED.name;
INSERT INTO "recipe_ingredients"("recipe_id","ingredient_id","count") VALUES('56455438-00ff-43b4-a430-d2699d9aaf8b', '6b9754b0-3c6c-4528-a35f-9d80119ed1aa', '1.00');
INSERT INTO "ingredients"("guid","name","dimension") VALUES('a8774ada-6a78-4598-a778-7da4268d315b', 'cherry tomato', '') ON CONFLICT (name) DO UPDATE SET name = EXCLUDED.name;
INSERT INTO "recipe_ingredients"("recipe_id","ingredient_id","count") VALUES('56455438-00ff-43b4-a430-d2699d9aaf8b', 'a8774ada-6a78-4598-a778-7da4268d315b', '4.00');
INSERT INTO "ingredients"("guid","name","dimension") VALUES('2bc630ad-6b72-4783-8f2b-a00413240e3d', 'chicken breast', '') ON CONFLICT (name) DO UPDATE SET name = EXCLUDED.name;
INSERT INTO "recipe_ingredients"("recipe_id","ingredient_id","count") VALUES('56455438-00ff-43b4-a430-d2699d9aaf8b', '2bc630ad-6b72-4783-8f2b-a00413240e3d', '1.00');
INSERT INTO "ingredients"("guid","name","dimension") VALUES('3f7a39ce-ed38-4809-aea7-8a046670fb05', 'garlic', 'cloves') ON CONFLICT (name) DO UPDATE SET name = EXCLUDED.name;
INSERT INTO "recipe_ingredients"("recipe_id","ingredient_id","count") VALUES('56455438-00ff-43b4-a430-d2699d9aaf8b', '3f7a39ce-ed38-4809-aea7-8a046670fb05', '2.00');
INSERT INTO "ingredients"("guid","name","dimension") VALUES('1a5ce7c5-425e-49a8-a514-98fb41cc31c5', 'diced ham', 'serving') ON CONFLICT (name) DO UPDATE SET name = EXCLUDED.name;
INSERT INTO "recipe_ingredients"("recipe_id","ingredient_id","count") VALUES('56455438-00ff-43b4-a430-d2699d9aaf8b', '1a5ce7c5-425e-49a8-a514-98fb41cc31c5', '1.00');
INSERT INTO "ingredients"("guid","name","dimension") VALUES('1b7649ca-bc44-4602-87b8-9885d114543e', 'green pepper', 'handful') ON CONFLICT (name) DO UPDATE SET name = EXCLUDED.name;
INSERT INTO "recipe_ingredients"("recipe_id","ingredient_id","count") VALUES('56455438-00ff-43b4-a430-d2699d9aaf8b', '1b7649ca-bc44-4602-87b8-9885d114543e', '1.00');
INSERT INTO "ingredients"("guid","name","dimension") VALUES('a2b7a3af-85e0-46dd-b874-12b09f0c7e2f', 'italian tomato', 'medium') ON CONFLICT (name) DO UPDATE SET name = EXCLUDED.name;
INSERT INTO "recipe_ingredients"("recipe_id","ingredient_id","count") VALUES('56455438-00ff-43b4-a430-d2699d9aaf8b', 'a2b7a3af-85e0-46dd-b874-12b09f0c7e2f', '1.00');
INSERT INTO "ingredients"("guid","name","dimension") VALUES('c1a3f10f-c1ad-4357-aa21-556f991b7742', 'habanero chili', '') ON CONFLICT (name) DO UPDATE SET name = EXCLUDED.name;
INSERT INTO "recipe_ingredients"("recipe_id","ingredient_id","count") VALUES('56455438-00ff-43b4-a430-d2699d9aaf8b', 'c1a3f10f-c1ad-4357-aa21-556f991b7742', '1.00');
INSERT INTO "ingredients"("guid","name","dimension") VALUES('bae5d8c1-26a3-4c71-a5c6-226558e8047f', 'spring onions', '') ON CONFLICT (name) DO UPDATE SET name = EXCLUDED.name;
INSERT INTO "recipe_ingredients"("recipe_id","ingredient_id","count") VALUES('56455438-00ff-43b4-a430-d2699d9aaf8b', 'bae5d8c1-26a3-4c71-a5c6-226558e8047f', '1.00');
INSERT INTO "ingredients"("guid","name","dimension") VALUES('c6618e3b-5775-4aa2-9d98-b8170ee612bf', 'vegetable oil', 'teaspoon') ON CONFLICT (name) DO UPDATE SET name = EXCLUDED.name;
INSERT INTO "recipe_ingredients"("recipe_id","ingredient_id","count") VALUES('56455438-00ff-43b4-a430-d2699d9aaf8b', 'c6618e3b-5775-4aa2-9d98-b8170ee612bf', '1.00');
INSERT INTO "ingredients"("guid","name","dimension") VALUES('faa7c536-494d-46a2-8bfc-649cb208f1d0', 'water', 'milliliters') ON CONFLICT (name) DO UPDATE SET name = EXCLUDED.name;
INSERT INTO "recipe_ingredients"("recipe_id","ingredient_id","count") VALUES('56455438-00ff-43b4-a430-d2699d9aaf8b', 'faa7c536-494d-46a2-8bfc-649cb208f1d0', '236.59');
INSERT INTO "cooking_steps"("guid","recipe_id","order_number","description") VALUES('13f6494d-1754-4584-a052-3e089b7364ea', '56455438-00ff-43b4-a430-d2699d9aaf8b', '1', 'In a bowl, season the chicken breast with the seasoning cubes and suya spice and allow to marinate for 2 hours or if you are really hungry, you can use immediately.In a pot of boiling water (1 cup), pour in your quinoa mix and the teaspoon of oil and allow to boil till soft which should take about 5-7 minutes.');
INSERT INTO "cooking_steps"("guid","recipe_id","order_number","description") VALUES('0c00f2fe-d53a-4ff4-832d-37b92e4c6b0e', '56455438-00ff-43b4-a430-d2699d9aaf8b', '2', 'Pour into a bowl and set aside.In a pan, heat up the melted butter and pan fry on medium heat the chicken breast, constantly flipping it over so it browns on both sides, reduce the heat, cover the pan and allow the chicken cook properly. If the pan becomes to dry, add 2 tablespoons of water.Stir in the chopped vegetables into the pan of frying chicken and finally add the quinoa/brown rice mix.');
INSERT INTO "cooking_steps"("guid","recipe_id","order_number","description") VALUES('739b2137-2f33-4a48-89a7-0a8e6ee9c417', '56455438-00ff-43b4-a430-d2699d9aaf8b', '3', 'Serve hot!     ');
INSERT INTO "recipe"("guid","title","description") VALUES('cd0ad7eb-ed2f-4f18-9c19-842da5f2924a', 'Snap Pea and Green Bean Salad with Arugula Pesto', 'If you want to add more gluten free, lacto ovo vegetarian, and primal recipes to your recipe box, Snap Pean and Green Bean Salad with Arugula Pesto might be a recipe you should try. This side dish has 314 calories, 12g of protein, and 22g of fat per serving. This recipe serves 6. For $2.22 per serving, this recipe covers 23% of your daily requirements of vitamins and minerals. From preparation to the plate, this recipe takes roughly 45 minutes. This recipe is liked by 127 foodies and cooks. Head to the store and pick up wax beans, basil leaves, cilantro, and a few other things to make it today. It is brought to you by Pink When. Taking all factors into account, this recipe earns a spoonacular score of 96%, which is amazing. If you like this recipe, take a look at these similar recipes: Snap Peas and Green Beans with Arugula-Mint Pesto, Snap Peas and Green Beans with Arugula-Mint Pesto, and Snap Peas and Green Beans with Arugula-Mint Pesto.');
INSERT INTO "ingredients"("guid","name","dimension") VALUES('30a07099-03c6-43a4-9186-9b9d23e1aff4', 'almonds', 'milliliters') ON CONFLICT (name) DO UPDATE SET name = EXCLUDED.name;
INSERT INTO "recipe_ingredients"("recipe_id","ingredient_id","count") VALUES('cd0ad7eb-ed2f-4f18-9c19-842da5f2924a', '30a07099-03c6-43a4-9186-9b9d23e1aff4', '236.59');
INSERT INTO "ingredients"("guid","name","dimension") VALUES('30a07099-03c6-43a4-9186-9b9d23e1aff4', 'almonds', 'Tbsp') ON CONFLICT (name) DO UPDATE SET name = EXCLUDED.name;
INSERT INTO "recipe_ingredients"("recipe_id","ingredient_id","count") VALUES('cd0ad7eb-ed2f-4f18-9c19-842da5f2924a', '30a07099-03c6-43a4-9186-9b9d23e1aff4', '1.00');
INSERT INTO "ingredients"("guid","name","dimension") VALUES('ac26412e-d94d-4a21-9f56-4f6fc21e73c1', 'baby arugula', 'milliliters') ON CONFLICT (name) DO UPDATE SET name = EXCLUDED.name;
INSERT INTO "recipe_ingredients"("recipe_id","ingredient_id","count") VALUES('cd0ad7eb-ed2f-4f18-9c19-842da5f2924a', 'ac26412e-d94d-4a21-9f56-4f6fc21e73c1', '473.18');
INSERT INTO "ingredients"("guid","name","dimension") VALUES('c71bac9c-e965-4d14-ab29-0eeb75d745af', 'fresh basil', '') ON CONFLICT (name) DO UPDATE SET name = EXCLUDED.name;
INSERT INTO "recipe_ingredients"("recipe_id","ingredient_id","count") VALUES('cd0ad7eb-ed2f-4f18-9c19-842da5f2924a', 'c71bac9c-e965-4d14-ab29-0eeb75d745af', '4.00');
INSERT INTO "ingredients"("guid","name","dimension") VALUES('246b1fe9-2ff9-46fa-941e-12c502a98a40', 'cilantro', 'milliliters') ON CONFLICT (name) DO UPDATE SET name = EXCLUDED.name;
INSERT INTO "recipe_ingredients"("recipe_id","ingredient_id","count") VALUES('cd0ad7eb-ed2f-4f18-9c19-842da5f2924a', '246b1fe9-2ff9-46fa-941e-12c502a98a40', '118.29');
INSERT INTO "ingredients"("guid","name","dimension") VALUES('f7ced3fe-c340-4f26-b132-2952b8351272', 'extra virgin olive oil', 'milliliters') ON CONFLICT (name) DO UPDATE SET name = EXCLUDED.name;
INSERT INTO "recipe_ingredients"("recipe_id","ingredient_id","count") VALUES('cd0ad7eb-ed2f-4f18-9c19-842da5f2924a', 'f7ced3fe-c340-4f26-b132-2952b8351272', '118.29');
INSERT INTO "ingredients"("guid","name","dimension") VALUES('3f7a39ce-ed38-4809-aea7-8a046670fb05', 'garlic', 'cloves') ON CONFLICT (name) DO UPDATE SET name = EXCLUDED.name;
INSERT INTO "recipe_ingredients"("recipe_id","ingredient_id","count") VALUES('cd0ad7eb-ed2f-4f18-9c19-842da5f2924a', '3f7a39ce-ed38-4809-aea7-8a046670fb05', '3.00');
INSERT INTO "ingredients"("guid","name","dimension") VALUES('248cea8f-afa3-4ad4-baca-0b9adf6232fb', 'mesclun', 'milliliters') ON CONFLICT (name) DO UPDATE SET name = EXCLUDED.name;
INSERT INTO "recipe_ingredients"("recipe_id","ingredient_id","count") VALUES('cd0ad7eb-ed2f-4f18-9c19-842da5f2924a', '248cea8f-afa3-4ad4-baca-0b9adf6232fb', '236.59');
INSERT INTO "ingredients"("guid","name","dimension") VALUES('fe918fc4-367d-4eaa-9c98-88d5a787fa1f', 'lemon peel', '') ON CONFLICT (name) DO UPDATE SET name = EXCLUDED.name;
INSERT INTO "recipe_ingredients"("recipe_id","ingredient_id","count") VALUES('cd0ad7eb-ed2f-4f18-9c19-842da5f2924a', 'fe918fc4-367d-4eaa-9c98-88d5a787fa1f', '1.00');
INSERT INTO "ingredients"("guid","name","dimension") VALUES('205ae491-da00-49ab-afdc-4175d1fb9b31', 'pistachio nuts', 'milliliters') ON CONFLICT (name) DO UPDATE SET name = EXCLUDED.name;
INSERT INTO "recipe_ingredients"("recipe_id","ingredient_id","count") VALUES('cd0ad7eb-ed2f-4f18-9c19-842da5f2924a', '205ae491-da00-49ab-afdc-4175d1fb9b31', '118.29');
INSERT INTO "ingredients"("guid","name","dimension") VALUES('bd6df831-fb53-48d0-af46-c32ee7488a9b', 'salt and pepper', 'servings') ON CONFLICT (name) DO UPDATE SET name = EXCLUDED.name;
INSERT INTO "recipe_ingredients"("recipe_id","ingredient_id","count") VALUES('cd0ad7eb-ed2f-4f18-9c19-842da5f2924a', 'bd6df831-fb53-48d0-af46-c32ee7488a9b', '6.00');
INSERT INTO "ingredients"("guid","name","dimension") VALUES('0c793bc4-2ba6-4ae6-89f1-7cb26c3323af', 'sugar snap peas', 'grams') ON CONFLICT (name) DO UPDATE SET name = EXCLUDED.name;
INSERT INTO "recipe_ingredients"("recipe_id","ingredient_id","count") VALUES('cd0ad7eb-ed2f-4f18-9c19-842da5f2924a', '0c793bc4-2ba6-4ae6-89f1-7cb26c3323af', '453.59');
INSERT INTO "ingredients"("guid","name","dimension") VALUES('803b6e88-b25f-4d9f-a3ef-5b31aed1f617', 'wax beans', 'grams') ON CONFLICT (name) DO UPDATE SET name = EXCLUDED.name;
INSERT INTO "recipe_ingredients"("recipe_id","ingredient_id","count") VALUES('cd0ad7eb-ed2f-4f18-9c19-842da5f2924a', '803b6e88-b25f-4d9f-a3ef-5b31aed1f617', '453.59');
INSERT INTO "ingredients"("guid","name","dimension") VALUES('58d2baa5-70fa-4eb3-8d1b-8b75180382dc', 'plain yogurt', 'milliliters') ON CONFLICT (name) DO UPDATE SET name = EXCLUDED.name;
INSERT INTO "recipe_ingredients"("recipe_id","ingredient_id","count") VALUES('cd0ad7eb-ed2f-4f18-9c19-842da5f2924a', '58d2baa5-70fa-4eb3-8d1b-8b75180382dc', '118.29');
INSERT INTO "cooking_steps"("guid","recipe_id","order_number","description") VALUES('ad536f8d-8752-44c7-81e2-fa2d109d3aeb', 'cd0ad7eb-ed2f-4f18-9c19-842da5f2924a', '1', 'Bring a large pot of salted water to a boil.While your water is coming to a boil, prepare your arugula pesto and cilantro cream drizzle.In the bowl of your food processor, add the almonds, pistachios, garlic, lemon zest, baby arugula and basil leaves. Pulse 8-9 times until completely broken up. With the food processor running, slowly pour in the olive oil until the pesto just comes together. Season to taste with salt and black pepper and transfer to a large bowl.In the same food processor bowl (wipe clean if you wish), combine the yogurt and cilantro. Pulse until the two ingredients come together. Season to taste with salt and black pepper and set aside.Have an ice bath ready.');
INSERT INTO "cooking_steps"("guid","recipe_id","order_number","description") VALUES('5421b453-5ae4-4739-870f-05d66a1868d8', 'cd0ad7eb-ed2f-4f18-9c19-842da5f2924a', '2', 'Add the snap peas and beans to the boiling water and blanch for about 1 minute and 30 seconds.');
INSERT INTO "cooking_steps"("guid","recipe_id","order_number","description") VALUES('c0a20b6f-ce20-4c98-b40b-1e83a8af43a3', 'cd0ad7eb-ed2f-4f18-9c19-842da5f2924a', '3', 'Drain and transfer immediately to the ice bath to cool down.');
INSERT INTO "cooking_steps"("guid","recipe_id","order_number","description") VALUES('7107600a-a062-4fff-9c1c-14df01b255b6', 'cd0ad7eb-ed2f-4f18-9c19-842da5f2924a', '4', 'Drain again once the veggies are cool, and pat them dry.');
INSERT INTO "cooking_steps"("guid","recipe_id","order_number","description") VALUES('4889edee-c3da-4ae2-967f-89ddf1c2f4da', 'cd0ad7eb-ed2f-4f18-9c19-842da5f2924a', '5', 'Add the veggies to the bowl with the pesto and toss to coat.');
INSERT INTO "cooking_steps"("guid","recipe_id","order_number","description") VALUES('f09683b1-fa57-4f58-a31b-9c3669016ff0', 'cd0ad7eb-ed2f-4f18-9c19-842da5f2924a', '6', 'Pour the veggies onto a large platter and drizzle with the cilantro cream. Top with micro greens and sliced almonds. Enjoy immediately or place in the refrigerator to chill.');
INSERT INTO "recipe"("guid","title","description") VALUES('95f5c39c-1268-4bd0-a2b3-f89a3069dbba', 'Skinny Kale Basil Pesto', 'Skinny Kale Basil Pesto requires about 45 minutes from start to finish. For $1.06 per serving, you get a condiment that serves 3. Watching your figure? This gluten free recipe has 81 calories, 4g of protein, and 5g of fat per serving. A few people made this recipe, and 10 would say it hit the spot. It is brought to you by Foodista. A mixture of parmesan cheese, olive oil, walnuts, and a handful of other ingredients are all it takes to make this recipe so delicious. With a spoonacular score of 97%, this dish is great. Kale Basil Mint Parsley Pesto, Kale Basil Mint Parsley Pesto, and Kale, Spinach and Basil Pesto Baked Pasta are very similar to this recipe.');
INSERT INTO "ingredients"("guid","name","dimension") VALUES('65d1ae48-d484-44fa-8b5f-95bc94c831b0', 'kale', 'milliliters') ON CONFLICT (name) DO UPDATE SET name = EXCLUDED.name;
INSERT INTO "recipe_ingredients"("recipe_id","ingredient_id","count") VALUES('95f5c39c-1268-4bd0-a2b3-f89a3069dbba', '65d1ae48-d484-44fa-8b5f-95bc94c831b0', '473.18');
INSERT INTO "ingredients"("guid","name","dimension") VALUES('c71bac9c-e965-4d14-ab29-0eeb75d745af', 'fresh basil', 'milliliters') ON CONFLICT (name) DO UPDATE SET name = EXCLUDED.name;
INSERT INTO "recipe_ingredients"("recipe_id","ingredient_id","count") VALUES('95f5c39c-1268-4bd0-a2b3-f89a3069dbba', 'c71bac9c-e965-4d14-ab29-0eeb75d745af', '354.88');
INSERT INTO "ingredients"("guid","name","dimension") VALUES('9310a5ee-a22e-4ea4-b985-7b23c5ff8baa', 'lemon juice', '') ON CONFLICT (name) DO UPDATE SET name = EXCLUDED.name;
INSERT INTO "recipe_ingredients"("recipe_id","ingredient_id","count") VALUES('95f5c39c-1268-4bd0-a2b3-f89a3069dbba', '9310a5ee-a22e-4ea4-b985-7b23c5ff8baa', '0.50');
INSERT INTO "ingredients"("guid","name","dimension") VALUES('cc09f6f1-b71e-4c8f-89c5-625b1effb1d3', 'whole garlic cloves', '') ON CONFLICT (name) DO UPDATE SET name = EXCLUDED.name;
INSERT INTO "recipe_ingredients"("recipe_id","ingredient_id","count") VALUES('95f5c39c-1268-4bd0-a2b3-f89a3069dbba', 'cc09f6f1-b71e-4c8f-89c5-625b1effb1d3', '3.00');
INSERT INTO "ingredients"("guid","name","dimension") VALUES('289b1660-badc-44cb-a5c2-d6c2ec7c2c4b', 'miso', 'Tb') ON CONFLICT (name) DO UPDATE SET name = EXCLUDED.name;
INSERT INTO "recipe_ingredients"("recipe_id","ingredient_id","count") VALUES('95f5c39c-1268-4bd0-a2b3-f89a3069dbba', '289b1660-badc-44cb-a5c2-d6c2ec7c2c4b', '1.00');
INSERT INTO "ingredients"("guid","name","dimension") VALUES('2a4edef4-b320-4354-a550-bc5457dd9b79', 'grated parmesan cheese', 'Tbs') ON CONFLICT (name) DO UPDATE SET name = EXCLUDED.name;
INSERT INTO "recipe_ingredients"("recipe_id","ingredient_id","count") VALUES('95f5c39c-1268-4bd0-a2b3-f89a3069dbba', '2a4edef4-b320-4354-a550-bc5457dd9b79', '2.00');
INSERT INTO "ingredients"("guid","name","dimension") VALUES('42492519-bc4c-4a39-8438-578d76c953ac', 'walnut pieces', 'Tbs') ON CONFLICT (name) DO UPDATE SET name = EXCLUDED.name;
INSERT INTO "recipe_ingredients"("recipe_id","ingredient_id","count") VALUES('95f5c39c-1268-4bd0-a2b3-f89a3069dbba', '42492519-bc4c-4a39-8438-578d76c953ac', '0.50');
INSERT INTO "ingredients"("guid","name","dimension") VALUES('faa7c536-494d-46a2-8bfc-649cb208f1d0', 'water', 'Tb') ON CONFLICT (name) DO UPDATE SET name = EXCLUDED.name;
INSERT INTO "recipe_ingredients"("recipe_id","ingredient_id","count") VALUES('95f5c39c-1268-4bd0-a2b3-f89a3069dbba', 'faa7c536-494d-46a2-8bfc-649cb208f1d0', '1.00');
INSERT INTO "ingredients"("guid","name","dimension") VALUES('903d4219-5d08-479e-85f9-3b1719bd0244', 'olive oil', 'Tbs') ON CONFLICT (name) DO UPDATE SET name = EXCLUDED.name;
INSERT INTO "recipe_ingredients"("recipe_id","ingredient_id","count") VALUES('95f5c39c-1268-4bd0-a2b3-f89a3069dbba', '903d4219-5d08-479e-85f9-3b1719bd0244', '0.50');
INSERT INTO "cooking_steps"("guid","recipe_id","order_number","description") VALUES('ebec04f1-07e1-4da1-9eba-58e33288c172', '95f5c39c-1268-4bd0-a2b3-f89a3069dbba', '1', 'Remove the kale and basil leaves from the stem and rinse.');
INSERT INTO "cooking_steps"("guid","recipe_id","order_number","description") VALUES('a1528734-b4cb-414d-9c34-176a4d45ec81', '95f5c39c-1268-4bd0-a2b3-f89a3069dbba', '2', 'Roughly chop the kale leaves so that they fit inside a food processor.');
INSERT INTO "cooking_steps"("guid","recipe_id","order_number","description") VALUES('50df6889-ba20-4093-b745-e4e83f34bf1c', '95f5c39c-1268-4bd0-a2b3-f89a3069dbba', '3', 'Place the kale and basil leaves into a food processor and chop until the leaves turn into small pieces.');
INSERT INTO "cooking_steps"("guid","recipe_id","order_number","description") VALUES('9afa3ad9-f5e2-49d1-97ed-602ba950194c', '95f5c39c-1268-4bd0-a2b3-f89a3069dbba', '4', 'Add the rest of the ingredients into the food processor and mix until everything is well blended.');
INSERT INTO "cooking_steps"("guid","recipe_id","order_number","description") VALUES('e69aa310-33cd-4042-8e1a-03afb3499481', '95f5c39c-1268-4bd0-a2b3-f89a3069dbba', '5', 'Pour out all the ingredients into a dish and enjoy with your favorite dishes!');
INSERT INTO "recipe"("guid","title","description") VALUES('b36ec1d8-087c-4d6f-a147-fdff7948ce13', 'Greek-Style Baked Fish: Fresh, Simple, and Delicious', 'Greek-Style Baked Fish: Fresh, Simple, and Delicious might be just the Mediterranean recipe you are searching for. For $3.04 per serving, this recipe covers 21% of your daily requirements of vitamins and minerals. One portion of this dish contains roughly 28g of protein, 12g of fat, and a total of 343 calories. This recipe serves 4. Plenty of people made this recipe, and 396 would say it hit the spot. It works well as a main course. Head to the store and pick up pepper, white wine, basil, and a few other things to make it today. From preparation to the plate, this recipe takes roughly 30 minutes. It is a good option if you''re following a gluten free and pescatarian diet. It is brought to you by fullbellysisters.blogspot.com. Overall, this recipe earns a tremendous spoonacular score of 98%. Similar recipes are Simple Greek Style Baked Fish, Greek Style Baked Fish, and Delicious Greek Pastitsio {Casserole-Style}.');
INSERT INTO "ingredients"("guid","name","dimension") VALUES('20a9876f-1d82-4ec6-bbe2-0dee11d999dc', 'bell pepper', '') ON CONFLICT (name) DO UPDATE SET name = EXCLUDED.name;
INSERT INTO "recipe_ingredients"("recipe_id","ingredient_id","count") VALUES('b36ec1d8-087c-4d6f-a147-fdff7948ce13', '20a9876f-1d82-4ec6-bbe2-0dee11d999dc', '1.00');
INSERT INTO "ingredients"("guid","name","dimension") VALUES('c4d68abb-39cd-4380-9953-1fb31ac77df7', 'cooked rice', 'servings') ON CONFLICT (name) DO UPDATE SET name = EXCLUDED.name;
INSERT INTO "recipe_ingredients"("recipe_id","ingredient_id","count") VALUES('b36ec1d8-087c-4d6f-a147-fdff7948ce13', 'c4d68abb-39cd-4380-9953-1fb31ac77df7', '4.00');
INSERT INTO "ingredients"("guid","name","dimension") VALUES('2189ab28-5b76-443d-ba95-8ef2cb269bb2', 'dried basil', 'teaspoon') ON CONFLICT (name) DO UPDATE SET name = EXCLUDED.name;
INSERT INTO "recipe_ingredients"("recipe_id","ingredient_id","count") VALUES('b36ec1d8-087c-4d6f-a147-fdff7948ce13', '2189ab28-5b76-443d-ba95-8ef2cb269bb2', '1.00');
INSERT INTO "ingredients"("guid","name","dimension") VALUES('95b9b26a-b6f3-4704-981f-0a9c5b323fe9', 'feta cheese', 'grams') ON CONFLICT (name) DO UPDATE SET name = EXCLUDED.name;
INSERT INTO "recipe_ingredients"("recipe_id","ingredient_id","count") VALUES('b36ec1d8-087c-4d6f-a147-fdff7948ce13', '95b9b26a-b6f3-4704-981f-0a9c5b323fe9', '56.70');
INSERT INTO "ingredients"("guid","name","dimension") VALUES('3cac0574-b449-405f-acfb-01e37fcf60f2', 'fish', 'grams') ON CONFLICT (name) DO UPDATE SET name = EXCLUDED.name;
INSERT INTO "recipe_ingredients"("recipe_id","ingredient_id","count") VALUES('b36ec1d8-087c-4d6f-a147-fdff7948ce13', '3cac0574-b449-405f-acfb-01e37fcf60f2', '453.59');
INSERT INTO "ingredients"("guid","name","dimension") VALUES('903d4219-5d08-479e-85f9-3b1719bd0244', 'olive oil', 'Tbsps') ON CONFLICT (name) DO UPDATE SET name = EXCLUDED.name;
INSERT INTO "recipe_ingredients"("recipe_id","ingredient_id","count") VALUES('b36ec1d8-087c-4d6f-a147-fdff7948ce13', '903d4219-5d08-479e-85f9-3b1719bd0244', '2.00');
INSERT INTO "ingredients"("guid","name","dimension") VALUES('ae7510d7-84f1-47ba-a5df-9e72883783f8', 'oregano', 'teaspoon') ON CONFLICT (name) DO UPDATE SET name = EXCLUDED.name;
INSERT INTO "recipe_ingredients"("recipe_id","ingredient_id","count") VALUES('b36ec1d8-087c-4d6f-a147-fdff7948ce13', 'ae7510d7-84f1-47ba-a5df-9e72883783f8', '1.00');
INSERT INTO "ingredients"("guid","name","dimension") VALUES('42f28b03-e136-4fc2-b343-5d16cada339d', 'black pepper', 'servings') ON CONFLICT (name) DO UPDATE SET name = EXCLUDED.name;
INSERT INTO "recipe_ingredients"("recipe_id","ingredient_id","count") VALUES('b36ec1d8-087c-4d6f-a147-fdff7948ce13', '42f28b03-e136-4fc2-b343-5d16cada339d', '4.00');
INSERT INTO "ingredients"("guid","name","dimension") VALUES('07ee04d6-0ddb-4b7d-9cce-84b109d78c35', 'red onion', '') ON CONFLICT (name) DO UPDATE SET name = EXCLUDED.name;
INSERT INTO "recipe_ingredients"("recipe_id","ingredient_id","count") VALUES('b36ec1d8-087c-4d6f-a147-fdff7948ce13', '07ee04d6-0ddb-4b7d-9cce-84b109d78c35', '0.50');
INSERT INTO "ingredients"("guid","name","dimension") VALUES('bd6df831-fb53-48d0-af46-c32ee7488a9b', 'salt and pepper', 'servings') ON CONFLICT (name) DO UPDATE SET name = EXCLUDED.name;
INSERT INTO "recipe_ingredients"("recipe_id","ingredient_id","count") VALUES('b36ec1d8-087c-4d6f-a147-fdff7948ce13', 'bd6df831-fb53-48d0-af46-c32ee7488a9b', '4.00');
INSERT INTO "ingredients"("guid","name","dimension") VALUES('103718c9-2e4b-4aaf-af88-5d6090b19faa', 'tomato', '') ON CONFLICT (name) DO UPDATE SET name = EXCLUDED.name;
INSERT INTO "recipe_ingredients"("recipe_id","ingredient_id","count") VALUES('b36ec1d8-087c-4d6f-a147-fdff7948ce13', '103718c9-2e4b-4aaf-af88-5d6090b19faa', '1.00');
INSERT INTO "ingredients"("guid","name","dimension") VALUES('da56d66e-9dba-4e12-aa1e-40f4c4c4ceff', 'dry white wine', 'milliliters') ON CONFLICT (name) DO UPDATE SET name = EXCLUDED.name;
INSERT INTO "recipe_ingredients"("recipe_id","ingredient_id","count") VALUES('b36ec1d8-087c-4d6f-a147-fdff7948ce13', 'da56d66e-9dba-4e12-aa1e-40f4c4c4ceff', '59.15');
INSERT INTO "cooking_steps"("guid","recipe_id","order_number","description") VALUES('bd0477d6-add1-4340-b5f6-27e856960a9e', 'b36ec1d8-087c-4d6f-a147-fdff7948ce13', '1', 'Preheat the oven to 450 degrees F. Choose an oven-proof baking dish that your fish will fit in without overlapping and spray it with cooking spray.');
INSERT INTO "cooking_steps"("guid","recipe_id","order_number","description") VALUES('58070fc6-313f-428c-846e-f5c77aca7cd4', 'b36ec1d8-087c-4d6f-a147-fdff7948ce13', '2', 'Lay the fish fillets in the baking pan in a single layer, season with salt and pepper, then top the fish with red onion and bell pepper.');
INSERT INTO "cooking_steps"("guid","recipe_id","order_number","description") VALUES('8575fbec-015a-4d53-9775-63da1aa06935', 'b36ec1d8-087c-4d6f-a147-fdff7948ce13', '3', 'Sprinkle with dried basil and oregano, the tomato, and the feta cheese, then drizzle the white wine and olive oil over top. Grind some fresh pepper over the top.');
INSERT INTO "cooking_steps"("guid","recipe_id","order_number","description") VALUES('79b0148e-9446-47f6-85ca-6e2e86816142', 'b36ec1d8-087c-4d6f-a147-fdff7948ce13', '4', 'Bake uncovered for about 12 – 15 minutes or until the fish flakes easily with a fork. Squeeze the lemon wedges over the cooked fish, garnish with the fresh basil and/or oregano and serve with hot cooked rice.');
INSERT INTO "recipe"("guid","title","description") VALUES('ce3fc12b-5dfc-44ae-bb4c-f2d2568adc3e', 'Spinach Salad with Strawberry Vinaigrette', 'Need a gluten free and primal main course? Spinach Salad with Strawberry Vinaigrette could be a great recipe to try. This recipe makes 1 servings with 322 calories, 22g of protein, and 13g of fat each. For $3.39 per serving, this recipe covers 33% of your daily requirements of vitamins and minerals. A mixture of water, balsamic vinegar, ground pepper, and a handful of other ingredients are all it takes to make this recipe so delicious. It will be a hit at your Mother''s Day event. 15 people have made this recipe and would make it again. It is brought to you by Foodista. From preparation to the plate, this recipe takes roughly 45 minutes. All things considered, we decided this recipe deserves a spoonacular score of 96%. This score is awesome. If you like this recipe, take a look at these similar recipes: Strawberry Avocado Spinach Salad with Strawberry Vinaigrette, Strawberry Avocado Spinach Salad with Strawberry Vinaigrette, and Spinach Strawberry Salad with Strawberry Vinaigrette.');
INSERT INTO "ingredients"("guid","name","dimension") VALUES('1a08842a-71d6-46f0-926d-cd676c4e2831', 'sliced almonds', 'Tbsp') ON CONFLICT (name) DO UPDATE SET name = EXCLUDED.name;
INSERT INTO "recipe_ingredients"("recipe_id","ingredient_id","count") VALUES('ce3fc12b-5dfc-44ae-bb4c-f2d2568adc3e', '1a08842a-71d6-46f0-926d-cd676c4e2831', '1.00');
INSERT INTO "ingredients"("guid","name","dimension") VALUES('ee203be2-a504-439f-a016-501234b3bf16', 'balsamic vinegar', 'milliliters') ON CONFLICT (name) DO UPDATE SET name = EXCLUDED.name;
INSERT INTO "recipe_ingredients"("recipe_id","ingredient_id","count") VALUES('ce3fc12b-5dfc-44ae-bb4c-f2d2568adc3e', 'ee203be2-a504-439f-a016-501234b3bf16', '59.15');
INSERT INTO "ingredients"("guid","name","dimension") VALUES('b85c1ba3-7f13-41d5-8ada-48c6a0e89912', 'cooked chicken', 'grams') ON CONFLICT (name) DO UPDATE SET name = EXCLUDED.name;
INSERT INTO "recipe_ingredients"("recipe_id","ingredient_id","count") VALUES('ce3fc12b-5dfc-44ae-bb4c-f2d2568adc3e', 'b85c1ba3-7f13-41d5-8ada-48c6a0e89912', '56.70');
INSERT INTO "ingredients"("guid","name","dimension") VALUES('450ea6f5-e6ff-4e72-8365-7c4d9799aab3', 'dijon mustard', 'teaspoons') ON CONFLICT (name) DO UPDATE SET name = EXCLUDED.name;
INSERT INTO "recipe_ingredients"("recipe_id","ingredient_id","count") VALUES('ce3fc12b-5dfc-44ae-bb4c-f2d2568adc3e', '450ea6f5-e6ff-4e72-8365-7c4d9799aab3', '1.25');
INSERT INTO "ingredients"("guid","name","dimension") VALUES('95b9b26a-b6f3-4704-981f-0a9c5b323fe9', 'feta cheese', 'grams') ON CONFLICT (name) DO UPDATE SET name = EXCLUDED.name;
INSERT INTO "recipe_ingredients"("recipe_id","ingredient_id","count") VALUES('ce3fc12b-5dfc-44ae-bb4c-f2d2568adc3e', '95b9b26a-b6f3-4704-981f-0a9c5b323fe9', '14.18');
INSERT INTO "ingredients"("guid","name","dimension") VALUES('3825b97c-1842-49c1-8024-d004d99df9af', 'fresh thyme', 'teaspoons') ON CONFLICT (name) DO UPDATE SET name = EXCLUDED.name;
INSERT INTO "recipe_ingredients"("recipe_id","ingredient_id","count") VALUES('ce3fc12b-5dfc-44ae-bb4c-f2d2568adc3e', '3825b97c-1842-49c1-8024-d004d99df9af', '2.00');
INSERT INTO "ingredients"("guid","name","dimension") VALUES('42f28b03-e136-4fc2-b343-5d16cada339d', 'black pepper', 'teaspoons') ON CONFLICT (name) DO UPDATE SET name = EXCLUDED.name;
INSERT INTO "recipe_ingredients"("recipe_id","ingredient_id","count") VALUES('ce3fc12b-5dfc-44ae-bb4c-f2d2568adc3e', '42f28b03-e136-4fc2-b343-5d16cada339d', '0.25');
INSERT INTO "ingredients"("guid","name","dimension") VALUES('96937524-708e-453a-b988-e4d7c3c1590a', 'shallot', '') ON CONFLICT (name) DO UPDATE SET name = EXCLUDED.name;
INSERT INTO "recipe_ingredients"("recipe_id","ingredient_id","count") VALUES('ce3fc12b-5dfc-44ae-bb4c-f2d2568adc3e', '96937524-708e-453a-b988-e4d7c3c1590a', '0.50');
INSERT INTO "ingredients"("guid","name","dimension") VALUES('dbc919c2-5ad7-4841-956b-e8ade5c102a6', 'spinach', 'milliliters') ON CONFLICT (name) DO UPDATE SET name = EXCLUDED.name;
INSERT INTO "recipe_ingredients"("recipe_id","ingredient_id","count") VALUES('ce3fc12b-5dfc-44ae-bb4c-f2d2568adc3e', 'dbc919c2-5ad7-4841-956b-e8ade5c102a6', '473.18');
INSERT INTO "ingredients"("guid","name","dimension") VALUES('c36e07bb-2e06-4a41-b74e-38839619014a', 'strawberries', 'milliliters') ON CONFLICT (name) DO UPDATE SET name = EXCLUDED.name;
INSERT INTO "recipe_ingredients"("recipe_id","ingredient_id","count") VALUES('ce3fc12b-5dfc-44ae-bb4c-f2d2568adc3e', 'c36e07bb-2e06-4a41-b74e-38839619014a', '157.72');
INSERT INTO "ingredients"("guid","name","dimension") VALUES('c36e07bb-2e06-4a41-b74e-38839619014a', 'strawberries', '') ON CONFLICT (name) DO UPDATE SET name = EXCLUDED.name;
INSERT INTO "recipe_ingredients"("recipe_id","ingredient_id","count") VALUES('ce3fc12b-5dfc-44ae-bb4c-f2d2568adc3e', 'c36e07bb-2e06-4a41-b74e-38839619014a', '4.00');
INSERT INTO "ingredients"("guid","name","dimension") VALUES('faa7c536-494d-46a2-8bfc-649cb208f1d0', 'water', 'milliliters') ON CONFLICT (name) DO UPDATE SET name = EXCLUDED.name;
INSERT INTO "recipe_ingredients"("recipe_id","ingredient_id","count") VALUES('ce3fc12b-5dfc-44ae-bb4c-f2d2568adc3e', 'faa7c536-494d-46a2-8bfc-649cb208f1d0', '59.15');
INSERT INTO "cooking_steps"("guid","recipe_id","order_number","description") VALUES('e7406431-ed5e-435a-9db0-b0fc492490a7', 'ce3fc12b-5dfc-44ae-bb4c-f2d2568adc3e', '1', 'Place everything on a plate!  :)');
INSERT INTO "recipe"("guid","title","description") VALUES('4c0391f8-8e59-47a1-8c55-10e246e081f3', 'The Best Chili', 'Need a gluten free and dairy free main course? The Best Chili could be an excellent recipe to try. This recipe makes 8 servings with 326 calories, 33g of protein, and 7g of fat each. For $2.07 per serving, this recipe covers 29% of your daily requirements of vitamins and minerals. This recipe from Pink When has 32767 fans. The Super Bowl will be even more special with this recipe. From preparation to the plate, this recipe takes roughly 2 hours and 10 minutes. This recipe is typical of American cuisine. If you have tomato paste, oregano, cumin, and a few other ingredients on hand, you can make it. All things considered, we decided this recipe deserves a spoonacular score of 96%. This score is excellent. If you like this recipe, take a look at these similar recipes: 5th Annual Chili Contest: Entry – Chili Con Carne y Frijoles, 5th Annual Chili Contest: Entry – Chili Mac + Weekly Menu, and 10th Annual Chili Contest: Entry – Weeknight White Chicken Chili.');
INSERT INTO "ingredients"("guid","name","dimension") VALUES('20a9876f-1d82-4ec6-bbe2-0dee11d999dc', 'bell pepper', 'milliliters') ON CONFLICT (name) DO UPDATE SET name = EXCLUDED.name;
INSERT INTO "recipe_ingredients"("recipe_id","ingredient_id","count") VALUES('4c0391f8-8e59-47a1-8c55-10e246e081f3', '20a9876f-1d82-4ec6-bbe2-0dee11d999dc', '59.15');
INSERT INTO "ingredients"("guid","name","dimension") VALUES('841fa826-2133-419b-b4d0-4675f33fca70', 'canned kidney beans', 'grams') ON CONFLICT (name) DO UPDATE SET name = EXCLUDED.name;
INSERT INTO "recipe_ingredients"("recipe_id","ingredient_id","count") VALUES('4c0391f8-8e59-47a1-8c55-10e246e081f3', '841fa826-2133-419b-b4d0-4675f33fca70', '425.24');
INSERT INTO "ingredients"("guid","name","dimension") VALUES('ce8e2641-82d8-4d28-b47e-669926bedeac', 'canned pinto beans', 'grams') ON CONFLICT (name) DO UPDATE SET name = EXCLUDED.name;
INSERT INTO "recipe_ingredients"("recipe_id","ingredient_id","count") VALUES('4c0391f8-8e59-47a1-8c55-10e246e081f3', 'ce8e2641-82d8-4d28-b47e-669926bedeac', '425.24');
INSERT INTO "ingredients"("guid","name","dimension") VALUES('854304b5-2e31-4b0a-83bd-5480297b3e54', 'ground cayenne pepper', 'teaspoons') ON CONFLICT (name) DO UPDATE SET name = EXCLUDED.name;
INSERT INTO "recipe_ingredients"("recipe_id","ingredient_id","count") VALUES('4c0391f8-8e59-47a1-8c55-10e246e081f3', '854304b5-2e31-4b0a-83bd-5480297b3e54', '0.25');
INSERT INTO "ingredients"("guid","name","dimension") VALUES('d7941077-6fc4-4296-a771-e9151b70e7a3', 'chili powder', 'Tbsps') ON CONFLICT (name) DO UPDATE SET name = EXCLUDED.name;
INSERT INTO "recipe_ingredients"("recipe_id","ingredient_id","count") VALUES('4c0391f8-8e59-47a1-8c55-10e246e081f3', 'd7941077-6fc4-4296-a771-e9151b70e7a3', '0.50');
INSERT INTO "ingredients"("guid","name","dimension") VALUES('f3f6f1ce-3424-4e70-8269-1961d3cf1265', 'cumin', 'teaspoons') ON CONFLICT (name) DO UPDATE SET name = EXCLUDED.name;
INSERT INTO "recipe_ingredients"("recipe_id","ingredient_id","count") VALUES('4c0391f8-8e59-47a1-8c55-10e246e081f3', 'f3f6f1ce-3424-4e70-8269-1961d3cf1265', '1.50');
INSERT INTO "ingredients"("guid","name","dimension") VALUES('eff5b75b-07a6-4232-8708-bc7bf095a8ef', '95 percent lean ground beef', 'grams') ON CONFLICT (name) DO UPDATE SET name = EXCLUDED.name;
INSERT INTO "recipe_ingredients"("recipe_id","ingredient_id","count") VALUES('4c0391f8-8e59-47a1-8c55-10e246e081f3', 'eff5b75b-07a6-4232-8708-bc7bf095a8ef', '907.18');
INSERT INTO "ingredients"("guid","name","dimension") VALUES('ea4db820-b562-4cff-bc98-bae139a325df', 'onion', 'milliliters') ON CONFLICT (name) DO UPDATE SET name = EXCLUDED.name;
INSERT INTO "recipe_ingredients"("recipe_id","ingredient_id","count") VALUES('4c0391f8-8e59-47a1-8c55-10e246e081f3', 'ea4db820-b562-4cff-bc98-bae139a325df', '354.88');
INSERT INTO "ingredients"("guid","name","dimension") VALUES('ae7510d7-84f1-47ba-a5df-9e72883783f8', 'oregano', 'teaspoons') ON CONFLICT (name) DO UPDATE SET name = EXCLUDED.name;
INSERT INTO "recipe_ingredients"("recipe_id","ingredient_id","count") VALUES('4c0391f8-8e59-47a1-8c55-10e246e081f3', 'ae7510d7-84f1-47ba-a5df-9e72883783f8', '0.50');
INSERT INTO "ingredients"("guid","name","dimension") VALUES('42f28b03-e136-4fc2-b343-5d16cada339d', 'black pepper', 'teaspoon') ON CONFLICT (name) DO UPDATE SET name = EXCLUDED.name;
INSERT INTO "recipe_ingredients"("recipe_id","ingredient_id","count") VALUES('4c0391f8-8e59-47a1-8c55-10e246e081f3', '42f28b03-e136-4fc2-b343-5d16cada339d', '1.00');
INSERT INTO "ingredients"("guid","name","dimension") VALUES('6ad456a6-2c85-4bfe-a807-b32da68350cb', 'canned tomatoes', 'kgs') ON CONFLICT (name) DO UPDATE SET name = EXCLUDED.name;
INSERT INTO "recipe_ingredients"("recipe_id","ingredient_id","count") VALUES('4c0391f8-8e59-47a1-8c55-10e246e081f3', '6ad456a6-2c85-4bfe-a807-b32da68350cb', '1.30');
INSERT INTO "ingredients"("guid","name","dimension") VALUES('6ad456a6-2c85-4bfe-a807-b32da68350cb', 'canned tomatoes', 'grams') ON CONFLICT (name) DO UPDATE SET name = EXCLUDED.name;
INSERT INTO "recipe_ingredients"("recipe_id","ingredient_id","count") VALUES('4c0391f8-8e59-47a1-8c55-10e246e081f3', '6ad456a6-2c85-4bfe-a807-b32da68350cb', '340.19');
INSERT INTO "ingredients"("guid","name","dimension") VALUES('faa7c536-494d-46a2-8bfc-649cb208f1d0', 'water', 'milliliters') ON CONFLICT (name) DO UPDATE SET name = EXCLUDED.name;
INSERT INTO "recipe_ingredients"("recipe_id","ingredient_id","count") VALUES('4c0391f8-8e59-47a1-8c55-10e246e081f3', 'faa7c536-494d-46a2-8bfc-649cb208f1d0', '236.59');
INSERT INTO "ingredients"("guid","name","dimension") VALUES('20a334b0-f200-4e7a-a719-c1711df56eeb', 'granulated sugar', 'teaspoons') ON CONFLICT (name) DO UPDATE SET name = EXCLUDED.name;
INSERT INTO "recipe_ingredients"("recipe_id","ingredient_id","count") VALUES('4c0391f8-8e59-47a1-8c55-10e246e081f3', '20a334b0-f200-4e7a-a719-c1711df56eeb', '0.50');
INSERT INTO "cooking_steps"("guid","recipe_id","order_number","description") VALUES('55fc1951-a475-4f48-841c-e34b561cd232', '4c0391f8-8e59-47a1-8c55-10e246e081f3', '1', 'Brown the lean ground beef in a deep skillet. Cook over medium heat until cooked all the way through, and then drain.In a large pan over high heat add in all of your additional ingredients: cooked ground beef, tomato juice, kidney beans, pinto beans, water, tomato paste, chili powder, cumin, black pepper, oregano, sugar, cayenne pepper, bell pepper, and chopped onions.Bring to a boil.Once your large pot of chili has started to boil, lower the heat and simmer for 2 hours uncovered.');
INSERT INTO "recipe"("guid","title","description") VALUES('3a1571c8-9df5-44dd-93d1-715401ba8947', 'Salmon with roasted vegetables', 'Salmon with roasted vegetables takes approximately 45 minutes from beginning to end. For $5.2 per serving, this recipe covers 45% of your daily requirements of vitamins and minerals. This recipe serves 2. One serving contains 496 calories, 39g of protein, and 18g of fat. Head to the store and pick up lemon juice, salt, carrot, and a few other things to make it today. Not a lot of people made this recipe, and 7 would say it hit the spot. It works well as a main course. It is a good option if you''re following a gluten free, dairy free, whole 30, and pescatarian diet. It is brought to you by Foodista. Overall, this recipe earns a great spoonacular score of 94%. If you like this recipe, take a look at these similar recipes: Roasted Salmon & Vegetables, Roasted Salmon & Vegetables, and Salmon with roasted vegetables.');
INSERT INTO "ingredients"("guid","name","dimension") VALUES('646309da-098a-461a-915a-a8802770ce02', 'potato', '') ON CONFLICT (name) DO UPDATE SET name = EXCLUDED.name;
INSERT INTO "recipe_ingredients"("recipe_id","ingredient_id","count") VALUES('3a1571c8-9df5-44dd-93d1-715401ba8947', '646309da-098a-461a-915a-a8802770ce02', '1.00');
INSERT INTO "ingredients"("guid","name","dimension") VALUES('049dc4f6-66db-4fdd-9996-a0fe3664421d', 'parsnip', '') ON CONFLICT (name) DO UPDATE SET name = EXCLUDED.name;
INSERT INTO "recipe_ingredients"("recipe_id","ingredient_id","count") VALUES('3a1571c8-9df5-44dd-93d1-715401ba8947', '049dc4f6-66db-4fdd-9996-a0fe3664421d', '1.00');
INSERT INTO "ingredients"("guid","name","dimension") VALUES('6b9754b0-3c6c-4528-a35f-9d80119ed1aa', 'carrot', '') ON CONFLICT (name) DO UPDATE SET name = EXCLUDED.name;
INSERT INTO "recipe_ingredients"("recipe_id","ingredient_id","count") VALUES('3a1571c8-9df5-44dd-93d1-715401ba8947', '6b9754b0-3c6c-4528-a35f-9d80119ed1aa', '1.00');
INSERT INTO "ingredients"("guid","name","dimension") VALUES('ea4db820-b562-4cff-bc98-bae139a325df', 'onion', '') ON CONFLICT (name) DO UPDATE SET name = EXCLUDED.name;
INSERT INTO "recipe_ingredients"("recipe_id","ingredient_id","count") VALUES('3a1571c8-9df5-44dd-93d1-715401ba8947', 'ea4db820-b562-4cff-bc98-bae139a325df', '1.00');
INSERT INTO "ingredients"("guid","name","dimension") VALUES('a8774ada-6a78-4598-a778-7da4268d315b', 'cherry tomato', 'grams') ON CONFLICT (name) DO UPDATE SET name = EXCLUDED.name;
INSERT INTO "recipe_ingredients"("recipe_id","ingredient_id","count") VALUES('3a1571c8-9df5-44dd-93d1-715401ba8947', 'a8774ada-6a78-4598-a778-7da4268d315b', '150.00');
INSERT INTO "ingredients"("guid","name","dimension") VALUES('b95af969-c53d-42f8-a834-bf646b764b72', 'salmon fillets', 'fillets') ON CONFLICT (name) DO UPDATE SET name = EXCLUDED.name;
INSERT INTO "recipe_ingredients"("recipe_id","ingredient_id","count") VALUES('3a1571c8-9df5-44dd-93d1-715401ba8947', 'b95af969-c53d-42f8-a834-bf646b764b72', '2.00');
INSERT INTO "ingredients"("guid","name","dimension") VALUES('903d4219-5d08-479e-85f9-3b1719bd0244', 'olive oil', 'Tbsp') ON CONFLICT (name) DO UPDATE SET name = EXCLUDED.name;
INSERT INTO "recipe_ingredients"("recipe_id","ingredient_id","count") VALUES('3a1571c8-9df5-44dd-93d1-715401ba8947', '903d4219-5d08-479e-85f9-3b1719bd0244', '1.00');
INSERT INTO "ingredients"("guid","name","dimension") VALUES('9310a5ee-a22e-4ea4-b985-7b23c5ff8baa', 'lemon juice', 'teaspoon') ON CONFLICT (name) DO UPDATE SET name = EXCLUDED.name;
INSERT INTO "recipe_ingredients"("recipe_id","ingredient_id","count") VALUES('3a1571c8-9df5-44dd-93d1-715401ba8947', '9310a5ee-a22e-4ea4-b985-7b23c5ff8baa', '1.00');
INSERT INTO "ingredients"("guid","name","dimension") VALUES('1b7ba5cc-d711-4483-9854-17abc2a6eb79', 'seasoning', 'servings') ON CONFLICT (name) DO UPDATE SET name = EXCLUDED.name;
INSERT INTO "recipe_ingredients"("recipe_id","ingredient_id","count") VALUES('3a1571c8-9df5-44dd-93d1-715401ba8947', '1b7ba5cc-d711-4483-9854-17abc2a6eb79', '2.00');
INSERT INTO "ingredients"("guid","name","dimension") VALUES('87795fc8-10bb-497d-9328-807120f57416', 'fresh rosemary', 'teaspoons') ON CONFLICT (name) DO UPDATE SET name = EXCLUDED.name;
INSERT INTO "recipe_ingredients"("recipe_id","ingredient_id","count") VALUES('3a1571c8-9df5-44dd-93d1-715401ba8947', '87795fc8-10bb-497d-9328-807120f57416', '2.00');
INSERT INTO "cooking_steps"("guid","recipe_id","order_number","description") VALUES('81fe2b6e-58c9-4e26-a51d-76b739957ecb', '3a1571c8-9df5-44dd-93d1-715401ba8947', '1', 'Season the salmon fillets with some salt, pepper and a pinch of paprika and keep aside.');
INSERT INTO "cooking_steps"("guid","recipe_id","order_number","description") VALUES('93ce31e4-d318-449e-9acd-1c0e556f9544', '3a1571c8-9df5-44dd-93d1-715401ba8947', '2', 'Preheat the oven to 200 C.  Roughly dice the potatoes, parsnips and carrots and add to a roasting tray.');
INSERT INTO "cooking_steps"("guid","recipe_id","order_number","description") VALUES('0ff2ce5a-4a48-4809-9d4e-482a0561865c', '3a1571c8-9df5-44dd-93d1-715401ba8947', '3', 'Drizzle over the olive oil and season with salt and pepper.');
INSERT INTO "cooking_steps"("guid","recipe_id","order_number","description") VALUES('0853fda6-a821-4c49-8df8-33587da96be8', '3a1571c8-9df5-44dd-93d1-715401ba8947', '4', 'Mix well and roast for 15 minutes.');
INSERT INTO "cooking_steps"("guid","recipe_id","order_number","description") VALUES('d5daf3ea-9083-4b5f-8822-0180a56e5dc3', '3a1571c8-9df5-44dd-93d1-715401ba8947', '5', 'Add in the onion and roast for a further 10-15 minutes');
INSERT INTO "cooking_steps"("guid","recipe_id","order_number","description") VALUES('98b73be8-1d23-4e51-8e67-ec2d8368d0fd', '3a1571c8-9df5-44dd-93d1-715401ba8947', '6', 'Place the salmon fillets and tomatoes between the veg.');
INSERT INTO "cooking_steps"("guid","recipe_id","order_number","description") VALUES('52802a6a-a4ee-4524-88ed-cbb62d4278f8', '3a1571c8-9df5-44dd-93d1-715401ba8947', '7', 'Drizzle the lemon juice and sprinkle over the rosemary and thyme. Season lightly with salt and pepper and roast for 10-15 minutes or until the salmon and veg is cooked through.');
INSERT INTO "cooking_steps"("guid","recipe_id","order_number","description") VALUES('64f2445e-619c-4032-8c2a-8a38f509a743', '3a1571c8-9df5-44dd-93d1-715401ba8947', '8', 'Serve with some green salad.');
INSERT INTO "recipe"("guid","title","description") VALUES('951762ee-eb8d-4bbe-9da2-922658cba410', 'Cod with Tomato-Olive-Chorizo Sauce and Mashed Potatoes', 'If you want to add more gluten free, dairy free, and whole 30 recipes to your collection, Cod with Tomato-Olive-Chorizo Sauce and Mashed Potatoes might be a recipe you should try. This recipe serves 2 and costs $6.26 per serving. This main course has 733 calories, 56g of protein, and 40g of fat per serving. This recipe is liked by 14 foodies and cooks. Head to the store and pick up lemon juice, parsley leaves, parsley, and a few other things to make it today. It is perfect for Thanksgiving. It is brought to you by Foodista. From preparation to the plate, this recipe takes approximately 45 minutes. All things considered, we decided this recipe deserves a spoonacular score of 96%. This score is awesome. If you like this recipe, you might also like recipes such as Cod Stew With Chorizo, Leeks & Potatoes, Tuna Steaks In Spicy Tomato Sauce With Mashed Potatoes, and Tuna Steaks In Spicy Tomato Sauce With Mashed Potatoes.');
INSERT INTO "ingredients"("guid","name","dimension") VALUES('3e5a87a7-f270-492a-a7bc-0947a00c44c7', 'black olives', 'grams') ON CONFLICT (name) DO UPDATE SET name = EXCLUDED.name;
INSERT INTO "recipe_ingredients"("recipe_id","ingredient_id","count") VALUES('951762ee-eb8d-4bbe-9da2-922658cba410', '3e5a87a7-f270-492a-a7bc-0947a00c44c7', '50.00');
INSERT INTO "ingredients"("guid","name","dimension") VALUES('ffb384a9-3e09-4166-9e1d-d4ee00fe943d', 'cod fillets', 'grams') ON CONFLICT (name) DO UPDATE SET name = EXCLUDED.name;
INSERT INTO "recipe_ingredients"("recipe_id","ingredient_id","count") VALUES('951762ee-eb8d-4bbe-9da2-922658cba410', 'ffb384a9-3e09-4166-9e1d-d4ee00fe943d', '500.00');
INSERT INTO "ingredients"("guid","name","dimension") VALUES('07264208-64f2-476e-b5fc-b57bfc08842f', 'fresh parsley', 'Tbs') ON CONFLICT (name) DO UPDATE SET name = EXCLUDED.name;
INSERT INTO "recipe_ingredients"("recipe_id","ingredient_id","count") VALUES('951762ee-eb8d-4bbe-9da2-922658cba410', '07264208-64f2-476e-b5fc-b57bfc08842f', '4.00');
INSERT INTO "ingredients"("guid","name","dimension") VALUES('07264208-64f2-476e-b5fc-b57bfc08842f', 'fresh parsley', 'servings') ON CONFLICT (name) DO UPDATE SET name = EXCLUDED.name;
INSERT INTO "recipe_ingredients"("recipe_id","ingredient_id","count") VALUES('951762ee-eb8d-4bbe-9da2-922658cba410', '07264208-64f2-476e-b5fc-b57bfc08842f', '2.00');
INSERT INTO "ingredients"("guid","name","dimension") VALUES('9310a5ee-a22e-4ea4-b985-7b23c5ff8baa', 'lemon juice', 'Tb') ON CONFLICT (name) DO UPDATE SET name = EXCLUDED.name;
INSERT INTO "recipe_ingredients"("recipe_id","ingredient_id","count") VALUES('951762ee-eb8d-4bbe-9da2-922658cba410', '9310a5ee-a22e-4ea4-b985-7b23c5ff8baa', '1.00');
INSERT INTO "ingredients"("guid","name","dimension") VALUES('903d4219-5d08-479e-85f9-3b1719bd0244', 'olive oil', 'Tb') ON CONFLICT (name) DO UPDATE SET name = EXCLUDED.name;
INSERT INTO "recipe_ingredients"("recipe_id","ingredient_id","count") VALUES('951762ee-eb8d-4bbe-9da2-922658cba410', '903d4219-5d08-479e-85f9-3b1719bd0244', '1.00');
INSERT INTO "ingredients"("guid","name","dimension") VALUES('903d4219-5d08-479e-85f9-3b1719bd0244', 'olive oil', 'Tbs') ON CONFLICT (name) DO UPDATE SET name = EXCLUDED.name;
INSERT INTO "recipe_ingredients"("recipe_id","ingredient_id","count") VALUES('951762ee-eb8d-4bbe-9da2-922658cba410', '903d4219-5d08-479e-85f9-3b1719bd0244', '2.00');
INSERT INTO "ingredients"("guid","name","dimension") VALUES('84024002-7b2e-4cd2-93de-2fb8ab6059af', 'plum tomato', 'grams') ON CONFLICT (name) DO UPDATE SET name = EXCLUDED.name;
INSERT INTO "recipe_ingredients"("recipe_id","ingredient_id","count") VALUES('951762ee-eb8d-4bbe-9da2-922658cba410', '84024002-7b2e-4cd2-93de-2fb8ab6059af', '240.00');
INSERT INTO "ingredients"("guid","name","dimension") VALUES('646309da-098a-461a-915a-a8802770ce02', 'potato', 'grams') ON CONFLICT (name) DO UPDATE SET name = EXCLUDED.name;
INSERT INTO "recipe_ingredients"("recipe_id","ingredient_id","count") VALUES('951762ee-eb8d-4bbe-9da2-922658cba410', '646309da-098a-461a-915a-a8802770ce02', '300.00');
INSERT INTO "ingredients"("guid","name","dimension") VALUES('20a9876f-1d82-4ec6-bbe2-0dee11d999dc', 'bell pepper', 'grams') ON CONFLICT (name) DO UPDATE SET name = EXCLUDED.name;
INSERT INTO "recipe_ingredients"("recipe_id","ingredient_id","count") VALUES('951762ee-eb8d-4bbe-9da2-922658cba410', '20a9876f-1d82-4ec6-bbe2-0dee11d999dc', '100.00');
INSERT INTO "ingredients"("guid","name","dimension") VALUES('9d2c9ee9-fe26-4970-a0f6-256bcee3f2c3', 'table salt', 'teaspoons') ON CONFLICT (name) DO UPDATE SET name = EXCLUDED.name;
INSERT INTO "recipe_ingredients"("recipe_id","ingredient_id","count") VALUES('951762ee-eb8d-4bbe-9da2-922658cba410', '9d2c9ee9-fe26-4970-a0f6-256bcee3f2c3', '0.50');
INSERT INTO "ingredients"("guid","name","dimension") VALUES('787c6f8b-9310-4ca8-a310-9a9a7c0fe2b1', 'smoked sausage', 'grams') ON CONFLICT (name) DO UPDATE SET name = EXCLUDED.name;
INSERT INTO "recipe_ingredients"("recipe_id","ingredient_id","count") VALUES('951762ee-eb8d-4bbe-9da2-922658cba410', '787c6f8b-9310-4ca8-a310-9a9a7c0fe2b1', '100.00');
INSERT INTO "cooking_steps"("guid","recipe_id","order_number","description") VALUES('3f54a599-59bb-41bd-87d5-e4b2c455d6bc', '951762ee-eb8d-4bbe-9da2-922658cba410', '1', 'If frozen, thaw completely the cod fillets, and dry them with paper towels. season with salt and set aside.Peel and quarter the potatoes, and cook in lightly salted water until tender.Meanwhile, fry the pepper in olive oil for 3-4 minutes.');
INSERT INTO "cooking_steps"("guid","recipe_id","order_number","description") VALUES('76c95806-599d-4ebd-8509-f95673a7aad3', '951762ee-eb8d-4bbe-9da2-922658cba410', '2', 'Add cubed sausage, saut for another 2-3 minutes.');
INSERT INTO "cooking_steps"("guid","recipe_id","order_number","description") VALUES('1c7977ef-652d-46c5-9d5e-4015d0165400', '951762ee-eb8d-4bbe-9da2-922658cba410', '3', 'Add the whole plum tomatoes,  halve them with a flat end of a wooden spoon.Stir in olives and parsley, cook the sauce gently for 2 minutes. Set aside.');
INSERT INTO "cooking_steps"("guid","recipe_id","order_number","description") VALUES('cb190ad2-bac0-4da6-a4eb-05f20d67983a', '951762ee-eb8d-4bbe-9da2-922658cba410', '4', 'Drain the potatoes and season with parsley, olive oil and lemon juice. Use a hand masher to mix and mash. Leave in a warm place.');
INSERT INTO "cooking_steps"("guid","recipe_id","order_number","description") VALUES('f9db85de-3967-4d05-af43-850aeb7edab9', '951762ee-eb8d-4bbe-9da2-922658cba410', '5', 'Place the cod fillets into a hot oiled non-stick pan and cook over a high heat for 5 minutes on each side or until golden brown.');
INSERT INTO "cooking_steps"("guid","recipe_id","order_number","description") VALUES('c403aee7-8f27-4217-8aae-15962de5afaf', '951762ee-eb8d-4bbe-9da2-922658cba410', '6', 'Serve with mashed potatoes and sauce.');
INSERT INTO "recipe"("guid","title","description") VALUES('974cd3b1-a665-4877-9297-1e6be0be5f61', 'Vegetable Dip', 'Vegetable Dip might be just the hor d''oeuvre you are searching for. This recipe serves 3. Watching your figure? This gluten free, lacto ovo vegetarian, and primal recipe has 210 calories, 16g of protein, and 4g of fat per serving. For $1.84 per serving, this recipe covers 29% of your daily requirements of vitamins and minerals. Only a few people made this recipe, and 1 would say it hit the spot. It is brought to you by Foodista. From preparation to the plate, this recipe takes around 45 minutes. It will be a hit at your The Super Bowl event. If you have vegetables, onion, lowfat yogurt, and a few other ingredients on hand, you can make it. Overall, this recipe earns a spectacular spoonacular score of 96%. Vegetable Dip, Italian Vegetable Dip, and Roasted Vegetable Dip are very similar to this recipe.');
INSERT INTO "ingredients"("guid","name","dimension") VALUES('b5e07a77-e15d-4fc8-a6cf-52c7caa69748', 'frozen spinach', 'grams') ON CONFLICT (name) DO UPDATE SET name = EXCLUDED.name;
INSERT INTO "recipe_ingredients"("recipe_id","ingredient_id","count") VALUES('974cd3b1-a665-4877-9297-1e6be0be5f61', 'b5e07a77-e15d-4fc8-a6cf-52c7caa69748', '283.50');
INSERT INTO "ingredients"("guid","name","dimension") VALUES('ea4db820-b562-4cff-bc98-bae139a325df', 'onion', 'milliliters') ON CONFLICT (name) DO UPDATE SET name = EXCLUDED.name;
INSERT INTO "recipe_ingredients"("recipe_id","ingredient_id","count") VALUES('974cd3b1-a665-4877-9297-1e6be0be5f61', 'ea4db820-b562-4cff-bc98-bae139a325df', '236.59');
INSERT INTO "ingredients"("guid","name","dimension") VALUES('dfe1ac43-2817-4b00-be69-d66a86f3162d', 'low fat plain yogurt', 'milliliters') ON CONFLICT (name) DO UPDATE SET name = EXCLUDED.name;
INSERT INTO "recipe_ingredients"("recipe_id","ingredient_id","count") VALUES('974cd3b1-a665-4877-9297-1e6be0be5f61', 'dfe1ac43-2817-4b00-be69-d66a86f3162d', '473.18');
INSERT INTO "ingredients"("guid","name","dimension") VALUES('b6346a9c-4ab6-4019-a563-e19217e9ae58', 'mixed vegetables', 'servings') ON CONFLICT (name) DO UPDATE SET name = EXCLUDED.name;
INSERT INTO "recipe_ingredients"("recipe_id","ingredient_id","count") VALUES('974cd3b1-a665-4877-9297-1e6be0be5f61', 'b6346a9c-4ab6-4019-a563-e19217e9ae58', '3.00');
INSERT INTO "cooking_steps"("guid","recipe_id","order_number","description") VALUES('7c9d64f5-5028-470a-b2d5-c419b3cc65c8', '974cd3b1-a665-4877-9297-1e6be0be5f61', '1', 'In a medium bowl combine all ingredients (except raw vegetables for dipping). Cover and refrigerate until ready to serve.');
INSERT INTO "cooking_steps"("guid","recipe_id","order_number","description") VALUES('97aae656-e980-4216-8717-bf2454593155', '974cd3b1-a665-4877-9297-1e6be0be5f61', '2', 'Serve as a dip for raw vegetables. Makes approximately 3 cups.');
INSERT INTO "recipe"("guid","title","description") VALUES('f3949542-888a-4fc3-a0c6-7ac46797cb3b', 'Balsamic & Honey Glazed Salmon with Lemony Asparagus', 'If you want to add more gluten free, dairy free, and pescatarian recipes to your recipe box, Balsamic & Honey Glazed Salmon with Lemony Asparagus might be a recipe you should try. For $4.44 per serving, this recipe covers 26% of your daily requirements of vitamins and minerals. One portion of this dish contains approximately 25g of protein, 14g of fat, and a total of 301 calories. This recipe serves 2. 28 people were impressed by this recipe. From preparation to the plate, this recipe takes roughly 1 hour. It is brought to you by Foodista. It works well as a pretty expensive main course. Head to the store and pick up juice of lemon, herbs de provence, salmon fillet, and a few other things to make it today. Taking all factors into account, this recipe earns a spoonacular score of 96%, which is great. If you like this recipe, take a look at these similar recipes: Balsamic & Honey Glazed Salmon with Lemony Asparagus, Balsamic & Honey Glazed Salmon with Lemony Asparagus, and Balsamic & Honey Glazed Salmon with Lemony Asparagus.');
INSERT INTO "ingredients"("guid","name","dimension") VALUES('feb6eab8-bee5-4634-b924-28513fc42f39', 'apple cider vinegar', 'Tbsps') ON CONFLICT (name) DO UPDATE SET name = EXCLUDED.name;
INSERT INTO "recipe_ingredients"("recipe_id","ingredient_id","count") VALUES('f3949542-888a-4fc3-a0c6-7ac46797cb3b', 'feb6eab8-bee5-4634-b924-28513fc42f39', '2.00');
INSERT INTO "ingredients"("guid","name","dimension") VALUES('bf59dcbf-a3d5-40cf-a5e5-315728fa1852', 'asparagus', 'stalks') ON CONFLICT (name) DO UPDATE SET name = EXCLUDED.name;
INSERT INTO "recipe_ingredients"("recipe_id","ingredient_id","count") VALUES('f3949542-888a-4fc3-a0c6-7ac46797cb3b', 'bf59dcbf-a3d5-40cf-a5e5-315728fa1852', '12.00');
INSERT INTO "ingredients"("guid","name","dimension") VALUES('ee203be2-a504-439f-a016-501234b3bf16', 'balsamic vinegar', 'Tbsp') ON CONFLICT (name) DO UPDATE SET name = EXCLUDED.name;
INSERT INTO "recipe_ingredients"("recipe_id","ingredient_id","count") VALUES('f3949542-888a-4fc3-a0c6-7ac46797cb3b', 'ee203be2-a504-439f-a016-501234b3bf16', '1.00');
INSERT INTO "ingredients"("guid","name","dimension") VALUES('428482fe-16d8-4266-9c2e-de352bd5b034', 'dried dill', 'teaspoons') ON CONFLICT (name) DO UPDATE SET name = EXCLUDED.name;
INSERT INTO "recipe_ingredients"("recipe_id","ingredient_id","count") VALUES('f3949542-888a-4fc3-a0c6-7ac46797cb3b', '428482fe-16d8-4266-9c2e-de352bd5b034', '0.12');
INSERT INTO "ingredients"("guid","name","dimension") VALUES('3f7a39ce-ed38-4809-aea7-8a046670fb05', 'garlic', 'cloves') ON CONFLICT (name) DO UPDATE SET name = EXCLUDED.name;
INSERT INTO "recipe_ingredients"("recipe_id","ingredient_id","count") VALUES('f3949542-888a-4fc3-a0c6-7ac46797cb3b', '3f7a39ce-ed38-4809-aea7-8a046670fb05', '3.00');
INSERT INTO "ingredients"("guid","name","dimension") VALUES('705d8e46-5974-403a-993c-50ca6ebd96db', 'grape seed oil', 'Tbsp') ON CONFLICT (name) DO UPDATE SET name = EXCLUDED.name;
INSERT INTO "recipe_ingredients"("recipe_id","ingredient_id","count") VALUES('f3949542-888a-4fc3-a0c6-7ac46797cb3b', '705d8e46-5974-403a-993c-50ca6ebd96db', '1.00');
INSERT INTO "ingredients"("guid","name","dimension") VALUES('7990c218-4516-45e3-81ed-e446a3f61c4a', 'herbes de provence', 'teaspoon') ON CONFLICT (name) DO UPDATE SET name = EXCLUDED.name;
INSERT INTO "recipe_ingredients"("recipe_id","ingredient_id","count") VALUES('f3949542-888a-4fc3-a0c6-7ac46797cb3b', '7990c218-4516-45e3-81ed-e446a3f61c4a', '1.00');
INSERT INTO "ingredients"("guid","name","dimension") VALUES('6a1e491d-f501-41ab-bc0b-5b8b68ed311e', 'honey', 'Tbsp') ON CONFLICT (name) DO UPDATE SET name = EXCLUDED.name;
INSERT INTO "recipe_ingredients"("recipe_id","ingredient_id","count") VALUES('f3949542-888a-4fc3-a0c6-7ac46797cb3b', '6a1e491d-f501-41ab-bc0b-5b8b68ed311e', '1.00');
INSERT INTO "ingredients"("guid","name","dimension") VALUES('9310a5ee-a22e-4ea4-b985-7b23c5ff8baa', 'lemon juice', '') ON CONFLICT (name) DO UPDATE SET name = EXCLUDED.name;
INSERT INTO "recipe_ingredients"("recipe_id","ingredient_id","count") VALUES('f3949542-888a-4fc3-a0c6-7ac46797cb3b', '9310a5ee-a22e-4ea4-b985-7b23c5ff8baa', '2.00');
INSERT INTO "ingredients"("guid","name","dimension") VALUES('fe918fc4-367d-4eaa-9c98-88d5a787fa1f', 'lemon peel', '') ON CONFLICT (name) DO UPDATE SET name = EXCLUDED.name;
INSERT INTO "recipe_ingredients"("recipe_id","ingredient_id","count") VALUES('f3949542-888a-4fc3-a0c6-7ac46797cb3b', 'fe918fc4-367d-4eaa-9c98-88d5a787fa1f', '1.00');
INSERT INTO "ingredients"("guid","name","dimension") VALUES('b95af969-c53d-42f8-a834-bf646b764b72', 'salmon fillets', 'grams') ON CONFLICT (name) DO UPDATE SET name = EXCLUDED.name;
INSERT INTO "recipe_ingredients"("recipe_id","ingredient_id","count") VALUES('f3949542-888a-4fc3-a0c6-7ac46797cb3b', 'b95af969-c53d-42f8-a834-bf646b764b72', '226.80');
INSERT INTO "ingredients"("guid","name","dimension") VALUES('bd6df831-fb53-48d0-af46-c32ee7488a9b', 'salt and pepper', 'servings') ON CONFLICT (name) DO UPDATE SET name = EXCLUDED.name;
INSERT INTO "recipe_ingredients"("recipe_id","ingredient_id","count") VALUES('f3949542-888a-4fc3-a0c6-7ac46797cb3b', 'bd6df831-fb53-48d0-af46-c32ee7488a9b', '2.00');
INSERT INTO "ingredients"("guid","name","dimension") VALUES('90564dbb-d3c4-4421-a743-4b93e604712b', 'vegetable stock', 'Tbsps') ON CONFLICT (name) DO UPDATE SET name = EXCLUDED.name;
INSERT INTO "recipe_ingredients"("recipe_id","ingredient_id","count") VALUES('f3949542-888a-4fc3-a0c6-7ac46797cb3b', '90564dbb-d3c4-4421-a743-4b93e604712b', '2.00');
INSERT INTO "cooking_steps"("guid","recipe_id","order_number","description") VALUES('2251e11e-1543-43e9-843e-1d35d39b7eb3', 'f3949542-888a-4fc3-a0c6-7ac46797cb3b', '1', 'In a small mixing bowl or blender, combine all of the ingredients for the balsamic marinade except for the lemon juice (balsamic vinegar, apple cider vinegar, 1 tbsp grapeseed oil, honey, dried dill, herbs de provence, salt and pepper).');
INSERT INTO "cooking_steps"("guid","recipe_id","order_number","description") VALUES('8be6415d-7ae6-47ef-972e-48d36696c996', 'f3949542-888a-4fc3-a0c6-7ac46797cb3b', '2', 'Whisk or blend until oil and vinegar are well incorporated and no longer separate.');
INSERT INTO "cooking_steps"("guid","recipe_id","order_number","description") VALUES('35db445d-5f90-4596-9d2e-888ed6f2409d', 'f3949542-888a-4fc3-a0c6-7ac46797cb3b', '3', 'Place salmon fillet in a baking dish (I use a small casserole dish).');
INSERT INTO "cooking_steps"("guid","recipe_id","order_number","description") VALUES('fe700848-718c-4d16-99a7-86d82019c42f', 'f3949542-888a-4fc3-a0c6-7ac46797cb3b', '4', 'Pour the marinade over the salmon and allow it to marinate for at least 15 minutes (or up to 24 hours covered in the refrigerator).  Turn your oven on high broil. Just before putting the salmon in the oven, drizzle the lemon juice over the fish.');
INSERT INTO "cooking_steps"("guid","recipe_id","order_number","description") VALUES('113741bf-f08c-4be1-b093-e4ca06597d69', 'f3949542-888a-4fc3-a0c6-7ac46797cb3b', '5', 'Bake for 10 to 12 minutes on the top rack or until salmon is glazed, browned and sizzling.While the salmon is baking, prepare the asparagus.  Wash the asparagus and cut off the bottom inch and a half of each stalk and discard.');
INSERT INTO "cooking_steps"("guid","recipe_id","order_number","description") VALUES('cdad05c2-c16c-44e4-ba78-a892c1d6aab5', 'f3949542-888a-4fc3-a0c6-7ac46797cb3b', '6', 'Spread the asparagus on in a large skillet.');
INSERT INTO "cooking_steps"("guid","recipe_id","order_number","description") VALUES('744e4061-ad01-46d7-a4eb-5bd151280387', 'f3949542-888a-4fc3-a0c6-7ac46797cb3b', '7', 'Drizzle the grapeseed oil over the asparagus and spread the oil on the asparagus with your hands so that all stalks are completely coated.');
INSERT INTO "cooking_steps"("guid","recipe_id","order_number","description") VALUES('9247109a-9488-4892-85e3-155618e4ca36', 'f3949542-888a-4fc3-a0c6-7ac46797cb3b', '8', 'Sprinkle asparagus with desired amount of salt and pepper.');
INSERT INTO "cooking_steps"("guid","recipe_id","order_number","description") VALUES('93b13db4-eb77-467d-87ee-5b2b034511c0', 'f3949542-888a-4fc3-a0c6-7ac46797cb3b', '9', 'Saute over medium heat for 5 minutes.');
INSERT INTO "cooking_steps"("guid","recipe_id","order_number","description") VALUES('b724c87f-db9f-4059-9ad0-101b558e1324', 'f3949542-888a-4fc3-a0c6-7ac46797cb3b', '10', 'Add the two tablespoons of vegetable stock and cover the skillet.');
INSERT INTO "cooking_steps"("guid","recipe_id","order_number","description") VALUES('4939c5d6-348a-4836-92ed-8f7eb6db765d', 'f3949542-888a-4fc3-a0c6-7ac46797cb3b', '11', 'Saute 4 minutes.');
INSERT INTO "cooking_steps"("guid","recipe_id","order_number","description") VALUES('cea044a7-0d62-4655-b0c6-e05bece9da37', 'f3949542-888a-4fc3-a0c6-7ac46797cb3b', '12', 'Remove lid and add the minced garlic.');
INSERT INTO "cooking_steps"("guid","recipe_id","order_number","description") VALUES('813415fb-335c-4491-a8d4-4fe4cb115d99', 'f3949542-888a-4fc3-a0c6-7ac46797cb3b', '13', 'Place cover back over the asparagus. Continue cooking an additional 3 to 5 minutes until asparagus is cooked but not too soft.  Grate lemon zest over the top of the asparagus.');
INSERT INTO "recipe"("guid","title","description") VALUES('0c23b593-8fc3-4111-ac59-3785f217e618', 'Roasted Endive Salad With Prosciutto, Figs and Pistachios', 'Roasted Endive Salad With Prosciutto, Figs and Pistachios might be just the main course you are searching for. One serving contains 388 calories, 14g of protein, and 10g of fat. For $3.66 per serving, this recipe covers 45% of your daily requirements of vitamins and minerals. This recipe serves 4. It is brought to you by Foodista. 6 people were glad they tried this recipe. If you have pistachio nuts, olive oil, figs, and a few other ingredients on hand, you can make it. It is a good option if you''re following a gluten free, dairy free, paleolithic, and primal diet. From preparation to the plate, this recipe takes around 45 minutes. Overall, this recipe earns an outstanding spoonacular score of 96%. Similar recipes are Frisée Salad with Prosciutto, Roasted Figs, and Walnuts, Chicory and Endive Salad with Spiced Pistachios, and Prosciutto Roasted Figs.');
INSERT INTO "ingredients"("guid","name","dimension") VALUES('bbec2d8c-d4a1-4322-b794-dc7de428ab5a', 'escarole', 'heads') ON CONFLICT (name) DO UPDATE SET name = EXCLUDED.name;
INSERT INTO "recipe_ingredients"("recipe_id","ingredient_id","count") VALUES('0c23b593-8fc3-4111-ac59-3785f217e618', 'bbec2d8c-d4a1-4322-b794-dc7de428ab5a', '6.00');
INSERT INTO "ingredients"("guid","name","dimension") VALUES('e9cb3a34-8903-4dd5-a108-6c17736715a7', 'roasted garlic', 'milliliters') ON CONFLICT (name) DO UPDATE SET name = EXCLUDED.name;
INSERT INTO "recipe_ingredients"("recipe_id","ingredient_id","count") VALUES('0c23b593-8fc3-4111-ac59-3785f217e618', 'e9cb3a34-8903-4dd5-a108-6c17736715a7', '59.15');
INSERT INTO "ingredients"("guid","name","dimension") VALUES('a5a248b0-1515-4480-a179-e945208f29a6', 'prosciutto', 'slices') ON CONFLICT (name) DO UPDATE SET name = EXCLUDED.name;
INSERT INTO "recipe_ingredients"("recipe_id","ingredient_id","count") VALUES('0c23b593-8fc3-4111-ac59-3785f217e618', 'a5a248b0-1515-4480-a179-e945208f29a6', '2.00');
INSERT INTO "ingredients"("guid","name","dimension") VALUES('2634beff-d8b1-406a-99b5-ec2285d102dc', 'dried figs', 'milliliters') ON CONFLICT (name) DO UPDATE SET name = EXCLUDED.name;
INSERT INTO "recipe_ingredients"("recipe_id","ingredient_id","count") VALUES('0c23b593-8fc3-4111-ac59-3785f217e618', '2634beff-d8b1-406a-99b5-ec2285d102dc', '236.59');
INSERT INTO "ingredients"("guid","name","dimension") VALUES('205ae491-da00-49ab-afdc-4175d1fb9b31', 'pistachio nuts', 'milliliters') ON CONFLICT (name) DO UPDATE SET name = EXCLUDED.name;
INSERT INTO "recipe_ingredients"("recipe_id","ingredient_id","count") VALUES('0c23b593-8fc3-4111-ac59-3785f217e618', '205ae491-da00-49ab-afdc-4175d1fb9b31', '118.29');
INSERT INTO "ingredients"("guid","name","dimension") VALUES('6a1e491d-f501-41ab-bc0b-5b8b68ed311e', 'honey', 'milliliters') ON CONFLICT (name) DO UPDATE SET name = EXCLUDED.name;
INSERT INTO "recipe_ingredients"("recipe_id","ingredient_id","count") VALUES('0c23b593-8fc3-4111-ac59-3785f217e618', '6a1e491d-f501-41ab-bc0b-5b8b68ed311e', '59.15');
INSERT INTO "cooking_steps"("guid","recipe_id","order_number","description") VALUES('cfe01f7a-59a1-410a-84dd-108e4595e8b4', '0c23b593-8fc3-4111-ac59-3785f217e618', '1', 'Preheat your oven (*ding, this is a great toaster oven candidate) to 350F.  Line a rimmed baking sheet with aluminum foil.');
INSERT INTO "cooking_steps"("guid","recipe_id","order_number","description") VALUES('a7b7e331-7230-445e-9863-088ce7aee8b2', '0c23b593-8fc3-4111-ac59-3785f217e618', '2', 'Wash the endive and remove any unsightly outer leaves.  Slice each endive head in half from the stem to the tip.  Arrange the endive cut side up on the foil-lined baking sheet.  Coat the endive generously with olive oil.');
INSERT INTO "cooking_steps"("guid","recipe_id","order_number","description") VALUES('84050e1d-b550-4a60-a778-8b11b188445f', '0c23b593-8fc3-4111-ac59-3785f217e618', '3', 'Bake at 350F for 30 minutes, or until the outer edges are golden brown.');
INSERT INTO "cooking_steps"("guid","recipe_id","order_number","description") VALUES('33d1868b-b8f9-4854-9ed1-2d03badad70b', '0c23b593-8fc3-4111-ac59-3785f217e618', '4', 'Meanwhile, fry the prosciutto in a skillet until crispy.');
INSERT INTO "cooking_steps"("guid","recipe_id","order_number","description") VALUES('f5f6e3ca-f55c-4817-9328-50d427bd90d5', '0c23b593-8fc3-4111-ac59-3785f217e618', '5', 'Drain onto paper towels, then crumble the prosciutto and set it aside.');
INSERT INTO "cooking_steps"("guid","recipe_id","order_number","description") VALUES('334d3111-698a-450a-9eb2-2178239af5b9', '0c23b593-8fc3-4111-ac59-3785f217e618', '6', 'When the endive is done roasting, arrange three pieces on a plate alongside a handful of sliced dried figs and pistachio nuts.');
INSERT INTO "cooking_steps"("guid","recipe_id","order_number","description") VALUES('8f0f12ee-4296-420e-b1cb-d5d9052e0be9', '0c23b593-8fc3-4111-ac59-3785f217e618', '7', 'Drizzle a spoonful of honey over the plate, then sprinkle the endive with about 1/4th of the crumbled prosciutto.');
INSERT INTO "recipe"("guid","title","description") VALUES('a689c3f3-d700-4ab7-aa41-8e565d2458f1', 'Slow Cooker Baked Potato Soup', 'Slow Cooker Baked Potato Soup might be a good recipe to expand your main course collection. This recipe serves 3. One portion of this dish contains approximately 35g of protein, 33g of fat, and a total of 884 calories. For $2.83 per serving, this recipe covers 36% of your daily requirements of vitamins and minerals. 992 people were glad they tried this recipe. It is brought to you by Pink When. It is perfect for Autumn. If you have green onion tops, cream, water, and a few other ingredients on hand, you can make it. From preparation to the plate, this recipe takes roughly 9 hours. All things considered, we decided this recipe deserves a spoonacular score of 96%. This score is excellent. Try Slow cooker baked potato soup, Slow Cooker Baked Potato Soup, and Slow Cooker Baked Potato Soup for similar recipes.');
INSERT INTO "ingredients"("guid","name","dimension") VALUES('98a8afde-32db-419a-89cb-1b926b72ffad', 'wheat flour', 'Tbsps') ON CONFLICT (name) DO UPDATE SET name = EXCLUDED.name;
INSERT INTO "recipe_ingredients"("recipe_id","ingredient_id","count") VALUES('a689c3f3-d700-4ab7-aa41-8e565d2458f1', '98a8afde-32db-419a-89cb-1b926b72ffad', '3.00');
INSERT INTO "ingredients"("guid","name","dimension") VALUES('5e31c389-a121-4473-b7d1-e31daec5be45', 'bacon bits', 'milliliters') ON CONFLICT (name) DO UPDATE SET name = EXCLUDED.name;
INSERT INTO "recipe_ingredients"("recipe_id","ingredient_id","count") VALUES('a689c3f3-d700-4ab7-aa41-8e565d2458f1', '5e31c389-a121-4473-b7d1-e31daec5be45', '118.29');
INSERT INTO "ingredients"("guid","name","dimension") VALUES('f6088da0-b486-409e-9aa1-805460b15412', 'russet potato', 'larges') ON CONFLICT (name) DO UPDATE SET name = EXCLUDED.name;
INSERT INTO "recipe_ingredients"("recipe_id","ingredient_id","count") VALUES('a689c3f3-d700-4ab7-aa41-8e565d2458f1', 'f6088da0-b486-409e-9aa1-805460b15412', '4.00');
INSERT INTO "ingredients"("guid","name","dimension") VALUES('de455765-157a-44c6-9e3c-eba143058b35', 'chicken base', '') ON CONFLICT (name) DO UPDATE SET name = EXCLUDED.name;
INSERT INTO "recipe_ingredients"("recipe_id","ingredient_id","count") VALUES('a689c3f3-d700-4ab7-aa41-8e565d2458f1', 'de455765-157a-44c6-9e3c-eba143058b35', '2.00');
INSERT INTO "ingredients"("guid","name","dimension") VALUES('bae5d8c1-26a3-4c71-a5c6-226558e8047f', 'spring onions', 'servings') ON CONFLICT (name) DO UPDATE SET name = EXCLUDED.name;
INSERT INTO "recipe_ingredients"("recipe_id","ingredient_id","count") VALUES('a689c3f3-d700-4ab7-aa41-8e565d2458f1', 'bae5d8c1-26a3-4c71-a5c6-226558e8047f', '3.00');
INSERT INTO "ingredients"("guid","name","dimension") VALUES('42f28b03-e136-4fc2-b343-5d16cada339d', 'black pepper', 'Tbsp') ON CONFLICT (name) DO UPDATE SET name = EXCLUDED.name;
INSERT INTO "recipe_ingredients"("recipe_id","ingredient_id","count") VALUES('a689c3f3-d700-4ab7-aa41-8e565d2458f1', '42f28b03-e136-4fc2-b343-5d16cada339d', '1.00');
INSERT INTO "ingredients"("guid","name","dimension") VALUES('bfc48ecd-30a6-4f9f-acc2-17537a00b5fb', 'half and half', 'milliliters') ON CONFLICT (name) DO UPDATE SET name = EXCLUDED.name;
INSERT INTO "recipe_ingredients"("recipe_id","ingredient_id","count") VALUES('a689c3f3-d700-4ab7-aa41-8e565d2458f1', 'bfc48ecd-30a6-4f9f-acc2-17537a00b5fb', '236.59');
INSERT INTO "ingredients"("guid","name","dimension") VALUES('07ee04d6-0ddb-4b7d-9cce-84b109d78c35', 'red onion', 'medium') ON CONFLICT (name) DO UPDATE SET name = EXCLUDED.name;
INSERT INTO "recipe_ingredients"("recipe_id","ingredient_id","count") VALUES('a689c3f3-d700-4ab7-aa41-8e565d2458f1', '07ee04d6-0ddb-4b7d-9cce-84b109d78c35', '1.00');
INSERT INTO "ingredients"("guid","name","dimension") VALUES('6e3a9d78-9332-4577-a525-f29bbb7e8804', 'shredded cheddar cheese', 'servings') ON CONFLICT (name) DO UPDATE SET name = EXCLUDED.name;
INSERT INTO "recipe_ingredients"("recipe_id","ingredient_id","count") VALUES('a689c3f3-d700-4ab7-aa41-8e565d2458f1', '6e3a9d78-9332-4577-a525-f29bbb7e8804', '3.00');
INSERT INTO "ingredients"("guid","name","dimension") VALUES('2a8dfe4a-1428-45fb-8a47-3e3bd6da3d58', 'sour cream', 'servings') ON CONFLICT (name) DO UPDATE SET name = EXCLUDED.name;
INSERT INTO "recipe_ingredients"("recipe_id","ingredient_id","count") VALUES('a689c3f3-d700-4ab7-aa41-8e565d2458f1', '2a8dfe4a-1428-45fb-8a47-3e3bd6da3d58', '3.00');
INSERT INTO "ingredients"("guid","name","dimension") VALUES('faa7c536-494d-46a2-8bfc-649cb208f1d0', 'water', 'milliliters') ON CONFLICT (name) DO UPDATE SET name = EXCLUDED.name;
INSERT INTO "recipe_ingredients"("recipe_id","ingredient_id","count") VALUES('a689c3f3-d700-4ab7-aa41-8e565d2458f1', 'faa7c536-494d-46a2-8bfc-649cb208f1d0', '709.76');
INSERT INTO "recipe"("guid","title","description") VALUES('f141915f-9ec1-4f8c-a04c-e16cfa9d07cc', 'Curried Butternut Squash and Apple Soup', 'If you want to add more gluten free, dairy free, lacto ovo vegetarian, and vegan recipes to your recipe box, Curried Butternut Squash and Apple Soup might be a recipe you should try. For $1.41 per serving, this recipe covers 16% of your daily requirements of vitamins and minerals. This recipe serves 1. One serving contains 134 calories, 7g of protein, and 3g of fat. A mixture of a squirt sriracha, butternut squash, apple, and a handful of other ingredients are all it takes to make this recipe so yummy. It is perfect for Autumn. It works well as a hor d''oeuvre. This recipe from Foodista has 9 fans. From preparation to the plate, this recipe takes around 45 minutes. Overall, this recipe earns an awesome spoonacular score of 89%. Similar recipes include Curried Apple + Butternut Squash Soup, Curried Butternut Squash and Apple Soup, and Curried Butternut Squash & Apple Soup - Crock Pot.');
INSERT INTO "ingredients"("guid","name","dimension") VALUES('c8debd74-3296-4e67-9459-92425808d635', 'cauliflower', 'grams') ON CONFLICT (name) DO UPDATE SET name = EXCLUDED.name;
INSERT INTO "recipe_ingredients"("recipe_id","ingredient_id","count") VALUES('f141915f-9ec1-4f8c-a04c-e16cfa9d07cc', 'c8debd74-3296-4e67-9459-92425808d635', '99.22');
INSERT INTO "ingredients"("guid","name","dimension") VALUES('c7b3fa9f-b9d0-4665-83b3-cbde4b80d356', 'butternut squash', 'grams') ON CONFLICT (name) DO UPDATE SET name = EXCLUDED.name;
INSERT INTO "recipe_ingredients"("recipe_id","ingredient_id","count") VALUES('f141915f-9ec1-4f8c-a04c-e16cfa9d07cc', 'c7b3fa9f-b9d0-4665-83b3-cbde4b80d356', '70.87');
INSERT INTO "ingredients"("guid","name","dimension") VALUES('ebf0c028-cec8-4fb1-90cc-55bb9d3f0add', 'apple', 'grams') ON CONFLICT (name) DO UPDATE SET name = EXCLUDED.name;
INSERT INTO "recipe_ingredients"("recipe_id","ingredient_id","count") VALUES('f141915f-9ec1-4f8c-a04c-e16cfa9d07cc', 'ebf0c028-cec8-4fb1-90cc-55bb9d3f0add', '56.70');
INSERT INTO "ingredients"("guid","name","dimension") VALUES('faa7c536-494d-46a2-8bfc-649cb208f1d0', 'water', 'milliliters') ON CONFLICT (name) DO UPDATE SET name = EXCLUDED.name;
INSERT INTO "recipe_ingredients"("recipe_id","ingredient_id","count") VALUES('f141915f-9ec1-4f8c-a04c-e16cfa9d07cc', 'faa7c536-494d-46a2-8bfc-649cb208f1d0', '236.59');
INSERT INTO "ingredients"("guid","name","dimension") VALUES('9d30f975-388b-41bf-844a-bd6a567b10cb', 'braggs liquid aminos', 'teaspoons') ON CONFLICT (name) DO UPDATE SET name = EXCLUDED.name;
INSERT INTO "recipe_ingredients"("recipe_id","ingredient_id","count") VALUES('f141915f-9ec1-4f8c-a04c-e16cfa9d07cc', '9d30f975-388b-41bf-844a-bd6a567b10cb', '2.00');
INSERT INTO "ingredients"("guid","name","dimension") VALUES('28c07cea-eca0-4f7e-aa9b-3439cda3dd4d', 'garlic powder', 'teaspoons') ON CONFLICT (name) DO UPDATE SET name = EXCLUDED.name;
INSERT INTO "recipe_ingredients"("recipe_id","ingredient_id","count") VALUES('f141915f-9ec1-4f8c-a04c-e16cfa9d07cc', '28c07cea-eca0-4f7e-aa9b-3439cda3dd4d', '0.50');
INSERT INTO "ingredients"("guid","name","dimension") VALUES('bf167dd0-c2ab-47de-8161-cc67a1de7f45', 'ginger powder', 'teaspoons') ON CONFLICT (name) DO UPDATE SET name = EXCLUDED.name;
INSERT INTO "recipe_ingredients"("recipe_id","ingredient_id","count") VALUES('f141915f-9ec1-4f8c-a04c-e16cfa9d07cc', 'bf167dd0-c2ab-47de-8161-cc67a1de7f45', '0.25');
INSERT INTO "ingredients"("guid","name","dimension") VALUES('15042964-2e32-4e15-8a93-b6834b6d252d', 'sriracha', 'teaspoons') ON CONFLICT (name) DO UPDATE SET name = EXCLUDED.name;
INSERT INTO "recipe_ingredients"("recipe_id","ingredient_id","count") VALUES('f141915f-9ec1-4f8c-a04c-e16cfa9d07cc', '15042964-2e32-4e15-8a93-b6834b6d252d', '0.12');
INSERT INTO "ingredients"("guid","name","dimension") VALUES('809d622b-5122-423e-829f-135fa5d47c35', 'firm tofu', '') ON CONFLICT (name) DO UPDATE SET name = EXCLUDED.name;
INSERT INTO "recipe_ingredients"("recipe_id","ingredient_id","count") VALUES('f141915f-9ec1-4f8c-a04c-e16cfa9d07cc', '809d622b-5122-423e-829f-135fa5d47c35', '0.12');
INSERT INTO "cooking_steps"("guid","recipe_id","order_number","description") VALUES('95c7c858-c5ec-442e-a165-ead0b9ea8f80', 'f141915f-9ec1-4f8c-a04c-e16cfa9d07cc', '1', 'Get ready two small saucepans.');
INSERT INTO "cooking_steps"("guid","recipe_id","order_number","description") VALUES('f00bdc6a-8730-4e14-a61e-4032c9982e3d', 'f141915f-9ec1-4f8c-a04c-e16cfa9d07cc', '2', 'In one have together 1/2 of the squash and 1/2 of the apple  bring to a simmer, and simmer until just tender when pierced with a fork.');
INSERT INTO "cooking_steps"("guid","recipe_id","order_number","description") VALUES('454236c4-b450-4907-bb6d-9d30e134d9bf', 'f141915f-9ec1-4f8c-a04c-e16cfa9d07cc', '3', 'In the other, add in the rest of the vegetables along with 1 cup of water  bring this to a rolling boil, reduce to a simmer, and simmer until very very tender. When very tender, remove the vegetables from the heat, and blend these vegetables together (without draining) with the Braggs, spices, sriracha and the additional 1/2 cup water.');
INSERT INTO "cooking_steps"("guid","recipe_id","order_number","description") VALUES('3003671d-6c75-4e3e-b46e-66645ea74968', 'f141915f-9ec1-4f8c-a04c-e16cfa9d07cc', '4', 'Mix the blended part of the soup with the simmered squash and apples.');
INSERT INTO "cooking_steps"("guid","recipe_id","order_number","description") VALUES('527a6c8e-f6aa-4448-96be-b38c117fbc33', 'f141915f-9ec1-4f8c-a04c-e16cfa9d07cc', '5', 'Mix in the cubed tofu, gently re-heat and serve.');
INSERT INTO "recipe"("guid","title","description") VALUES('6e7312ac-695e-43f0-81d0-8688c0017ff7', 'Penne Pasta with Broccoli and Cheese', 'Penne Pasta with Broccoli and Cheese might be just the main course you are searching for. This recipe serves 4 and costs 66 cents per serving. One portion of this dish contains roughly 13g of protein, 2g of fat, and a total of 269 calories. From preparation to the plate, this recipe takes around 45 minutes. Not a lot of people made this recipe, and 3 would say it hit the spot. It is brought to you by Foodista. If you have ground pepper, water, chicken broth, and a few other ingredients on hand, you can make it. With a spoonacular score of 94%, this dish is awesome. Try Penne Pasta with Broccoli and Cheese, Penne Pasta with Broccoli and Cheese, and Cheesy Broccoli Penne Pasta for similar recipes.');
INSERT INTO "ingredients"("guid","name","dimension") VALUES('40a25dd9-ae18-40f4-a013-1abb4c4495e3', 'penne', 'grams') ON CONFLICT (name) DO UPDATE SET name = EXCLUDED.name;
INSERT INTO "recipe_ingredients"("recipe_id","ingredient_id","count") VALUES('6e7312ac-695e-43f0-81d0-8688c0017ff7', '40a25dd9-ae18-40f4-a013-1abb4c4495e3', '226.80');
INSERT INTO "ingredients"("guid","name","dimension") VALUES('faa7c536-494d-46a2-8bfc-649cb208f1d0', 'water', 'milliliters') ON CONFLICT (name) DO UPDATE SET name = EXCLUDED.name;
INSERT INTO "recipe_ingredients"("recipe_id","ingredient_id","count") VALUES('6e7312ac-695e-43f0-81d0-8688c0017ff7', 'faa7c536-494d-46a2-8bfc-649cb208f1d0', '946.35');
INSERT INTO "ingredients"("guid","name","dimension") VALUES('0256e67a-45c9-4bff-8dff-3cba11f52b1f', 'low sodium chicken broth', 'milliliters') ON CONFLICT (name) DO UPDATE SET name = EXCLUDED.name;
INSERT INTO "recipe_ingredients"("recipe_id","ingredient_id","count") VALUES('6e7312ac-695e-43f0-81d0-8688c0017ff7', '0256e67a-45c9-4bff-8dff-3cba11f52b1f', '236.59');
INSERT INTO "ingredients"("guid","name","dimension") VALUES('3921781d-cce1-43ff-89bd-b9ab794ee5e1', 'broccoli florets', 'liters') ON CONFLICT (name) DO UPDATE SET name = EXCLUDED.name;
INSERT INTO "recipe_ingredients"("recipe_id","ingredient_id","count") VALUES('6e7312ac-695e-43f0-81d0-8688c0017ff7', '3921781d-cce1-43ff-89bd-b9ab794ee5e1', '1.18');
INSERT INTO "ingredients"("guid","name","dimension") VALUES('c71bac9c-e965-4d14-ab29-0eeb75d745af', 'fresh basil', 'Tbsps') ON CONFLICT (name) DO UPDATE SET name = EXCLUDED.name;
INSERT INTO "recipe_ingredients"("recipe_id","ingredient_id","count") VALUES('6e7312ac-695e-43f0-81d0-8688c0017ff7', 'c71bac9c-e965-4d14-ab29-0eeb75d745af', '0.50');
INSERT INTO "ingredients"("guid","name","dimension") VALUES('42f28b03-e136-4fc2-b343-5d16cada339d', 'black pepper', 'teaspoons') ON CONFLICT (name) DO UPDATE SET name = EXCLUDED.name;
INSERT INTO "recipe_ingredients"("recipe_id","ingredient_id","count") VALUES('6e7312ac-695e-43f0-81d0-8688c0017ff7', '42f28b03-e136-4fc2-b343-5d16cada339d', '0.25');
INSERT INTO "ingredients"("guid","name","dimension") VALUES('3f7a39ce-ed38-4809-aea7-8a046670fb05', 'garlic', 'cloves') ON CONFLICT (name) DO UPDATE SET name = EXCLUDED.name;
INSERT INTO "recipe_ingredients"("recipe_id","ingredient_id","count") VALUES('6e7312ac-695e-43f0-81d0-8688c0017ff7', '3f7a39ce-ed38-4809-aea7-8a046670fb05', '2.00');
INSERT INTO "ingredients"("guid","name","dimension") VALUES('cbd26c50-208d-491c-9975-d0c061761730', 'parmesan', 'teaspoons') ON CONFLICT (name) DO UPDATE SET name = EXCLUDED.name;
INSERT INTO "recipe_ingredients"("recipe_id","ingredient_id","count") VALUES('6e7312ac-695e-43f0-81d0-8688c0017ff7', 'cbd26c50-208d-491c-9975-d0c061761730', '8.00');
INSERT INTO "cooking_steps"("guid","recipe_id","order_number","description") VALUES('ed116dab-3c3e-446a-bc0d-56f63016b648', '6e7312ac-695e-43f0-81d0-8688c0017ff7', '1', 'In a large pot add water and bring to a boil.');
INSERT INTO "cooking_steps"("guid","recipe_id","order_number","description") VALUES('cb50747f-b3db-44ac-80c4-744533b3cfd7', '6e7312ac-695e-43f0-81d0-8688c0017ff7', '2', 'Add pasta and cook until done, about 6 minutes.');
INSERT INTO "cooking_steps"("guid","recipe_id","order_number","description") VALUES('54f816e4-0ab0-4791-a04d-2171fa7f3411', '6e7312ac-695e-43f0-81d0-8688c0017ff7', '3', 'Meanwhile, heat the broth, basil, black pepper, garlic and broccoli in a large skillet over medium heat bring to a boil. Reduce the heat to low. Cover and cook until the broccoli is tender-crisp.');
INSERT INTO "cooking_steps"("guid","recipe_id","order_number","description") VALUES('164b258b-aef2-48d1-b181-c37a96a30e7f', '6e7312ac-695e-43f0-81d0-8688c0017ff7', '4', 'Add the pasta to the broccoli mixture and toss to coat.');
INSERT INTO "cooking_steps"("guid","recipe_id","order_number","description") VALUES('4460245c-bbfd-42b9-828f-3c984ede13a4', '6e7312ac-695e-43f0-81d0-8688c0017ff7', '5', 'Add cheese to the pasta mixture');
INSERT INTO "cooking_steps"("guid","recipe_id","order_number","description") VALUES('28eb803a-c1b6-4ceb-84ca-a2fc7ad9852e', '6e7312ac-695e-43f0-81d0-8688c0017ff7', '6', 'Serve and enjoy!');
INSERT INTO "cooking_steps"("guid","recipe_id","order_number","description") VALUES('249b5302-525e-49fe-a136-3685585fbc11', '6e7312ac-695e-43f0-81d0-8688c0017ff7', '7', 'Makes 4 servings, about 2 cups or so');
INSERT INTO "cooking_steps"("guid","recipe_id","order_number","description") VALUES('c700928b-4acb-4a89-afed-176da4e17558', '6e7312ac-695e-43f0-81d0-8688c0017ff7', '8', 'Calories per serving:  235,  Fat:  2.');
INSERT INTO "cooking_steps"("guid","recipe_id","order_number","description") VALUES('64accfaa-b749-418c-9cb4-21f0f26b1801', '6e7312ac-695e-43f0-81d0-8688c0017ff7', '9', 'Cholesterol:  5,  Sodium:  138,  Carbs:  40.3,  Fiber:  8.5,  Sugar:  3.3,  Protein:  12');
INSERT INTO "recipe"("guid","title","description") VALUES('8ca848fd-1c1d-4a6d-b5be-da7929e18972', 'Amaranth and Roast Veggie Salad', 'Amaranth and Roast Veggie Salad could be just the gluten free, dairy free, lacto ovo vegetarian, and vegan recipe you''ve been looking for. This recipe serves 2 and costs $2.47 per serving. This hor d''oeuvre has 361 calories, 9g of protein, and 18g of fat per serving. From preparation to the plate, this recipe takes roughly 45 minutes. This recipe from Foodista requires amaranth, punnet baby tomatoes, bell pepper, and pumpkin. 5 people have tried and liked this recipe. Overall, this recipe earns an outstanding spoonacular score of 95%. If you like this recipe, take a look at these similar recipes: Mum’s Roast Veggie Salad, amaranth yogurt parfait – popped amaranth parfait with fruits, and amaranth yogurt parfait – popped amaranth parfait with fruits.');
INSERT INTO "ingredients"("guid","name","dimension") VALUES('8a4e0489-1155-4da8-af2f-08b3fc4f796c', 'amaranth', 'milliliters') ON CONFLICT (name) DO UPDATE SET name = EXCLUDED.name;
INSERT INTO "recipe_ingredients"("recipe_id","ingredient_id","count") VALUES('8ca848fd-1c1d-4a6d-b5be-da7929e18972', '8a4e0489-1155-4da8-af2f-08b3fc4f796c', '118.29');
INSERT INTO "ingredients"("guid","name","dimension") VALUES('4370d5f8-e452-4d5c-af47-27d47b032606', 'basil oil', 'servings') ON CONFLICT (name) DO UPDATE SET name = EXCLUDED.name;
INSERT INTO "recipe_ingredients"("recipe_id","ingredient_id","count") VALUES('8ca848fd-1c1d-4a6d-b5be-da7929e18972', '4370d5f8-e452-4d5c-af47-27d47b032606', '2.00');
INSERT INTO "ingredients"("guid","name","dimension") VALUES('20a9876f-1d82-4ec6-bbe2-0dee11d999dc', 'bell pepper', 'servings') ON CONFLICT (name) DO UPDATE SET name = EXCLUDED.name;
INSERT INTO "recipe_ingredients"("recipe_id","ingredient_id","count") VALUES('8ca848fd-1c1d-4a6d-b5be-da7929e18972', '20a9876f-1d82-4ec6-bbe2-0dee11d999dc', '2.00');
INSERT INTO "ingredients"("guid","name","dimension") VALUES('8f535bd9-5606-46fe-8edc-c60ce616690f', 'sugar pumpkin', 'packets') ON CONFLICT (name) DO UPDATE SET name = EXCLUDED.name;
INSERT INTO "recipe_ingredients"("recipe_id","ingredient_id","count") VALUES('8ca848fd-1c1d-4a6d-b5be-da7929e18972', '8f535bd9-5606-46fe-8edc-c60ce616690f', '0.50');
INSERT INTO "ingredients"("guid","name","dimension") VALUES('07ee04d6-0ddb-4b7d-9cce-84b109d78c35', 'red onion', '') ON CONFLICT (name) DO UPDATE SET name = EXCLUDED.name;
INSERT INTO "recipe_ingredients"("recipe_id","ingredient_id","count") VALUES('8ca848fd-1c1d-4a6d-b5be-da7929e18972', '07ee04d6-0ddb-4b7d-9cce-84b109d78c35', '1.00');
INSERT INTO "ingredients"("guid","name","dimension") VALUES('c1793b55-44ce-4c60-ae43-be5ab66ac8b1', 'arugula', 'servings') ON CONFLICT (name) DO UPDATE SET name = EXCLUDED.name;
INSERT INTO "recipe_ingredients"("recipe_id","ingredient_id","count") VALUES('8ca848fd-1c1d-4a6d-b5be-da7929e18972', 'c1793b55-44ce-4c60-ae43-be5ab66ac8b1', '9.00');
INSERT INTO "ingredients"("guid","name","dimension") VALUES('9d2c9ee9-fe26-4970-a0f6-256bcee3f2c3', 'table salt', 'servings') ON CONFLICT (name) DO UPDATE SET name = EXCLUDED.name;
INSERT INTO "recipe_ingredients"("recipe_id","ingredient_id","count") VALUES('8ca848fd-1c1d-4a6d-b5be-da7929e18972', '9d2c9ee9-fe26-4970-a0f6-256bcee3f2c3', '2.00');
INSERT INTO "ingredients"("guid","name","dimension") VALUES('103718c9-2e4b-4aaf-af88-5d6090b19faa', 'tomato', '') ON CONFLICT (name) DO UPDATE SET name = EXCLUDED.name;
INSERT INTO "recipe_ingredients"("recipe_id","ingredient_id","count") VALUES('8ca848fd-1c1d-4a6d-b5be-da7929e18972', '103718c9-2e4b-4aaf-af88-5d6090b19faa', '0.50');
INSERT INTO "cooking_steps"("guid","recipe_id","order_number","description") VALUES('81665691-d394-411e-a039-05ca53c837c3', '8ca848fd-1c1d-4a6d-b5be-da7929e18972', '1', 'Cook the amaranth with about a cup of water until it reaches a sticky consistency');
INSERT INTO "cooking_steps"("guid","recipe_id","order_number","description") VALUES('765726bf-8bc4-4b42-8dd9-3213f5be7dfe', '8ca848fd-1c1d-4a6d-b5be-da7929e18972', '2', 'Cut the onion roughly into chunks');
INSERT INTO "cooking_steps"("guid","recipe_id","order_number","description") VALUES('dfd0c39f-4adc-4047-911e-6867d97b8ae6', '8ca848fd-1c1d-4a6d-b5be-da7929e18972', '3', 'Add the onion and diced pumpkin to a tinfoil lined baking tray');
INSERT INTO "cooking_steps"("guid","recipe_id","order_number","description") VALUES('e0b785ed-0a8a-4dd6-b257-492920d6650d', '8ca848fd-1c1d-4a6d-b5be-da7929e18972', '4', 'Drizzled over the olive oil and sprinkle with the herbal salt and pepper');
INSERT INTO "cooking_steps"("guid","recipe_id","order_number","description") VALUES('649b00c9-12c5-4c3a-bc82-88ca4ccb0adf', '8ca848fd-1c1d-4a6d-b5be-da7929e18972', '5', 'Put into a hot oven and roast until the edges of the pumpkin go crispy');
INSERT INTO "cooking_steps"("guid","recipe_id","order_number","description") VALUES('44abd93a-b432-4fac-a178-1ffc8ac7b56b', '8ca848fd-1c1d-4a6d-b5be-da7929e18972', '6', 'Just before the veggies are done, throw in the baby tomatoes');
INSERT INTO "cooking_steps"("guid","recipe_id","order_number","description") VALUES('accbdc5e-7f48-4fd7-955c-5819f18b9b67', '8ca848fd-1c1d-4a6d-b5be-da7929e18972', '7', 'Coat the veggies in the cooked amaranth');
INSERT INTO "cooking_steps"("guid","recipe_id","order_number","description") VALUES('f6b0ef4e-b106-4913-9ff1-c55df52ecc62', '8ca848fd-1c1d-4a6d-b5be-da7929e18972', '8', 'Tear a few rocket leaves');
INSERT INTO "cooking_steps"("guid","recipe_id","order_number","description") VALUES('a62b979f-fdd6-490e-9b06-d5b5b76eb0c9', '8ca848fd-1c1d-4a6d-b5be-da7929e18972', '9', 'Toss together and there you have it, an unusual roast veggie salad!');
INSERT INTO "cooking_steps"("guid","recipe_id","order_number","description") VALUES('c0509222-088b-4640-8696-ca1cc17122e9', '8ca848fd-1c1d-4a6d-b5be-da7929e18972', '10', 'Serve warm');
INSERT INTO "recipe"("guid","title","description") VALUES('5c9fde70-3a0f-4453-a749-8eed27b481d5', 'Carrot and Cabbage Salad With Coriander+cumin Dry Rub', 'If you want to add more gluten free, dairy free, paleolithic, and lacto ovo vegetarian recipes to your repertoire, Carrot and Cabbage Salad With Coriander+cumin Dry Rub might be a recipe you should try. This recipe serves 1. One portion of this dish contains about 6g of protein, 10g of fat, and a total of 222 calories. For $1.4 per serving, this recipe covers 27% of your daily requirements of vitamins and minerals. 4 people have made this recipe and would make it again. Head to the store and pick up sunflower seeds, cumin seed powder, juice of lime, and a few other things to make it today. It works well as an affordable hor d''oeuvre. From preparation to the plate, this recipe takes roughly 25 minutes. It is brought to you by Foodista. Overall, this recipe earns a super spoonacular score of 96%. If you like this recipe, you might also like recipes such as Carrot and Cabbage Salad With Coriander+cumin Dry Rub, Carrot and Cabbage Salad With Coriander+cumin Dry Rub, and Carrot and Cabbage Salad With Coriander+cumin Dry Rub.');
INSERT INTO "ingredients"("guid","name","dimension") VALUES('6b9754b0-3c6c-4528-a35f-9d80119ed1aa', 'carrot', 'milliliters') ON CONFLICT (name) DO UPDATE SET name = EXCLUDED.name;
INSERT INTO "recipe_ingredients"("recipe_id","ingredient_id","count") VALUES('5c9fde70-3a0f-4453-a749-8eed27b481d5', '6b9754b0-3c6c-4528-a35f-9d80119ed1aa', '354.88');
INSERT INTO "ingredients"("guid","name","dimension") VALUES('e6135b67-95fb-404b-abd1-bafe9d1aefc0', 'cumin seeds', 'teaspoons') ON CONFLICT (name) DO UPDATE SET name = EXCLUDED.name;
INSERT INTO "recipe_ingredients"("recipe_id","ingredient_id","count") VALUES('5c9fde70-3a0f-4453-a749-8eed27b481d5', 'e6135b67-95fb-404b-abd1-bafe9d1aefc0', '0.50');
INSERT INTO "ingredients"("guid","name","dimension") VALUES('246b1fe9-2ff9-46fa-941e-12c502a98a40', 'cilantro', 'bunch') ON CONFLICT (name) DO UPDATE SET name = EXCLUDED.name;
INSERT INTO "recipe_ingredients"("recipe_id","ingredient_id","count") VALUES('5c9fde70-3a0f-4453-a749-8eed27b481d5', '246b1fe9-2ff9-46fa-941e-12c502a98a40', '1.00');
INSERT INTO "ingredients"("guid","name","dimension") VALUES('e807b513-b0ae-4284-a53b-822dfd7b1bcd', 'cabbage', 'milliliters') ON CONFLICT (name) DO UPDATE SET name = EXCLUDED.name;
INSERT INTO "recipe_ingredients"("recipe_id","ingredient_id","count") VALUES('5c9fde70-3a0f-4453-a749-8eed27b481d5', 'e807b513-b0ae-4284-a53b-822dfd7b1bcd', '177.44');
INSERT INTO "ingredients"("guid","name","dimension") VALUES('bfa4266a-56db-44ea-b7cf-8a05cf2d10c5', 'ground coriander', 'teaspoons') ON CONFLICT (name) DO UPDATE SET name = EXCLUDED.name;
INSERT INTO "recipe_ingredients"("recipe_id","ingredient_id","count") VALUES('5c9fde70-3a0f-4453-a749-8eed27b481d5', 'bfa4266a-56db-44ea-b7cf-8a05cf2d10c5', '0.50');
INSERT INTO "ingredients"("guid","name","dimension") VALUES('855a3b90-4e3d-422d-bb73-c35bb65e2742', 'lime juice', '') ON CONFLICT (name) DO UPDATE SET name = EXCLUDED.name;
INSERT INTO "recipe_ingredients"("recipe_id","ingredient_id","count") VALUES('5c9fde70-3a0f-4453-a749-8eed27b481d5', '855a3b90-4e3d-422d-bb73-c35bb65e2742', '1.00');
INSERT INTO "ingredients"("guid","name","dimension") VALUES('903d4219-5d08-479e-85f9-3b1719bd0244', 'olive oil', 'teaspoon') ON CONFLICT (name) DO UPDATE SET name = EXCLUDED.name;
INSERT INTO "recipe_ingredients"("recipe_id","ingredient_id","count") VALUES('5c9fde70-3a0f-4453-a749-8eed27b481d5', '903d4219-5d08-479e-85f9-3b1719bd0244', '1.00');
INSERT INTO "ingredients"("guid","name","dimension") VALUES('f453ae2e-4311-441e-b606-9c895cbe630c', 'red cabbage', 'milliliters') ON CONFLICT (name) DO UPDATE SET name = EXCLUDED.name;
INSERT INTO "recipe_ingredients"("recipe_id","ingredient_id","count") VALUES('5c9fde70-3a0f-4453-a749-8eed27b481d5', 'f453ae2e-4311-441e-b606-9c895cbe630c', '177.44');
INSERT INTO "ingredients"("guid","name","dimension") VALUES('64587616-59e5-443d-bc9b-f5204c1d538e', 'sunflower seeds', 'teaspoons') ON CONFLICT (name) DO UPDATE SET name = EXCLUDED.name;
INSERT INTO "recipe_ingredients"("recipe_id","ingredient_id","count") VALUES('5c9fde70-3a0f-4453-a749-8eed27b481d5', '64587616-59e5-443d-bc9b-f5204c1d538e', '2.00');
INSERT INTO "cooking_steps"("guid","recipe_id","order_number","description") VALUES('4c533428-6682-4a9b-971a-13d505c92494', '5c9fde70-3a0f-4453-a749-8eed27b481d5', '1', 'Chop up the carrots and the cabbage into slivers of roughly the same size.');
INSERT INTO "cooking_steps"("guid","recipe_id","order_number","description") VALUES('b7b2e43e-9b52-4e5f-a45a-afc35dbfca6d', '5c9fde70-3a0f-4453-a749-8eed27b481d5', '2', 'Add the ground coriander, cumin seed, lime juice, and olive oil and massage it into the veggies.');
INSERT INTO "cooking_steps"("guid","recipe_id","order_number","description") VALUES('81ebafc3-e969-4627-9ca5-ec2ee9869db0', '5c9fde70-3a0f-4453-a749-8eed27b481d5', '3', 'Add the fresh coriander and sunflower seeds on top.Leave aside for a couple of hours for the spices to seep into the veggies for added flavor.');
INSERT INTO "recipe"("guid","title","description") VALUES('7dea43ce-a248-4f0d-88ab-cd68c5a63ae7', 'Instant Pot Quinoa Grain Bowl', 'Instant Pot Quinoa Grain Bowl might be a good recipe to expand your main course recipe box. Watching your figure? This gluten free, dairy free, lacto ovo vegetarian, and vegan recipe has 416 calories, 16g of protein, and 10g of fat per serving. This recipe serves 4 and costs $3.02 per serving. From preparation to the plate, this recipe takes roughly 13 minutes. A mixture of baby brussell sprouts, broccoli, salt and pepper, and a handful of other ingredients are all it takes to make this recipe so tasty. 1 person has made this recipe and would make it again. It is brought to you by Pink When. With a spoonacular score of 96%, this dish is super. Users who liked this recipe also liked Instant Pot Quinoa Grain Bowl, Instant Pot Sausage Cabbage Bowl with Quinoa (or Stovetop), and Crock Pot Chicken Fajita Bowl (Grain-Free, Paleo).');
INSERT INTO "ingredients"("guid","name","dimension") VALUES('b8e931af-e48b-4db2-b59f-c9d81a65c7ac', 'avocado', '') ON CONFLICT (name) DO UPDATE SET name = EXCLUDED.name;
INSERT INTO "recipe_ingredients"("recipe_id","ingredient_id","count") VALUES('7dea43ce-a248-4f0d-88ab-cd68c5a63ae7', 'b8e931af-e48b-4db2-b59f-c9d81a65c7ac', '0.50');
INSERT INTO "ingredients"("guid","name","dimension") VALUES('8afe6bc8-22d0-4467-882f-e3b1c49bb223', 'broccoli', 'milliliters') ON CONFLICT (name) DO UPDATE SET name = EXCLUDED.name;
INSERT INTO "recipe_ingredients"("recipe_id","ingredient_id","count") VALUES('7dea43ce-a248-4f0d-88ab-cd68c5a63ae7', '8afe6bc8-22d0-4467-882f-e3b1c49bb223', '236.59');
INSERT INTO "ingredients"("guid","name","dimension") VALUES('a8774ada-6a78-4598-a778-7da4268d315b', 'cherry tomato', 'servings') ON CONFLICT (name) DO UPDATE SET name = EXCLUDED.name;
INSERT INTO "recipe_ingredients"("recipe_id","ingredient_id","count") VALUES('7dea43ce-a248-4f0d-88ab-cd68c5a63ae7', 'a8774ada-6a78-4598-a778-7da4268d315b', '4.00');
INSERT INTO "ingredients"("guid","name","dimension") VALUES('085cd6c5-b350-40d4-82e5-162b4f2126e6', 'clementine', '') ON CONFLICT (name) DO UPDATE SET name = EXCLUDED.name;
INSERT INTO "recipe_ingredients"("recipe_id","ingredient_id","count") VALUES('7dea43ce-a248-4f0d-88ab-cd68c5a63ae7', '085cd6c5-b350-40d4-82e5-162b4f2126e6', '1.00');
INSERT INTO "ingredients"("guid","name","dimension") VALUES('65d1ae48-d484-44fa-8b5f-95bc94c831b0', 'kale', 'milliliters') ON CONFLICT (name) DO UPDATE SET name = EXCLUDED.name;
INSERT INTO "recipe_ingredients"("recipe_id","ingredient_id","count") VALUES('7dea43ce-a248-4f0d-88ab-cd68c5a63ae7', '65d1ae48-d484-44fa-8b5f-95bc94c831b0', '473.18');
INSERT INTO "ingredients"("guid","name","dimension") VALUES('cc5fe1b7-a5b3-4ef7-89e8-7003ed513435', 'quinoa', 'milliliters') ON CONFLICT (name) DO UPDATE SET name = EXCLUDED.name;
INSERT INTO "recipe_ingredients"("recipe_id","ingredient_id","count") VALUES('7dea43ce-a248-4f0d-88ab-cd68c5a63ae7', 'cc5fe1b7-a5b3-4ef7-89e8-7003ed513435', '473.18');
INSERT INTO "ingredients"("guid","name","dimension") VALUES('bd6df831-fb53-48d0-af46-c32ee7488a9b', 'salt and pepper', 'servings') ON CONFLICT (name) DO UPDATE SET name = EXCLUDED.name;
INSERT INTO "recipe_ingredients"("recipe_id","ingredient_id","count") VALUES('7dea43ce-a248-4f0d-88ab-cd68c5a63ae7', 'bd6df831-fb53-48d0-af46-c32ee7488a9b', '4.00');
INSERT INTO "ingredients"("guid","name","dimension") VALUES('6bc6eac7-874d-43a4-a7c2-70ac51c4315b', 'sprouts', 'milliliters') ON CONFLICT (name) DO UPDATE SET name = EXCLUDED.name;
INSERT INTO "recipe_ingredients"("recipe_id","ingredient_id","count") VALUES('7dea43ce-a248-4f0d-88ab-cd68c5a63ae7', '6bc6eac7-874d-43a4-a7c2-70ac51c4315b', '236.59');
INSERT INTO "ingredients"("guid","name","dimension") VALUES('b1271341-cc98-4257-8c0c-9c6d1947d208', 'stock', 'milliliters') ON CONFLICT (name) DO UPDATE SET name = EXCLUDED.name;
INSERT INTO "recipe_ingredients"("recipe_id","ingredient_id","count") VALUES('7dea43ce-a248-4f0d-88ab-cd68c5a63ae7', 'b1271341-cc98-4257-8c0c-9c6d1947d208', '473.18');
INSERT INTO "cooking_steps"("guid","recipe_id","order_number","description") VALUES('66013705-aa9c-4299-9195-f075157534c9', '7dea43ce-a248-4f0d-88ab-cd68c5a63ae7', '1', 'Rinse and drain the quinoa to remove the bitter and sometimes mildly soapy taste that can linger if not rinsed.');
INSERT INTO "cooking_steps"("guid","recipe_id","order_number","description") VALUES('e238de7a-74ff-4f4f-8f56-4893de0789c4', '7dea43ce-a248-4f0d-88ab-cd68c5a63ae7', '2', 'Combine the quinoa, stock and seasonings in the Instant Pot together and then twist to lock the lid shut. Set the pot to Manual for 1 minute.');
INSERT INTO "cooking_steps"("guid","recipe_id","order_number","description") VALUES('ad2abf1b-7b11-47e0-9bfb-d8613dfd4d58', '7dea43ce-a248-4f0d-88ab-cd68c5a63ae7', '3', 'At the end of the cook time, let the pot to natural pressure release for 10 minutes before carefully releasing the remaining pressure.');
INSERT INTO "cooking_steps"("guid","recipe_id","order_number","description") VALUES('20632ad7-4075-40b4-9a6a-80a10e06a032', '7dea43ce-a248-4f0d-88ab-cd68c5a63ae7', '4', 'Fluff the cooked quinoa with a fork. Now you have Instant Pot Quinoa!');
INSERT INTO "cooking_steps"("guid","recipe_id","order_number","description") VALUES('9279dff9-9220-4e93-adf2-fc12c35b2bb6', '7dea43ce-a248-4f0d-88ab-cd68c5a63ae7', '5', 'Add fruits and vegetables over a scoop of cooked quinoa and make an amazing quinoa grain bowl.');
INSERT INTO "recipe"("guid","title","description") VALUES('1cb4665f-2e8a-4420-b663-a5a14c1cc321', 'Roasted Cauliflower Detox Bowl with Tahini Sauce', 'Roasted Cauliflower Detox Bowl with Tahini Sauce might be just the main course you are searching for. One serving contains 549 calories, 18g of protein, and 30g of fat. This recipe serves 2 and costs $3.06 per serving. 1 person were glad they tried this recipe. A mixture of kale leaves, garlic, ground cumin, and a handful of other ingredients are all it takes to make this recipe so yummy. It is a good option if you''re following a gluten free, dairy free, lacto ovo vegetarian, and vegan diet. From preparation to the plate, this recipe takes around 50 minutes. It is brought to you by Foodista. All things considered, we decided this recipe deserves a spoonacular score of 95%. This score is awesome. Quinoa Bowl with Roasted Cauliflower and Tahini Dressing, Quinoa Bowl with Roasted Cauliflower and Tahini Dressing, and Roasted Cauliflower with Tahini Sauce are very similar to this recipe.');
INSERT INTO "ingredients"("guid","name","dimension") VALUES('65d1ae48-d484-44fa-8b5f-95bc94c831b0', 'kale', '') ON CONFLICT (name) DO UPDATE SET name = EXCLUDED.name;
INSERT INTO "recipe_ingredients"("recipe_id","ingredient_id","count") VALUES('1cb4665f-2e8a-4420-b663-a5a14c1cc321', '65d1ae48-d484-44fa-8b5f-95bc94c831b0', '3.00');
INSERT INTO "ingredients"("guid","name","dimension") VALUES('3f7a39ce-ed38-4809-aea7-8a046670fb05', 'garlic', 'clove') ON CONFLICT (name) DO UPDATE SET name = EXCLUDED.name;
INSERT INTO "recipe_ingredients"("recipe_id","ingredient_id","count") VALUES('1cb4665f-2e8a-4420-b663-a5a14c1cc321', '3f7a39ce-ed38-4809-aea7-8a046670fb05', '1.00');
INSERT INTO "ingredients"("guid","name","dimension") VALUES('cc5fe1b7-a5b3-4ef7-89e8-7003ed513435', 'quinoa', 'milliliters') ON CONFLICT (name) DO UPDATE SET name = EXCLUDED.name;
INSERT INTO "recipe_ingredients"("recipe_id","ingredient_id","count") VALUES('1cb4665f-2e8a-4420-b663-a5a14c1cc321', 'cc5fe1b7-a5b3-4ef7-89e8-7003ed513435', '118.29');
INSERT INTO "ingredients"("guid","name","dimension") VALUES('f453ae2e-4311-441e-b606-9c895cbe630c', 'red cabbage', '') ON CONFLICT (name) DO UPDATE SET name = EXCLUDED.name;
INSERT INTO "recipe_ingredients"("recipe_id","ingredient_id","count") VALUES('1cb4665f-2e8a-4420-b663-a5a14c1cc321', 'f453ae2e-4311-441e-b606-9c895cbe630c', '0.25');
INSERT INTO "ingredients"("guid","name","dimension") VALUES('b8e931af-e48b-4db2-b59f-c9d81a65c7ac', 'avocado', '') ON CONFLICT (name) DO UPDATE SET name = EXCLUDED.name;
INSERT INTO "recipe_ingredients"("recipe_id","ingredient_id","count") VALUES('1cb4665f-2e8a-4420-b663-a5a14c1cc321', 'b8e931af-e48b-4db2-b59f-c9d81a65c7ac', '1.00');
INSERT INTO "ingredients"("guid","name","dimension") VALUES('c8debd74-3296-4e67-9459-92425808d635', 'cauliflower', '') ON CONFLICT (name) DO UPDATE SET name = EXCLUDED.name;
INSERT INTO "recipe_ingredients"("recipe_id","ingredient_id","count") VALUES('1cb4665f-2e8a-4420-b663-a5a14c1cc321', 'c8debd74-3296-4e67-9459-92425808d635', '0.50');
INSERT INTO "ingredients"("guid","name","dimension") VALUES('903d4219-5d08-479e-85f9-3b1719bd0244', 'olive oil', 'teaspoon') ON CONFLICT (name) DO UPDATE SET name = EXCLUDED.name;
INSERT INTO "recipe_ingredients"("recipe_id","ingredient_id","count") VALUES('1cb4665f-2e8a-4420-b663-a5a14c1cc321', '903d4219-5d08-479e-85f9-3b1719bd0244', '1.00');
INSERT INTO "ingredients"("guid","name","dimension") VALUES('17e245fd-e142-4987-8aeb-e235f22d603f', 'ground cumin', 'teaspoons') ON CONFLICT (name) DO UPDATE SET name = EXCLUDED.name;
INSERT INTO "recipe_ingredients"("recipe_id","ingredient_id","count") VALUES('1cb4665f-2e8a-4420-b663-a5a14c1cc321', '17e245fd-e142-4987-8aeb-e235f22d603f', '0.25');
INSERT INTO "ingredients"("guid","name","dimension") VALUES('3102a37f-215b-4f04-bef3-41849be6744d', 'garden cress', 'servings') ON CONFLICT (name) DO UPDATE SET name = EXCLUDED.name;
INSERT INTO "recipe_ingredients"("recipe_id","ingredient_id","count") VALUES('1cb4665f-2e8a-4420-b663-a5a14c1cc321', '3102a37f-215b-4f04-bef3-41849be6744d', '2.00');
INSERT INTO "ingredients"("guid","name","dimension") VALUES('e9cb3a34-8903-4dd5-a108-6c17736715a7', 'roasted garlic', 'head') ON CONFLICT (name) DO UPDATE SET name = EXCLUDED.name;
INSERT INTO "recipe_ingredients"("recipe_id","ingredient_id","count") VALUES('1cb4665f-2e8a-4420-b663-a5a14c1cc321', 'e9cb3a34-8903-4dd5-a108-6c17736715a7', '1.00');
INSERT INTO "ingredients"("guid","name","dimension") VALUES('faa7c536-494d-46a2-8bfc-649cb208f1d0', 'water', 'milliliters') ON CONFLICT (name) DO UPDATE SET name = EXCLUDED.name;
INSERT INTO "recipe_ingredients"("recipe_id","ingredient_id","count") VALUES('1cb4665f-2e8a-4420-b663-a5a14c1cc321', 'faa7c536-494d-46a2-8bfc-649cb208f1d0', '118.29');
INSERT INTO "ingredients"("guid","name","dimension") VALUES('e9c12bc5-0aac-40ff-ab8b-82ff4b3441f4', 'tahini', 'Tbsps') ON CONFLICT (name) DO UPDATE SET name = EXCLUDED.name;
INSERT INTO "recipe_ingredients"("recipe_id","ingredient_id","count") VALUES('1cb4665f-2e8a-4420-b663-a5a14c1cc321', 'e9c12bc5-0aac-40ff-ab8b-82ff4b3441f4', '2.00');
INSERT INTO "ingredients"("guid","name","dimension") VALUES('faa7c536-494d-46a2-8bfc-649cb208f1d0', 'water', 'Tbsps') ON CONFLICT (name) DO UPDATE SET name = EXCLUDED.name;
INSERT INTO "recipe_ingredients"("recipe_id","ingredient_id","count") VALUES('1cb4665f-2e8a-4420-b663-a5a14c1cc321', 'faa7c536-494d-46a2-8bfc-649cb208f1d0', '4.00');
INSERT INTO "ingredients"("guid","name","dimension") VALUES('83c1bc88-4f0f-4898-85f8-76992d15c6cb', 'kosher salt', 'teaspoons') ON CONFLICT (name) DO UPDATE SET name = EXCLUDED.name;
INSERT INTO "recipe_ingredients"("recipe_id","ingredient_id","count") VALUES('1cb4665f-2e8a-4420-b663-a5a14c1cc321', '83c1bc88-4f0f-4898-85f8-76992d15c6cb', '0.25');
INSERT INTO "cooking_steps"("guid","recipe_id","order_number","description") VALUES('ce1525b9-c5dc-405a-bbab-388db5011f1d', '1cb4665f-2e8a-4420-b663-a5a14c1cc321', '1', 'Soak the cashews overnight in water.Preheat the oven to 200C/~395 F. Chop the cauliflower into florets and toss with the olive oil and ground cumin. Roast for 20-25 minutes until golden.To make the sauce, add all ingredients except the water and salt to a food processor. While blending, drizzle in the water a little at a time until the sauce starts to become smooth. Continue processing, scraping down the sides or adding additional water as needed, until the sauce is as smooth as your food processor can make it.');
INSERT INTO "cooking_steps"("guid","recipe_id","order_number","description") VALUES('614a64aa-ba6f-49be-8801-dbd32dec53bd', '1cb4665f-2e8a-4420-b663-a5a14c1cc321', '2', 'Add salt to taste.Boil the quinoa in a saucepan for 10 minutes then drain and set aside. Meanwhile, chop the kale and red cabbage into thin strips and saute in a frying pan with the minced garlic clove over a medium heat until wilted.');
INSERT INTO "cooking_steps"("guid","recipe_id","order_number","description") VALUES('899e62c0-32f9-4e10-ae59-3dce491b8037', '1cb4665f-2e8a-4420-b663-a5a14c1cc321', '3', 'Add in the quinoa and toss so everything is mixed together.');
INSERT INTO "cooking_steps"("guid","recipe_id","order_number","description") VALUES('0535fae2-60a5-4887-ade5-3b9659c8aa82', '1cb4665f-2e8a-4420-b663-a5a14c1cc321', '4', 'Place some of the kale mixture in the bottom of a bowl and top with sliced avocado, some of the roasted cauliflower, a drizzle of the tahini sauce and if desired, sprinkle some cress on the top.');
INSERT INTO "recipe"("guid","title","description") VALUES('b9a39094-21d7-43ab-93b4-abe0d83e25e2', 'Smoky Black Bean Soup With Sweet Potato & Kale', 'You can never have too many main course recipes, so give Smoky Black Bean Soup With Sweet Potato & Kale a try. One serving contains 555 calories, 23g of protein, and 7g of fat. This recipe serves 6. For $2.62 per serving, this recipe covers 41% of your daily requirements of vitamins and minerals. 5 people have tried and liked this recipe. This recipe from Foodista requires chicken broth, onion, black beans, and salt & pepper. From preparation to the plate, this recipe takes around 10 hours and 30 minutes. It can be enjoyed any time, but it is especially good for Autumn. It is a good option if you''re following a gluten free, dairy free, and lacto ovo vegetarian diet. All things considered, we decided this recipe deserves a spoonacular score of 96%. This score is amazing. Similar recipes include Smoky Sweet Potato and Black Bean Tacos, Smoky Sweet Potato and Black Bean Tacos, and Sweet and Smoky Sriracha Black Bean Soup.');
INSERT INTO "ingredients"("guid","name","dimension") VALUES('519b089b-5bb9-4edf-a9e3-08b450014fd5', 'chicken broth', 'liters') ON CONFLICT (name) DO UPDATE SET name = EXCLUDED.name;
INSERT INTO "recipe_ingredients"("recipe_id","ingredient_id","count") VALUES('b9a39094-21d7-43ab-93b4-abe0d83e25e2', '519b089b-5bb9-4edf-a9e3-08b450014fd5', '1.42');
INSERT INTO "ingredients"("guid","name","dimension") VALUES('d20783e1-aba4-4787-a0d8-2dbc95d0ccd5', 'chipotle chiles', 'Tbsps') ON CONFLICT (name) DO UPDATE SET name = EXCLUDED.name;
INSERT INTO "recipe_ingredients"("recipe_id","ingredient_id","count") VALUES('b9a39094-21d7-43ab-93b4-abe0d83e25e2', 'd20783e1-aba4-4787-a0d8-2dbc95d0ccd5', '3.00');
INSERT INTO "ingredients"("guid","name","dimension") VALUES('018e0cde-a421-4298-b559-56948698b8b0', 'dried black beans', 'grams') ON CONFLICT (name) DO UPDATE SET name = EXCLUDED.name;
INSERT INTO "recipe_ingredients"("recipe_id","ingredient_id","count") VALUES('b9a39094-21d7-43ab-93b4-abe0d83e25e2', '018e0cde-a421-4298-b559-56948698b8b0', '453.59');
INSERT INTO "ingredients"("guid","name","dimension") VALUES('17e245fd-e142-4987-8aeb-e235f22d603f', 'ground cumin', 'Tbsps') ON CONFLICT (name) DO UPDATE SET name = EXCLUDED.name;
INSERT INTO "recipe_ingredients"("recipe_id","ingredient_id","count") VALUES('b9a39094-21d7-43ab-93b4-abe0d83e25e2', '17e245fd-e142-4987-8aeb-e235f22d603f', '2.00');
INSERT INTO "ingredients"("guid","name","dimension") VALUES('65d1ae48-d484-44fa-8b5f-95bc94c831b0', 'kale', 'bunch') ON CONFLICT (name) DO UPDATE SET name = EXCLUDED.name;
INSERT INTO "recipe_ingredients"("recipe_id","ingredient_id","count") VALUES('b9a39094-21d7-43ab-93b4-abe0d83e25e2', '65d1ae48-d484-44fa-8b5f-95bc94c831b0', '1.00');
INSERT INTO "ingredients"("guid","name","dimension") VALUES('903d4219-5d08-479e-85f9-3b1719bd0244', 'olive oil', 'Tbsps') ON CONFLICT (name) DO UPDATE SET name = EXCLUDED.name;
INSERT INTO "recipe_ingredients"("recipe_id","ingredient_id","count") VALUES('b9a39094-21d7-43ab-93b4-abe0d83e25e2', '903d4219-5d08-479e-85f9-3b1719bd0244', '2.00');
INSERT INTO "ingredients"("guid","name","dimension") VALUES('ea4db820-b562-4cff-bc98-bae139a325df', 'onion', '') ON CONFLICT (name) DO UPDATE SET name = EXCLUDED.name;
INSERT INTO "recipe_ingredients"("recipe_id","ingredient_id","count") VALUES('b9a39094-21d7-43ab-93b4-abe0d83e25e2', 'ea4db820-b562-4cff-bc98-bae139a325df', '1.00');
INSERT INTO "ingredients"("guid","name","dimension") VALUES('bd6df831-fb53-48d0-af46-c32ee7488a9b', 'salt and pepper', 'servings') ON CONFLICT (name) DO UPDATE SET name = EXCLUDED.name;
INSERT INTO "recipe_ingredients"("recipe_id","ingredient_id","count") VALUES('b9a39094-21d7-43ab-93b4-abe0d83e25e2', 'bd6df831-fb53-48d0-af46-c32ee7488a9b', '6.00');
INSERT INTO "ingredients"("guid","name","dimension") VALUES('ab4d695e-bdfd-4a99-abf7-947523af2a90', 'sweet potato', 'kgs') ON CONFLICT (name) DO UPDATE SET name = EXCLUDED.name;
INSERT INTO "recipe_ingredients"("recipe_id","ingredient_id","count") VALUES('b9a39094-21d7-43ab-93b4-abe0d83e25e2', 'ab4d695e-bdfd-4a99-abf7-947523af2a90', '1.36');
INSERT INTO "cooking_steps"("guid","recipe_id","order_number","description") VALUES('fe9e4bdf-ba01-4113-816c-7223d08973db', 'b9a39094-21d7-43ab-93b4-abe0d83e25e2', '1', 'Spread the dry beans out on a baking sheet and pick out any pebbles.');
INSERT INTO "cooking_steps"("guid","recipe_id","order_number","description") VALUES('a72748e1-1dd2-42f4-8d42-36eb945475b9', 'b9a39094-21d7-43ab-93b4-abe0d83e25e2', '2', 'Place the beans in a big soup pot, cover with water by 3 inches and allow them to soak overnight or for 6-8 hours, then discard that water. Return the soaked beans to the pot and cover with 3 inches of water again, bring to a boil. Reduce heat to medium low, put the cover on and allow to cook until the beans start to get tender but still firm, about 1 1/2 hours.');
INSERT INTO "cooking_steps"("guid","recipe_id","order_number","description") VALUES('3c2e226d-1446-4620-9285-14d9cff5e16d', 'b9a39094-21d7-43ab-93b4-abe0d83e25e2', '3', 'Drain the beans.');
INSERT INTO "cooking_steps"("guid","recipe_id","order_number","description") VALUES('66c96496-e284-4fcb-a2f4-80bb45b87048', 'b9a39094-21d7-43ab-93b4-abe0d83e25e2', '4', 'Heat the oil in a soup pot over med-high heat.');
INSERT INTO "cooking_steps"("guid","recipe_id","order_number","description") VALUES('a2f02bf8-a5ff-4b44-81aa-c0bea8f11af3', 'b9a39094-21d7-43ab-93b4-abe0d83e25e2', '5', 'Add the onion along with a pinch of salt and saute until softened and golden. Stir in 1 tbsp of ground cumin, add the beans along with the broth or water and bring to a boil. Reduce heat to medium-low, cover and cook for 30 min. Meanwhile peel and chop the sweet potatoes. Wash the kale, remove the stems and chop the leaves.');
INSERT INTO "cooking_steps"("guid","recipe_id","order_number","description") VALUES('a709b567-3bab-41d9-b796-213f059e0342', 'b9a39094-21d7-43ab-93b4-abe0d83e25e2', '6', 'Remove half of the beans and liquid and set aside to cool a bit.');
INSERT INTO "cooking_steps"("guid","recipe_id","order_number","description") VALUES('43180dcd-4d4b-4ace-a22b-35d120b7520a', 'b9a39094-21d7-43ab-93b4-abe0d83e25e2', '7', 'Add the sweet potatoes and kale to the pot with some salt and pepper. Cover and cook for 10 minutes.');
INSERT INTO "cooking_steps"("guid","recipe_id","order_number","description") VALUES('7cb5ae06-03b6-48a6-b159-e2270a9ba9aa', 'b9a39094-21d7-43ab-93b4-abe0d83e25e2', '8', 'Transfer the cooled beans to a blender and puree until smooth, then return them to the pot. Stir in the remaining 1 tbsp of ground cumin. Now add 1 tbsp of the chipotles in adobo. Taste and continue to add more until it has a spice level that you like. Adjust the salt &amp; pepper as needed.');
INSERT INTO "cooking_steps"("guid","recipe_id","order_number","description") VALUES('8c3dd1ef-7955-490f-bc55-dc53beff75a4', 'b9a39094-21d7-43ab-93b4-abe0d83e25e2', '9', 'Serve with a dollop of sour cream.');
INSERT INTO "recipe"("guid","title","description") VALUES('5edf93f2-5920-4398-b3ad-4992d92ccf75', 'Chorizo and Beef Quinoa Stuffed Pepper', 'Chorizo and Beef Quinoa Stuffed Pepper is a gluten free main course. One portion of this dish contains approximately 51g of protein, 37g of fat, and a total of 685 calories. This recipe serves 4 and costs $3.69 per serving. Plenty of people made this recipe, and 1254 would say it hit the spot. It is brought to you by Pink When. If you have bell peppers, chorizo, chili powder, and a few other ingredients on hand, you can make it. From preparation to the plate, this recipe takes approximately 30 minutes. With a spoonacular score of 93%, this dish is super. Similar recipes include Pepper-Stuffed Peppers with Chorizo, Chorizo & Red Pepper Stuffed Potatoes With Roasted Garlic Aioli, and QUINOAn AND GROUND TURKEY STUFFED PEPPER.');
INSERT INTO "ingredients"("guid","name","dimension") VALUES('20a9876f-1d82-4ec6-bbe2-0dee11d999dc', 'bell pepper', 'servings') ON CONFLICT (name) DO UPDATE SET name = EXCLUDED.name;
INSERT INTO "recipe_ingredients"("recipe_id","ingredient_id","count") VALUES('5edf93f2-5920-4398-b3ad-4992d92ccf75', '20a9876f-1d82-4ec6-bbe2-0dee11d999dc', '4.00');
INSERT INTO "ingredients"("guid","name","dimension") VALUES('854304b5-2e31-4b0a-83bd-5480297b3e54', 'ground cayenne pepper', 'teaspoons') ON CONFLICT (name) DO UPDATE SET name = EXCLUDED.name;
INSERT INTO "recipe_ingredients"("recipe_id","ingredient_id","count") VALUES('5edf93f2-5920-4398-b3ad-4992d92ccf75', '854304b5-2e31-4b0a-83bd-5480297b3e54', '0.50');
INSERT INTO "ingredients"("guid","name","dimension") VALUES('d7941077-6fc4-4296-a771-e9151b70e7a3', 'chili powder', 'teaspoons') ON CONFLICT (name) DO UPDATE SET name = EXCLUDED.name;
INSERT INTO "recipe_ingredients"("recipe_id","ingredient_id","count") VALUES('5edf93f2-5920-4398-b3ad-4992d92ccf75', 'd7941077-6fc4-4296-a771-e9151b70e7a3', '0.25');
INSERT INTO "ingredients"("guid","name","dimension") VALUES('b0058b72-afec-4199-8de3-0f9b4eaf89d4', 'spanish chorizo', 'grams') ON CONFLICT (name) DO UPDATE SET name = EXCLUDED.name;
INSERT INTO "recipe_ingredients"("recipe_id","ingredient_id","count") VALUES('5edf93f2-5920-4398-b3ad-4992d92ccf75', 'b0058b72-afec-4199-8de3-0f9b4eaf89d4', '453.59');
INSERT INTO "ingredients"("guid","name","dimension") VALUES('f3f6f1ce-3424-4e70-8269-1961d3cf1265', 'cumin', 'teaspoons') ON CONFLICT (name) DO UPDATE SET name = EXCLUDED.name;
INSERT INTO "recipe_ingredients"("recipe_id","ingredient_id","count") VALUES('5edf93f2-5920-4398-b3ad-4992d92ccf75', 'f3f6f1ce-3424-4e70-8269-1961d3cf1265', '0.25');
INSERT INTO "ingredients"("guid","name","dimension") VALUES('bae5d8c1-26a3-4c71-a5c6-226558e8047f', 'spring onions', 'servings') ON CONFLICT (name) DO UPDATE SET name = EXCLUDED.name;
INSERT INTO "recipe_ingredients"("recipe_id","ingredient_id","count") VALUES('5edf93f2-5920-4398-b3ad-4992d92ccf75', 'bae5d8c1-26a3-4c71-a5c6-226558e8047f', '4.00');
INSERT INTO "ingredients"("guid","name","dimension") VALUES('b2d8cdb1-facd-459d-ba18-36b45e23af37', 'monterey jack cheese', 'milliliters') ON CONFLICT (name) DO UPDATE SET name = EXCLUDED.name;
INSERT INTO "recipe_ingredients"("recipe_id","ingredient_id","count") VALUES('5edf93f2-5920-4398-b3ad-4992d92ccf75', 'b2d8cdb1-facd-459d-ba18-36b45e23af37', '59.15');
INSERT INTO "ingredients"("guid","name","dimension") VALUES('eff5b75b-07a6-4232-8708-bc7bf095a8ef', '95 percent lean ground beef', 'grams') ON CONFLICT (name) DO UPDATE SET name = EXCLUDED.name;
INSERT INTO "recipe_ingredients"("recipe_id","ingredient_id","count") VALUES('5edf93f2-5920-4398-b3ad-4992d92ccf75', 'eff5b75b-07a6-4232-8708-bc7bf095a8ef', '453.59');
INSERT INTO "ingredients"("guid","name","dimension") VALUES('cc5fe1b7-a5b3-4ef7-89e8-7003ed513435', 'quinoa', 'milliliters') ON CONFLICT (name) DO UPDATE SET name = EXCLUDED.name;
INSERT INTO "recipe_ingredients"("recipe_id","ingredient_id","count") VALUES('5edf93f2-5920-4398-b3ad-4992d92ccf75', 'cc5fe1b7-a5b3-4ef7-89e8-7003ed513435', '236.59');
INSERT INTO "cooking_steps"("guid","recipe_id","order_number","description") VALUES('87fb44c2-7f45-4f6e-ba62-4812d5ba8690', '5edf93f2-5920-4398-b3ad-4992d92ccf75', '1', 'The first thing you will want to do is heat the oven to 350, boil the water for the quinoa, and in a separate skillet brown the beef and chorizo together.');
INSERT INTO "cooking_steps"("guid","recipe_id","order_number","description") VALUES('761fa213-fde9-466e-8239-2e8aa49feb35', '5edf93f2-5920-4398-b3ad-4992d92ccf75', '2', 'Drain the meat mixture well, and then place into a medium mixing bowl.Once your quinoa is fully cooked, add it to the mixing bowl.');
INSERT INTO "cooking_steps"("guid","recipe_id","order_number","description") VALUES('cb09c2db-6b17-45cd-a738-4306527a9c60', '5edf93f2-5920-4398-b3ad-4992d92ccf75', '3', 'Add the green onion tops, cumin, cayenne, chili powder, and monterrey jack and cheddar cheese.');
INSERT INTO "cooking_steps"("guid","recipe_id","order_number","description") VALUES('112f237a-875b-441c-ba74-d41e63953676', '5edf93f2-5920-4398-b3ad-4992d92ccf75', '4', 'Mix well.');
INSERT INTO "cooking_steps"("guid","recipe_id","order_number","description") VALUES('585c427f-532c-4359-9933-c406f36eb0e2', '5edf93f2-5920-4398-b3ad-4992d92ccf75', '5', 'Cut the tops from your bell peppers and scoop out any remaining seeds.Then take your meat mixture and start stuffing the bell peppers until they are full.');
INSERT INTO "cooking_steps"("guid","recipe_id","order_number","description") VALUES('44d327e9-0474-40c7-9d6b-c27b2752b922', '5edf93f2-5920-4398-b3ad-4992d92ccf75', '6', 'Sprinkle with a little cheese and then bake in the oven for about 10 minutes until the bell pepper has softened.');
INSERT INTO "cooking_steps"("guid","recipe_id","order_number","description") VALUES('d07be092-baa7-4b23-905c-2dabb373ce33', '5edf93f2-5920-4398-b3ad-4992d92ccf75', '7', 'Serve immediately.');
INSERT INTO "recipe"("guid","title","description") VALUES('b22b47d0-51c2-488b-945c-699edb6f720d', 'Alouette® Stuffed Mushroom Caps', 'You can never have too many hor d''oeuvre recipes, so give Alouette® Stuffed Mushroom Caps a try. Watching your figure? This dairy free, lacto ovo vegetarian, and vegan recipe has 30 calories, 2g of protein, and 0g of fat per serving. This recipe serves 8. For $1.5 per serving, this recipe covers 11% of your daily requirements of vitamins and minerals. From preparation to the plate, this recipe takes about 45 minutes. A couple people made this recipe, and 11 would say it hit the spot. Head to the store and pick up seasoned bread crumbs, mushroom caps, alouette spinach & artichoke spread, and a few other things to make it today. It is brought to you by Foodista. Taking all factors into account, this recipe earns a spoonacular score of 96%, which is great. Try Stuffed Mushroom Caps, Stuffed Mushroom Caps, and Stuffed White Mushroom Caps for similar recipes.');
INSERT INTO "ingredients"("guid","name","dimension") VALUES('44b25f0f-8ad4-46a1-b0e8-b59438db6824', 'seasoned breadcrumbs', 'Tbsps') ON CONFLICT (name) DO UPDATE SET name = EXCLUDED.name;
INSERT INTO "recipe_ingredients"("recipe_id","ingredient_id","count") VALUES('b22b47d0-51c2-488b-945c-699edb6f720d', '44b25f0f-8ad4-46a1-b0e8-b59438db6824', '3.00');
INSERT INTO "ingredients"("guid","name","dimension") VALUES('ba60fc35-c206-4f51-8750-27ca902303af', 'shiitake mushrooms', '') ON CONFLICT (name) DO UPDATE SET name = EXCLUDED.name;
INSERT INTO "recipe_ingredients"("recipe_id","ingredient_id","count") VALUES('b22b47d0-51c2-488b-945c-699edb6f720d', 'ba60fc35-c206-4f51-8750-27ca902303af', '18.00');
INSERT INTO "ingredients"("guid","name","dimension") VALUES('dbc919c2-5ad7-4841-956b-e8ade5c102a6', 'spinach', 'grams') ON CONFLICT (name) DO UPDATE SET name = EXCLUDED.name;
INSERT INTO "recipe_ingredients"("recipe_id","ingredient_id","count") VALUES('b22b47d0-51c2-488b-945c-699edb6f720d', 'dbc919c2-5ad7-4841-956b-e8ade5c102a6', '184.27');
INSERT INTO "cooking_steps"("guid","recipe_id","order_number","description") VALUES('20e3146c-a595-46a6-947b-93960ad7bee0', 'b22b47d0-51c2-488b-945c-699edb6f720d', '1', 'Preheat oven to 375 F.');
INSERT INTO "cooking_steps"("guid","recipe_id","order_number","description") VALUES('f1a532e7-57f5-4d4b-b928-65af5d40f7fd', 'b22b47d0-51c2-488b-945c-699edb6f720d', '2', 'Place mushroom caps hollow side up on baking sheet. Fill each cap with 1 tsp. Alouette Garlic & Herbs');
INSERT INTO "cooking_steps"("guid","recipe_id","order_number","description") VALUES('ace04063-18d9-4ffb-945e-5ce4bfd37c6e', 'b22b47d0-51c2-488b-945c-699edb6f720d', '3', 'Spreadable Cheese and sprinkle with seasoned bread crumbs.');
INSERT INTO "cooking_steps"("guid","recipe_id","order_number","description") VALUES('1e72943c-aa83-42d3-be65-b5f5c2ed0cf8', 'b22b47d0-51c2-488b-945c-699edb6f720d', '4', 'Bake 12-15 minutes.');
INSERT INTO "cooking_steps"("guid","recipe_id","order_number","description") VALUES('f2270e3b-4edb-4038-b3de-8c0f6afaecb7', 'b22b47d0-51c2-488b-945c-699edb6f720d', '5', 'Garnish and serve.');
INSERT INTO "recipe"("guid","title","description") VALUES('c0226c53-2cc6-4027-afe0-7870b3eb6c1d', 'Coffee-braised Short Ribs', 'Need a gluten free and dairy free main course? Coffee-braised Short Ribs could be a great recipe to try. One portion of this dish contains approximately 74g of protein, 42g of fat, and a total of 877 calories. For $7.05 per serving, this recipe covers 64% of your daily requirements of vitamins and minerals. This recipe serves 5. 6 people have made this recipe and would make it again. A mixture of strong freshly coffee, short, brown sugar, and a handful of other ingredients are all it takes to make this recipe so delicious. From preparation to the plate, this recipe takes approximately 45 minutes. It is brought to you by Foodista. Taking all factors into account, this recipe earns a spoonacular score of 90%, which is spectacular. If you like this recipe, take a look at these similar recipes: Coffee-Braised Short Ribs, Coffee-braised Short Ribs, and Coffee-Braised Short Ribs.');
INSERT INTO "ingredients"("guid","name","dimension") VALUES('0fdc7ffb-dc5c-44aa-96c7-898639cffefa', 'ancho chili powder', 'Tbsps') ON CONFLICT (name) DO UPDATE SET name = EXCLUDED.name;
INSERT INTO "recipe_ingredients"("recipe_id","ingredient_id","count") VALUES('c0226c53-2cc6-4027-afe0-7870b3eb6c1d', '0fdc7ffb-dc5c-44aa-96c7-898639cffefa', '1.50');
INSERT INTO "ingredients"("guid","name","dimension") VALUES('5bc37a5c-6b20-4903-b227-ba2ae14d4b1d', 'canned diced tomatoes', '') ON CONFLICT (name) DO UPDATE SET name = EXCLUDED.name;
INSERT INTO "recipe_ingredients"("recipe_id","ingredient_id","count") VALUES('c0226c53-2cc6-4027-afe0-7870b3eb6c1d', '5bc37a5c-6b20-4903-b227-ba2ae14d4b1d', '14.00');
INSERT INTO "ingredients"("guid","name","dimension") VALUES('b445c9a6-7d67-411c-8a5f-8f04340db745', 'dark brown sugar', 'Tbsps') ON CONFLICT (name) DO UPDATE SET name = EXCLUDED.name;
INSERT INTO "recipe_ingredients"("recipe_id","ingredient_id","count") VALUES('c0226c53-2cc6-4027-afe0-7870b3eb6c1d', 'b445c9a6-7d67-411c-8a5f-8f04340db745', '2.00');
INSERT INTO "ingredients"("guid","name","dimension") VALUES('246b1fe9-2ff9-46fa-941e-12c502a98a40', 'cilantro', 'servings') ON CONFLICT (name) DO UPDATE SET name = EXCLUDED.name;
INSERT INTO "recipe_ingredients"("recipe_id","ingredient_id","count") VALUES('c0226c53-2cc6-4027-afe0-7870b3eb6c1d', '246b1fe9-2ff9-46fa-941e-12c502a98a40', '5.00');
INSERT INTO "ingredients"("guid","name","dimension") VALUES('cc09f6f1-b71e-4c8f-89c5-625b1effb1d3', 'whole garlic cloves', '') ON CONFLICT (name) DO UPDATE SET name = EXCLUDED.name;
INSERT INTO "recipe_ingredients"("recipe_id","ingredient_id","count") VALUES('c0226c53-2cc6-4027-afe0-7870b3eb6c1d', 'cc09f6f1-b71e-4c8f-89c5-625b1effb1d3', '6.00');
INSERT INTO "ingredients"("guid","name","dimension") VALUES('17e245fd-e142-4987-8aeb-e235f22d603f', 'ground cumin', 'teaspoons') ON CONFLICT (name) DO UPDATE SET name = EXCLUDED.name;
INSERT INTO "recipe_ingredients"("recipe_id","ingredient_id","count") VALUES('c0226c53-2cc6-4027-afe0-7870b3eb6c1d', '17e245fd-e142-4987-8aeb-e235f22d603f', '1.25');
INSERT INTO "ingredients"("guid","name","dimension") VALUES('6bab6e8a-8f7c-4cdf-a6aa-43070a6d235e', 'jalapeno pepper', 'large') ON CONFLICT (name) DO UPDATE SET name = EXCLUDED.name;
INSERT INTO "recipe_ingredients"("recipe_id","ingredient_id","count") VALUES('c0226c53-2cc6-4027-afe0-7870b3eb6c1d', '6bab6e8a-8f7c-4cdf-a6aa-43070a6d235e', '1.00');
INSERT INTO "ingredients"("guid","name","dimension") VALUES('903d4219-5d08-479e-85f9-3b1719bd0244', 'olive oil', 'Tbsps') ON CONFLICT (name) DO UPDATE SET name = EXCLUDED.name;
INSERT INTO "recipe_ingredients"("recipe_id","ingredient_id","count") VALUES('c0226c53-2cc6-4027-afe0-7870b3eb6c1d', '903d4219-5d08-479e-85f9-3b1719bd0244', '2.00');
INSERT INTO "ingredients"("guid","name","dimension") VALUES('ae7510d7-84f1-47ba-a5df-9e72883783f8', 'oregano', 'teaspoons') ON CONFLICT (name) DO UPDATE SET name = EXCLUDED.name;
INSERT INTO "recipe_ingredients"("recipe_id","ingredient_id","count") VALUES('c0226c53-2cc6-4027-afe0-7870b3eb6c1d', 'ae7510d7-84f1-47ba-a5df-9e72883783f8', '2.00');
INSERT INTO "ingredients"("guid","name","dimension") VALUES('9ac231c6-e619-4f8c-a5c1-05c6f8a4e2f5', 'red pepper', 'large') ON CONFLICT (name) DO UPDATE SET name = EXCLUDED.name;
INSERT INTO "recipe_ingredients"("recipe_id","ingredient_id","count") VALUES('c0226c53-2cc6-4027-afe0-7870b3eb6c1d', '9ac231c6-e619-4f8c-a5c1-05c6f8a4e2f5', '1.00');
INSERT INTO "ingredients"("guid","name","dimension") VALUES('1f03ed62-f6fb-4305-b2fc-651e2b7e7695', 'bone in beef short ribs', 'kgs') ON CONFLICT (name) DO UPDATE SET name = EXCLUDED.name;
INSERT INTO "recipe_ingredients"("recipe_id","ingredient_id","count") VALUES('c0226c53-2cc6-4027-afe0-7870b3eb6c1d', '1f03ed62-f6fb-4305-b2fc-651e2b7e7695', '2.27');
INSERT INTO "ingredients"("guid","name","dimension") VALUES('9598a971-5dc3-44d5-bbc6-9e5e65cfa591', 'coffee', 'milliliters') ON CONFLICT (name) DO UPDATE SET name = EXCLUDED.name;
INSERT INTO "recipe_ingredients"("recipe_id","ingredient_id","count") VALUES('c0226c53-2cc6-4027-afe0-7870b3eb6c1d', '9598a971-5dc3-44d5-bbc6-9e5e65cfa591', '473.18');
INSERT INTO "ingredients"("guid","name","dimension") VALUES('8ee1a816-aa38-46b9-932b-8765e6f860f5', 'tomato paste', 'Tbsp') ON CONFLICT (name) DO UPDATE SET name = EXCLUDED.name;
INSERT INTO "recipe_ingredients"("recipe_id","ingredient_id","count") VALUES('c0226c53-2cc6-4027-afe0-7870b3eb6c1d', '8ee1a816-aa38-46b9-932b-8765e6f860f5', '1.00');
INSERT INTO "ingredients"("guid","name","dimension") VALUES('e12e1313-0abb-4e9a-acbb-d69dc0420420', 'yellow onion', 'large') ON CONFLICT (name) DO UPDATE SET name = EXCLUDED.name;
INSERT INTO "recipe_ingredients"("recipe_id","ingredient_id","count") VALUES('c0226c53-2cc6-4027-afe0-7870b3eb6c1d', 'e12e1313-0abb-4e9a-acbb-d69dc0420420', '1.00');
INSERT INTO "cooking_steps"("guid","recipe_id","order_number","description") VALUES('1976a842-a8c4-4aa2-a271-aac5eaddba8b', 'c0226c53-2cc6-4027-afe0-7870b3eb6c1d', '1', 'Food');
INSERT INTO "cooking_steps"("guid","recipe_id","order_number","description") VALUES('1bdf7462-2658-44d6-92b2-6fe517ebcf28', 'c0226c53-2cc6-4027-afe0-7870b3eb6c1d', '2', 'Preheat oven to 300F.');
INSERT INTO "cooking_steps"("guid","recipe_id","order_number","description") VALUES('d42b9a29-ddc4-48fe-addd-94777471095e', 'c0226c53-2cc6-4027-afe0-7870b3eb6c1d', '3', 'Heat oil in a large heavy stockpot over medium-high heat.');
INSERT INTO "cooking_steps"("guid","recipe_id","order_number","description") VALUES('a1d735d6-9f5c-4a18-a66d-55a77bda9ab2', 'c0226c53-2cc6-4027-afe0-7870b3eb6c1d', '4', 'Sprinkle short ribs with salt and pepper. Working in batches, add ribs to pot and cook until browned, about 4 minutes per side.');
INSERT INTO "cooking_steps"("guid","recipe_id","order_number","description") VALUES('16246be4-c65c-4305-917e-64b37efa21f4', 'c0226c53-2cc6-4027-afe0-7870b3eb6c1d', '5', 'Transfer to platter.');
INSERT INTO "cooking_steps"("guid","recipe_id","order_number","description") VALUES('391ee49c-8641-42ca-a2ce-4c7f431dec93', 'c0226c53-2cc6-4027-afe0-7870b3eb6c1d', '6', 'Add onion, red bell pepper, and jalapeo to drippings in stockpot. Reduce heat to medium, cover, and cook until onion is tender, stirring occasionally, about 6 minutes.Stir in garlic and saut uncovered 1 minute.');
INSERT INTO "cooking_steps"("guid","recipe_id","order_number","description") VALUES('12f11fd4-b1a2-4434-a3c5-a256d223d351', 'c0226c53-2cc6-4027-afe0-7870b3eb6c1d', '7', 'Add brown sugar, ancho chile powder, oregano, and cumin; stir 15 seconds. Stir in coffee, tomatoes with juice, and tomato paste. Bring to boil, scraping up browned bits. Return ribs and any juices to pot; bring to boil.Cover and bake until meat is very tender, about 1 hour 45 minutes. Spoon fat from surface of sauce. Season sauce to taste with salt and pepper.');
INSERT INTO "cooking_steps"("guid","recipe_id","order_number","description") VALUES('9c1c2882-d3c4-4582-bc0a-aa9c25db8544', 'c0226c53-2cc6-4027-afe0-7870b3eb6c1d', '8', 'Transfer ribs to a platter and spoon sauce over top.');
INSERT INTO "cooking_steps"("guid","recipe_id","order_number","description") VALUES('da1e6543-8486-47b2-971f-d68a7a3b648f', 'c0226c53-2cc6-4027-afe0-7870b3eb6c1d', '9', 'Sprinkle with chopped cilantro.');
INSERT INTO "recipe"("guid","title","description") VALUES('0911c45f-268a-4105-9ba5-7bd7a963cf74', 'Herb chicken with sweet potato mash and sautéed broccoli', 'Herb chicken with sweet potato mash and sautéed broccoli might be a good recipe to expand your main course recipe box. One portion of this dish contains roughly 47g of protein, 25g of fat, and a total of 710 calories. For $3.13 per serving, this recipe covers 50% of your daily requirements of vitamins and minerals. This recipe serves 4. 9 people have made this recipe and would make it again. Head to the store and pick up broccoli, butter, pepper and salt, and a few other things to make it today. It is a good option if you''re following a gluten free diet. It is brought to you by Foodista. From preparation to the plate, this recipe takes around 45 minutes. Taking all factors into account, this recipe earns a spoonacular score of 95%, which is awesome. Try Herb chicken with sweet potato mash and sautéed broccoli, Herb chicken with sweet potato mash and sautéed broccoli, and Herb chicken with sweet potato mash and sautéed broccoli for similar recipes.');
INSERT INTO "ingredients"("guid","name","dimension") VALUES('8afe6bc8-22d0-4467-882f-e3b1c49bb223', 'broccoli', 'medium head') ON CONFLICT (name) DO UPDATE SET name = EXCLUDED.name;
INSERT INTO "recipe_ingredients"("recipe_id","ingredient_id","count") VALUES('0911c45f-268a-4105-9ba5-7bd7a963cf74', '8afe6bc8-22d0-4467-882f-e3b1c49bb223', '1.00');
INSERT INTO "ingredients"("guid","name","dimension") VALUES('19158ba0-913f-4e8e-877a-bf7abefb4c7f', 'lemon basil', 'servings') ON CONFLICT (name) DO UPDATE SET name = EXCLUDED.name;
INSERT INTO "recipe_ingredients"("recipe_id","ingredient_id","count") VALUES('0911c45f-268a-4105-9ba5-7bd7a963cf74', '19158ba0-913f-4e8e-877a-bf7abefb4c7f', '4.00');
INSERT INTO "ingredients"("guid","name","dimension") VALUES('903d4219-5d08-479e-85f9-3b1719bd0244', 'olive oil', 'mLs') ON CONFLICT (name) DO UPDATE SET name = EXCLUDED.name;
INSERT INTO "recipe_ingredients"("recipe_id","ingredient_id","count") VALUES('0911c45f-268a-4105-9ba5-7bd7a963cf74', '903d4219-5d08-479e-85f9-3b1719bd0244', '60.00');
INSERT INTO "ingredients"("guid","name","dimension") VALUES('f6088da0-b486-409e-9aa1-805460b15412', 'russet potato', 'large') ON CONFLICT (name) DO UPDATE SET name = EXCLUDED.name;
INSERT INTO "recipe_ingredients"("recipe_id","ingredient_id","count") VALUES('0911c45f-268a-4105-9ba5-7bd7a963cf74', 'f6088da0-b486-409e-9aa1-805460b15412', '1.00');
INSERT INTO "ingredients"("guid","name","dimension") VALUES('42f28b03-e136-4fc2-b343-5d16cada339d', 'black pepper', 'servings') ON CONFLICT (name) DO UPDATE SET name = EXCLUDED.name;
INSERT INTO "recipe_ingredients"("recipe_id","ingredient_id","count") VALUES('0911c45f-268a-4105-9ba5-7bd7a963cf74', '42f28b03-e136-4fc2-b343-5d16cada339d', '4.00');
INSERT INTO "ingredients"("guid","name","dimension") VALUES('2bc344f3-5d44-463a-9232-094a3499e200', 'boneless skinless chicken breast', 'grams') ON CONFLICT (name) DO UPDATE SET name = EXCLUDED.name;
INSERT INTO "recipe_ingredients"("recipe_id","ingredient_id","count") VALUES('0911c45f-268a-4105-9ba5-7bd7a963cf74', '2bc344f3-5d44-463a-9232-094a3499e200', '680.39');
INSERT INTO "ingredients"("guid","name","dimension") VALUES('ab4d695e-bdfd-4a99-abf7-947523af2a90', 'sweet potato', 'larges') ON CONFLICT (name) DO UPDATE SET name = EXCLUDED.name;
INSERT INTO "recipe_ingredients"("recipe_id","ingredient_id","count") VALUES('0911c45f-268a-4105-9ba5-7bd7a963cf74', 'ab4d695e-bdfd-4a99-abf7-947523af2a90', '3.00');
INSERT INTO "ingredients"("guid","name","dimension") VALUES('6fd5adec-1e69-4303-81cb-9061682a6339', 'unsalted butter', 'Tbsps') ON CONFLICT (name) DO UPDATE SET name = EXCLUDED.name;
INSERT INTO "recipe_ingredients"("recipe_id","ingredient_id","count") VALUES('0911c45f-268a-4105-9ba5-7bd7a963cf74', '6fd5adec-1e69-4303-81cb-9061682a6339', '2.00');
INSERT INTO "cooking_steps"("guid","recipe_id","order_number","description") VALUES('8bdcc5ed-60d7-4663-bc1c-03fc9b0bad57', '0911c45f-268a-4105-9ba5-7bd7a963cf74', '1', 'Preheat the oven to 350F (180C) or 320F (160C) for convection oven and cook the chicken according to the pack instructions. About 15 minutes before the end of the chicken cooking time, place the diced potato into boiling water for 5 minutes, then add the sweet potato and cook until the potatoes are tender. Roughly mash, adding butter, salt, and pepper to taste, then mash thoroughly.');
INSERT INTO "cooking_steps"("guid","recipe_id","order_number","description") VALUES('0329c0be-6e21-42c7-b505-782bfe7eee60', '0911c45f-268a-4105-9ba5-7bd7a963cf74', '2', 'Heat the oil in a pan and quickly saut the broccoli until tender. Cover to keep warm.');
INSERT INTO "cooking_steps"("guid","recipe_id","order_number","description") VALUES('0a5e9188-df85-4844-88f2-ba94a7e4568e', '0911c45f-268a-4105-9ba5-7bd7a963cf74', '3', 'Remove the chicken from the oven, leave to cool for a minute then cut the bag open and gently tip the contents into a dish. Slice the chicken breasts into chunky pieces on a board, keeping the chicken breast shape together.');
INSERT INTO "cooking_steps"("guid","recipe_id","order_number","description") VALUES('4f6904ea-7a3e-45ed-89d6-116fec20ea32', '0911c45f-268a-4105-9ba5-7bd7a963cf74', '4', 'Serve the mash potato topped with the chicken and remaining sauce with a side of broccoli.');
INSERT INTO "recipe"("guid","title","description") VALUES('d138d175-2093-4294-aac8-7f81c7b6d0c7', 'Chicken and Mango Skewer', 'Chicken and Mango Skewer takes roughly 45 minutes from beginning to end. This recipe serves 1 and costs $4.51 per serving. One portion of this dish contains about 31g of protein, 8g of fat, and a total of 479 calories. It is brought to you by Afrolems. A few people made this recipe, and 19 would say it hit the spot. A mixture of pepper, suya seasoning mix, mangos, and a handful of other ingredients are all it takes to make this recipe so scrumptious. It works well as a pretty expensive main course. It is a good option if you''re following a gluten free, dairy free, and whole 30 diet. Overall, this recipe earns a spectacular spoonacular score of 95%. Users who liked this recipe also liked Grilled Chicken Caesar on a Skewer, Thai Chicken Skewer Appetizers with Sweet and Spicy Chili Sauce, and S’more Skewer Bites.');
INSERT INTO "ingredients"("guid","name","dimension") VALUES('2bc630ad-6b72-4783-8f2b-a00413240e3d', 'chicken breast', 'grams') ON CONFLICT (name) DO UPDATE SET name = EXCLUDED.name;
INSERT INTO "recipe_ingredients"("recipe_id","ingredient_id","count") VALUES('d138d175-2093-4294-aac8-7f81c7b6d0c7', '2bc630ad-6b72-4783-8f2b-a00413240e3d', '113.40');
INSERT INTO "ingredients"("guid","name","dimension") VALUES('de455765-157a-44c6-9e3c-eba143058b35', 'chicken base', '') ON CONFLICT (name) DO UPDATE SET name = EXCLUDED.name;
INSERT INTO "recipe_ingredients"("recipe_id","ingredient_id","count") VALUES('d138d175-2093-4294-aac8-7f81c7b6d0c7', 'de455765-157a-44c6-9e3c-eba143058b35', '1.00');
INSERT INTO "ingredients"("guid","name","dimension") VALUES('05940694-a9ea-4020-a33f-88a201e08ec1', 'mango', 'mediums') ON CONFLICT (name) DO UPDATE SET name = EXCLUDED.name;
INSERT INTO "recipe_ingredients"("recipe_id","ingredient_id","count") VALUES('d138d175-2093-4294-aac8-7f81c7b6d0c7', '05940694-a9ea-4020-a33f-88a201e08ec1', '2.00');
INSERT INTO "ingredients"("guid","name","dimension") VALUES('415892c8-6c5f-42ad-9008-6f51537c2293', 'red pepper flakes', 'Tbsp') ON CONFLICT (name) DO UPDATE SET name = EXCLUDED.name;
INSERT INTO "recipe_ingredients"("recipe_id","ingredient_id","count") VALUES('d138d175-2093-4294-aac8-7f81c7b6d0c7', '415892c8-6c5f-42ad-9008-6f51537c2293', '1.00');
INSERT INTO "ingredients"("guid","name","dimension") VALUES('a428386e-0bc5-41df-8f55-4903ea46b352', 'seasoning mix', 'Tbsps') ON CONFLICT (name) DO UPDATE SET name = EXCLUDED.name;
INSERT INTO "recipe_ingredients"("recipe_id","ingredient_id","count") VALUES('d138d175-2093-4294-aac8-7f81c7b6d0c7', 'a428386e-0bc5-41df-8f55-4903ea46b352', '1.50');
INSERT INTO "ingredients"("guid","name","dimension") VALUES('c6618e3b-5775-4aa2-9d98-b8170ee612bf', 'vegetable oil', '') ON CONFLICT (name) DO UPDATE SET name = EXCLUDED.name;
INSERT INTO "recipe_ingredients"("recipe_id","ingredient_id","count") VALUES('d138d175-2093-4294-aac8-7f81c7b6d0c7', 'c6618e3b-5775-4aa2-9d98-b8170ee612bf', '1.00');
INSERT INTO "cooking_steps"("guid","recipe_id","order_number","description") VALUES('896c7dea-34e0-4dd7-a2f8-44b88105446e', 'd138d175-2093-4294-aac8-7f81c7b6d0c7', '1', 'Chop chicken breast into cubes and place on sticks. Set fire to your grill or oven.');
INSERT INTO "cooking_steps"("guid","recipe_id","order_number","description") VALUES('c7215353-199b-4b5d-bf76-3cb2b415c0a8', 'd138d175-2093-4294-aac8-7f81c7b6d0c7', '2', 'Place the chicken breast on the grill to heat up a little');
INSERT INTO "cooking_steps"("guid","recipe_id","order_number","description") VALUES('16c1f40d-6693-47a3-9b2e-48aca00fa4c0', 'd138d175-2093-4294-aac8-7f81c7b6d0c7', '3', 'Mix all your seasoning in a bowl with your vegetable oil.With a brush, smear the mix on the chicken breast on both sides.Flip occasionally as it browns till its cooked. Stack your mangoes after the chicken is done but if your mangoes are firm, you can grill them as well.');
INSERT INTO "cooking_steps"("guid","recipe_id","order_number","description") VALUES('0fc42c72-5292-4271-ba01-1a8966471666', 'd138d175-2093-4294-aac8-7f81c7b6d0c7', '4', 'Serve on its own as an appetizer or with rice.');
INSERT INTO "recipe"("guid","title","description") VALUES('a8b7fd19-484b-4992-80b0-83d7f514bb31', 'Crab Salad Stuffed Pita Pockets', 'Crab Salad Stuffed Pita Pockets takes roughly 25 minutes from beginning to end. One serving contains 418 calories, 39g of protein, and 6g of fat. For $5.9 per serving, this recipe covers 52% of your daily requirements of vitamins and minerals. This recipe serves 2. 8 people found this recipe to be yummy and satisfying. If you have wholewheat pita breads, crabmeat, coriander leaves, and a few other ingredients on hand, you can make it. It is brought to you by Foodista. It is a good option if you''re following a dairy free and pescatarian diet. All things considered, we decided this recipe deserves a spoonacular score of 80%. This score is good. Try Crab Salad in Pita Pockets, Stuff It {: Cobb Salad Stuffed Pita Pockets}, and Zucchini Salad Pita Pockets for similar recipes.');
INSERT INTO "ingredients"("guid","name","dimension") VALUES('ebf0c028-cec8-4fb1-90cc-55bb9d3f0add', 'apple', 'smalls') ON CONFLICT (name) DO UPDATE SET name = EXCLUDED.name;
INSERT INTO "recipe_ingredients"("recipe_id","ingredient_id","count") VALUES('a8b7fd19-484b-4992-80b0-83d7f514bb31', 'ebf0c028-cec8-4fb1-90cc-55bb9d3f0add', '0.50');
INSERT INTO "ingredients"("guid","name","dimension") VALUES('b118fa60-16c5-468c-b283-b033e1ad7944', 'cooked crabmeat', 'grams') ON CONFLICT (name) DO UPDATE SET name = EXCLUDED.name;
INSERT INTO "recipe_ingredients"("recipe_id","ingredient_id","count") VALUES('a8b7fd19-484b-4992-80b0-83d7f514bb31', 'b118fa60-16c5-468c-b283-b033e1ad7944', '300.00');
INSERT INTO "ingredients"("guid","name","dimension") VALUES('a58f47bc-33aa-411c-83cd-5440868a06ba', 'dried cilantro', 'milliliters') ON CONFLICT (name) DO UPDATE SET name = EXCLUDED.name;
INSERT INTO "recipe_ingredients"("recipe_id","ingredient_id","count") VALUES('a8b7fd19-484b-4992-80b0-83d7f514bb31', 'a58f47bc-33aa-411c-83cd-5440868a06ba', '59.15');
INSERT INTO "ingredients"("guid","name","dimension") VALUES('930f02f9-b342-461a-bf9b-5282df38e54c', 'light mayonnaise', 'Tbsps') ON CONFLICT (name) DO UPDATE SET name = EXCLUDED.name;
INSERT INTO "recipe_ingredients"("recipe_id","ingredient_id","count") VALUES('a8b7fd19-484b-4992-80b0-83d7f514bb31', '930f02f9-b342-461a-bf9b-5282df38e54c', '2.00');
INSERT INTO "ingredients"("guid","name","dimension") VALUES('66948c7b-77f1-4a72-86e7-056a228324eb', 'pita', '') ON CONFLICT (name) DO UPDATE SET name = EXCLUDED.name;
INSERT INTO "recipe_ingredients"("recipe_id","ingredient_id","count") VALUES('a8b7fd19-484b-4992-80b0-83d7f514bb31', '66948c7b-77f1-4a72-86e7-056a228324eb', '2.00');
INSERT INTO "ingredients"("guid","name","dimension") VALUES('bd6df831-fb53-48d0-af46-c32ee7488a9b', 'salt and pepper', 'servings') ON CONFLICT (name) DO UPDATE SET name = EXCLUDED.name;
INSERT INTO "recipe_ingredients"("recipe_id","ingredient_id","count") VALUES('a8b7fd19-484b-4992-80b0-83d7f514bb31', 'bd6df831-fb53-48d0-af46-c32ee7488a9b', '2.00');
INSERT INTO "ingredients"("guid","name","dimension") VALUES('886b24df-47d8-4ac8-a539-af0ba4830489', 'watercress', 'handfuls') ON CONFLICT (name) DO UPDATE SET name = EXCLUDED.name;
INSERT INTO "recipe_ingredients"("recipe_id","ingredient_id","count") VALUES('a8b7fd19-484b-4992-80b0-83d7f514bb31', '886b24df-47d8-4ac8-a539-af0ba4830489', '2.00');
INSERT INTO "ingredients"("guid","name","dimension") VALUES('bbb949b9-fa5d-46c1-9d19-736764a93678', 'yellow pepper', 'mediums') ON CONFLICT (name) DO UPDATE SET name = EXCLUDED.name;
INSERT INTO "recipe_ingredients"("recipe_id","ingredient_id","count") VALUES('a8b7fd19-484b-4992-80b0-83d7f514bb31', 'bbb949b9-fa5d-46c1-9d19-736764a93678', '0.25');
INSERT INTO "cooking_steps"("guid","recipe_id","order_number","description") VALUES('e36dc648-4d78-4b02-89e2-e4685f6c5c25', 'a8b7fd19-484b-4992-80b0-83d7f514bb31', '1', 'Mix crabmeat, apple and bell pepper together in a bowl.Season to taste, add coriander and fold mayonnaise through.Toast pita breads until puffed up, then cut open on one side.Stuff with some watercress, then the crab mixture.');
INSERT INTO "cooking_steps"("guid","recipe_id","order_number","description") VALUES('94e1e4d4-936f-424a-b8ac-70dbc3493aa9', 'a8b7fd19-484b-4992-80b0-83d7f514bb31', '2', 'Serve immediately.');
INSERT INTO "recipe"("guid","title","description") VALUES('fd386133-3abe-4e4c-ac86-7cfaf805eb83', 'Easy Roasted Vegetables', 'Easy Roasted Vegetables is a gluten free, dairy free, lacto ovo vegetarian, and whole 30 recipe with 4 servings. One portion of this dish contains about 9g of protein, 4g of fat, and a total of 358 calories. For $1.28 per serving, this recipe covers 30% of your daily requirements of vitamins and minerals. 3 people have tried and liked this recipe. This recipe from Foodista requires butternut squash, paprika, salt & pepper, and olive oil. It works well as a side dish. From preparation to the plate, this recipe takes around 45 minutes. All things considered, we decided this recipe deserves a spoonacular score of 94%. This score is spectacular. Similar recipes include Easy Roasted Vegetables, Easy Roasted Vegetables, and Easy Roasted Summer Vegetables.');
INSERT INTO "ingredients"("guid","name","dimension") VALUES('c7b3fa9f-b9d0-4665-83b3-cbde4b80d356', 'butternut squash', '') ON CONFLICT (name) DO UPDATE SET name = EXCLUDED.name;
INSERT INTO "recipe_ingredients"("recipe_id","ingredient_id","count") VALUES('fd386133-3abe-4e4c-ac86-7cfaf805eb83', 'c7b3fa9f-b9d0-4665-83b3-cbde4b80d356', '0.50');
INSERT INTO "ingredients"("guid","name","dimension") VALUES('f0428c12-109f-49ce-a67a-4a970ab7d7c4', 'red beet', '') ON CONFLICT (name) DO UPDATE SET name = EXCLUDED.name;
INSERT INTO "recipe_ingredients"("recipe_id","ingredient_id","count") VALUES('fd386133-3abe-4e4c-ac86-7cfaf805eb83', 'f0428c12-109f-49ce-a67a-4a970ab7d7c4', '3.00');
INSERT INTO "ingredients"("guid","name","dimension") VALUES('646309da-098a-461a-915a-a8802770ce02', 'potato', '') ON CONFLICT (name) DO UPDATE SET name = EXCLUDED.name;
INSERT INTO "recipe_ingredients"("recipe_id","ingredient_id","count") VALUES('fd386133-3abe-4e4c-ac86-7cfaf805eb83', '646309da-098a-461a-915a-a8802770ce02', '6.00');
INSERT INTO "ingredients"("guid","name","dimension") VALUES('903d4219-5d08-479e-85f9-3b1719bd0244', 'olive oil', 'Tbsp') ON CONFLICT (name) DO UPDATE SET name = EXCLUDED.name;
INSERT INTO "recipe_ingredients"("recipe_id","ingredient_id","count") VALUES('fd386133-3abe-4e4c-ac86-7cfaf805eb83', '903d4219-5d08-479e-85f9-3b1719bd0244', '1.00');
INSERT INTO "ingredients"("guid","name","dimension") VALUES('460855c9-0450-46df-b20f-71b2ecf50bd9', 'paprika', 'Tbsps') ON CONFLICT (name) DO UPDATE SET name = EXCLUDED.name;
INSERT INTO "recipe_ingredients"("recipe_id","ingredient_id","count") VALUES('fd386133-3abe-4e4c-ac86-7cfaf805eb83', '460855c9-0450-46df-b20f-71b2ecf50bd9', '2.00');
INSERT INTO "ingredients"("guid","name","dimension") VALUES('2189ab28-5b76-443d-ba95-8ef2cb269bb2', 'dried basil', 'Tbsps') ON CONFLICT (name) DO UPDATE SET name = EXCLUDED.name;
INSERT INTO "recipe_ingredients"("recipe_id","ingredient_id","count") VALUES('fd386133-3abe-4e4c-ac86-7cfaf805eb83', '2189ab28-5b76-443d-ba95-8ef2cb269bb2', '2.00');
INSERT INTO "ingredients"("guid","name","dimension") VALUES('bd6df831-fb53-48d0-af46-c32ee7488a9b', 'salt and pepper', 'servings') ON CONFLICT (name) DO UPDATE SET name = EXCLUDED.name;
INSERT INTO "recipe_ingredients"("recipe_id","ingredient_id","count") VALUES('fd386133-3abe-4e4c-ac86-7cfaf805eb83', 'bd6df831-fb53-48d0-af46-c32ee7488a9b', '4.00');
INSERT INTO "cooking_steps"("guid","recipe_id","order_number","description") VALUES('3effe81c-ed3e-4d96-afd5-79f1a6436552', 'fd386133-3abe-4e4c-ac86-7cfaf805eb83', '1', 'Preheat oven to 200 degrees Celsius (fan: 180 degrees Celsius)');
INSERT INTO "cooking_steps"("guid","recipe_id","order_number","description") VALUES('ed2d8372-9d6a-405d-ac34-cda2f8c4722b', 'fd386133-3abe-4e4c-ac86-7cfaf805eb83', '2', 'Peel and cut the vegetables into bite size pieces (the potatoes dont necessarily need to be peeled).');
INSERT INTO "cooking_steps"("guid","recipe_id","order_number","description") VALUES('20d04b08-1fd7-44fe-a318-7318d6c19a0a', 'fd386133-3abe-4e4c-ac86-7cfaf805eb83', '3', 'Mix the olive oil, paprika, dried basil, salt and pepper in a large bowl before adding the vegetables.');
INSERT INTO "cooking_steps"("guid","recipe_id","order_number","description") VALUES('1dceb5d7-4cac-41d2-8bcf-7c9917f32b35', 'fd386133-3abe-4e4c-ac86-7cfaf805eb83', '4', 'Mix everything together well.');
INSERT INTO "cooking_steps"("guid","recipe_id","order_number","description") VALUES('5fe6dbb9-4f7e-4a6c-a3c6-452f471e24a0', 'fd386133-3abe-4e4c-ac86-7cfaf805eb83', '5', 'Place the vegetables on a large baking tray/baking dish. Make sure they are spread out evenly. Aim for single layer.');
INSERT INTO "cooking_steps"("guid","recipe_id","order_number","description") VALUES('798a010d-9620-405e-a196-2c67155d0e8a', 'fd386133-3abe-4e4c-ac86-7cfaf805eb83', '6', 'Cook the vegetables in the oven for about 30 minutes. They should be tender but still have a slight bite to them.');
INSERT INTO "recipe"("guid","title","description") VALUES('cd28a78b-f222-4b1e-ba48-062a513ef37f', 'Turkish Chicken Salad with Home-made Cacik Yogurt Sauce', 'You can never have too many main course recipes, so give Turkish Chicken Salad with Home-made Cacik Yogurt Sauce a try. This recipe serves 4 and costs $4.48 per serving. Watching your figure? This gluten free recipe has 643 calories, 67g of protein, and 30g of fat per serving. 9 people found this recipe to be tasty and satisfying. Head to the store and pick up lebanese cucumber, roast chicken, garlic, and a few other things to make it today. From preparation to the plate, this recipe takes around 45 minutes. It is brought to you by Foodista. All things considered, we decided this recipe deserves a spoonacular score of 95%. This score is outstanding. Similar recipes include Spicy Lamb Kabobs With Turkish Cacik, Jerk Rubbed Chicken Thighs with Home-Made Mango-Habanero Hot Sauce, and Yogurt and Cucumber Dip Cacik.');
INSERT INTO "ingredients"("guid","name","dimension") VALUES('6b9754b0-3c6c-4528-a35f-9d80119ed1aa', 'carrot', '') ON CONFLICT (name) DO UPDATE SET name = EXCLUDED.name;
INSERT INTO "recipe_ingredients"("recipe_id","ingredient_id","count") VALUES('cd28a78b-f222-4b1e-ba48-062a513ef37f', '6b9754b0-3c6c-4528-a35f-9d80119ed1aa', '1.00');
INSERT INTO "ingredients"("guid","name","dimension") VALUES('67a3e6c2-be45-4947-b06f-5f2d1793c01a', 'cucumber', '') ON CONFLICT (name) DO UPDATE SET name = EXCLUDED.name;
INSERT INTO "recipe_ingredients"("recipe_id","ingredient_id","count") VALUES('cd28a78b-f222-4b1e-ba48-062a513ef37f', '67a3e6c2-be45-4947-b06f-5f2d1793c01a', '1.00');
INSERT INTO "ingredients"("guid","name","dimension") VALUES('3f7a39ce-ed38-4809-aea7-8a046670fb05', 'garlic', 'small pieces') ON CONFLICT (name) DO UPDATE SET name = EXCLUDED.name;
INSERT INTO "recipe_ingredients"("recipe_id","ingredient_id","count") VALUES('cd28a78b-f222-4b1e-ba48-062a513ef37f', '3f7a39ce-ed38-4809-aea7-8a046670fb05', '3.00');
INSERT INTO "ingredients"("guid","name","dimension") VALUES('e13351d0-561a-4ba5-b794-e38c4e5843ec', 'gherkins', 'larges') ON CONFLICT (name) DO UPDATE SET name = EXCLUDED.name;
INSERT INTO "recipe_ingredients"("recipe_id","ingredient_id","count") VALUES('cd28a78b-f222-4b1e-ba48-062a513ef37f', 'e13351d0-561a-4ba5-b794-e38c4e5843ec', '2.00');
INSERT INTO "ingredients"("guid","name","dimension") VALUES('6bab6e8a-8f7c-4cdf-a6aa-43070a6d235e', 'jalapeno pepper', 'larges') ON CONFLICT (name) DO UPDATE SET name = EXCLUDED.name;
INSERT INTO "recipe_ingredients"("recipe_id","ingredient_id","count") VALUES('cd28a78b-f222-4b1e-ba48-062a513ef37f', '6bab6e8a-8f7c-4cdf-a6aa-43070a6d235e', '2.00');
INSERT INTO "ingredients"("guid","name","dimension") VALUES('9310a5ee-a22e-4ea4-b985-7b23c5ff8baa', 'lemon juice', '') ON CONFLICT (name) DO UPDATE SET name = EXCLUDED.name;
INSERT INTO "recipe_ingredients"("recipe_id","ingredient_id","count") VALUES('cd28a78b-f222-4b1e-ba48-062a513ef37f', '9310a5ee-a22e-4ea4-b985-7b23c5ff8baa', '1.00');
INSERT INTO "ingredients"("guid","name","dimension") VALUES('44db55b4-9bf9-4037-81ed-037f4b306936', 'lebanese cucumber', 'small') ON CONFLICT (name) DO UPDATE SET name = EXCLUDED.name;
INSERT INTO "recipe_ingredients"("recipe_id","ingredient_id","count") VALUES('cd28a78b-f222-4b1e-ba48-062a513ef37f', '44db55b4-9bf9-4037-81ed-037f4b306936', '1.00');
INSERT INTO "ingredients"("guid","name","dimension") VALUES('9310a5ee-a22e-4ea4-b985-7b23c5ff8baa', 'lemon juice', 'servings') ON CONFLICT (name) DO UPDATE SET name = EXCLUDED.name;
INSERT INTO "recipe_ingredients"("recipe_id","ingredient_id","count") VALUES('cd28a78b-f222-4b1e-ba48-062a513ef37f', '9310a5ee-a22e-4ea4-b985-7b23c5ff8baa', '4.00');
INSERT INTO "ingredients"("guid","name","dimension") VALUES('1f8b0d3f-8ebb-422e-8c86-7e35dc5e82e2', 'lettuce', 'large head') ON CONFLICT (name) DO UPDATE SET name = EXCLUDED.name;
INSERT INTO "recipe_ingredients"("recipe_id","ingredient_id","count") VALUES('cd28a78b-f222-4b1e-ba48-062a513ef37f', '1f8b0d3f-8ebb-422e-8c86-7e35dc5e82e2', '1.00');
INSERT INTO "ingredients"("guid","name","dimension") VALUES('903d4219-5d08-479e-85f9-3b1719bd0244', 'olive oil', 'milliliters') ON CONFLICT (name) DO UPDATE SET name = EXCLUDED.name;
INSERT INTO "recipe_ingredients"("recipe_id","ingredient_id","count") VALUES('cd28a78b-f222-4b1e-ba48-062a513ef37f', '903d4219-5d08-479e-85f9-3b1719bd0244', '236.59');
INSERT INTO "ingredients"("guid","name","dimension") VALUES('27c079a0-03ea-45db-a14e-9df91e41d93d', 'parsley', 'Handful') ON CONFLICT (name) DO UPDATE SET name = EXCLUDED.name;
INSERT INTO "recipe_ingredients"("recipe_id","ingredient_id","count") VALUES('cd28a78b-f222-4b1e-ba48-062a513ef37f', '27c079a0-03ea-45db-a14e-9df91e41d93d', '1.00');
INSERT INTO "ingredients"("guid","name","dimension") VALUES('f453ae2e-4311-441e-b606-9c895cbe630c', 'red cabbage', '') ON CONFLICT (name) DO UPDATE SET name = EXCLUDED.name;
INSERT INTO "recipe_ingredients"("recipe_id","ingredient_id","count") VALUES('cd28a78b-f222-4b1e-ba48-062a513ef37f', 'f453ae2e-4311-441e-b606-9c895cbe630c', '0.25');
INSERT INTO "ingredients"("guid","name","dimension") VALUES('07ee04d6-0ddb-4b7d-9cce-84b109d78c35', 'red onion', 'small') ON CONFLICT (name) DO UPDATE SET name = EXCLUDED.name;
INSERT INTO "recipe_ingredients"("recipe_id","ingredient_id","count") VALUES('cd28a78b-f222-4b1e-ba48-062a513ef37f', '07ee04d6-0ddb-4b7d-9cce-84b109d78c35', '1.00');
INSERT INTO "ingredients"("guid","name","dimension") VALUES('b85c1ba3-7f13-41d5-8ada-48c6a0e89912', 'cooked chicken', '') ON CONFLICT (name) DO UPDATE SET name = EXCLUDED.name;
INSERT INTO "recipe_ingredients"("recipe_id","ingredient_id","count") VALUES('cd28a78b-f222-4b1e-ba48-062a513ef37f', 'b85c1ba3-7f13-41d5-8ada-48c6a0e89912', '1.00');
INSERT INTO "ingredients"("guid","name","dimension") VALUES('bd6df831-fb53-48d0-af46-c32ee7488a9b', 'salt and pepper', 'servings') ON CONFLICT (name) DO UPDATE SET name = EXCLUDED.name;
INSERT INTO "recipe_ingredients"("recipe_id","ingredient_id","count") VALUES('cd28a78b-f222-4b1e-ba48-062a513ef37f', 'bd6df831-fb53-48d0-af46-c32ee7488a9b', '4.00');
INSERT INTO "ingredients"("guid","name","dimension") VALUES('103718c9-2e4b-4aaf-af88-5d6090b19faa', 'tomato', '') ON CONFLICT (name) DO UPDATE SET name = EXCLUDED.name;
INSERT INTO "recipe_ingredients"("recipe_id","ingredient_id","count") VALUES('cd28a78b-f222-4b1e-ba48-062a513ef37f', '103718c9-2e4b-4aaf-af88-5d6090b19faa', '2.00');
INSERT INTO "ingredients"("guid","name","dimension") VALUES('11919c64-bae9-455f-be3a-6e0a5d0a505f', 'yogurt', 'milliliters') ON CONFLICT (name) DO UPDATE SET name = EXCLUDED.name;
INSERT INTO "recipe_ingredients"("recipe_id","ingredient_id","count") VALUES('cd28a78b-f222-4b1e-ba48-062a513ef37f', '11919c64-bae9-455f-be3a-6e0a5d0a505f', '250.00');
INSERT INTO "cooking_steps"("guid","recipe_id","order_number","description") VALUES('ec8f0b1e-760f-4a9c-a872-360681cea5c4', 'cd28a78b-f222-4b1e-ba48-062a513ef37f', '1', 'First prepare the Cacik: For the Cacik: Chop the cucumber into tiny pieces, as small as you can, and place in a bowl. Cover the cucumber with salt and set aside for 30 minutes. The cucumbers will start to exude their juices which will flavour the yogurt nicely.');
INSERT INTO "cooking_steps"("guid","recipe_id","order_number","description") VALUES('4d7e719f-8856-479b-a1be-d4e9ecff84fb', 'cd28a78b-f222-4b1e-ba48-062a513ef37f', '2', 'Put a griddle pan on medium  high heat, cover the peppers with olive oil and start to char.');
INSERT INTO "cooking_steps"("guid","recipe_id","order_number","description") VALUES('50ffb6e7-4ea1-4089-82b7-3ededdb4d546', 'cd28a78b-f222-4b1e-ba48-062a513ef37f', '3', 'Cut the tomato and cucumber into medium pieces. Slice the red onion as thin as you can. Chop the parsley fine.');
INSERT INTO "cooking_steps"("guid","recipe_id","order_number","description") VALUES('a627255b-9b10-4e6f-95d1-4efc9b32385c', 'cd28a78b-f222-4b1e-ba48-062a513ef37f', '4', 'Place all ingredients in a bowl and cover with a the juice of 1 lemon. Season with salt and pepper.');
INSERT INTO "cooking_steps"("guid","recipe_id","order_number","description") VALUES('7414b19c-ab43-4220-82fb-1038354e1582', 'cd28a78b-f222-4b1e-ba48-062a513ef37f', '5', 'Let it sit in the fridge for 30 minutes  1 hour, stirring a couple times, so it starts to exude juice.');
INSERT INTO "cooking_steps"("guid","recipe_id","order_number","description") VALUES('a0db7a06-baf8-476d-bb30-2462a63fdc5b', 'cd28a78b-f222-4b1e-ba48-062a513ef37f', '6', 'Tear the lettuce into mouth-siazed peices.');
INSERT INTO "cooking_steps"("guid","recipe_id","order_number","description") VALUES('ffd89659-c748-4997-9189-d0f581f7156d', 'cd28a78b-f222-4b1e-ba48-062a513ef37f', '7', 'Cut the red cabbage into thin slices. Grate the carrot.');
INSERT INTO "cooking_steps"("guid","recipe_id","order_number","description") VALUES('9e6c4793-a412-4935-acab-7bf0e9636dde', 'cd28a78b-f222-4b1e-ba48-062a513ef37f', '8', 'Mix together in a bowl.');
INSERT INTO "cooking_steps"("guid","recipe_id","order_number","description") VALUES('3e40d8b0-2ea6-4a30-9102-b3bec1add790', 'cd28a78b-f222-4b1e-ba48-062a513ef37f', '9', 'Tear the chicken into large pieces and add to the salad.');
INSERT INTO "cooking_steps"("guid","recipe_id","order_number","description") VALUES('e050540a-d886-48ca-9ae8-a25edbc33d7a', 'cd28a78b-f222-4b1e-ba48-062a513ef37f', '10', 'Remove the tomato salsa from the fridge.');
INSERT INTO "cooking_steps"("guid","recipe_id","order_number","description") VALUES('12ab3977-f812-467b-9cfc-68b2d94020e1', 'cd28a78b-f222-4b1e-ba48-062a513ef37f', '11', 'Drain the juice and keep for later. Now add the tomato, cucumber, parsley onion mix to the chicken salad, as well as the sliced gherkin.');
INSERT INTO "cooking_steps"("guid","recipe_id","order_number","description") VALUES('99a8ce18-b239-4aa4-9184-340bf4903e8c', 'cd28a78b-f222-4b1e-ba48-062a513ef37f', '12', 'Lay out the salad on a large plate or chopping board.');
INSERT INTO "cooking_steps"("guid","recipe_id","order_number","description") VALUES('4ede6763-8450-4e92-be86-2853686eca66', 'cd28a78b-f222-4b1e-ba48-062a513ef37f', '13', 'Serve with the charred peppers, cacik, salsa vinaigrette and some chilli sauce.');
INSERT INTO "recipe"("guid","title","description") VALUES('5e168374-501a-4c6b-aee1-a5313652da25', 'Butternut Squash Soup (In Half An Hour!)', 'Butternut Squash Soup (In Half An Hour!) requires about 30 minutes from start to finish. For $1.25 per serving, you get a hor d''oeuvre that serves 8. Watching your figure? This gluten free, dairy free, lacto ovo vegetarian, and vegan recipe has 252 calories, 9g of protein, and 6g of fat per serving. It will be a hit at your Autumn event. 5 people have made this recipe and would make it again. It is brought to you by Foodista. Head to the store and pick up salt and pepper, black-eyed peas, collard greens, and a few other things to make it today. With a spoonacular score of 95%, this dish is great. Try Half-Hour Chili, Half-Hour Chili, and Half-Hour Chili for similar recipes.');
INSERT INTO "ingredients"("guid","name","dimension") VALUES('c7b3fa9f-b9d0-4665-83b3-cbde4b80d356', 'butternut squash', '') ON CONFLICT (name) DO UPDATE SET name = EXCLUDED.name;
INSERT INTO "recipe_ingredients"("recipe_id","ingredient_id","count") VALUES('5e168374-501a-4c6b-aee1-a5313652da25', 'c7b3fa9f-b9d0-4665-83b3-cbde4b80d356', '1.00');
INSERT INTO "ingredients"("guid","name","dimension") VALUES('4ddb92ef-5654-4e14-afcc-c86f25067660', 'canned blackeyed peas', 'can') ON CONFLICT (name) DO UPDATE SET name = EXCLUDED.name;
INSERT INTO "recipe_ingredients"("recipe_id","ingredient_id","count") VALUES('5e168374-501a-4c6b-aee1-a5313652da25', '4ddb92ef-5654-4e14-afcc-c86f25067660', '1.00');
INSERT INTO "ingredients"("guid","name","dimension") VALUES('77d4a2fa-e67c-4a8a-8086-28b4f2af799d', 'collard greens', 'servings') ON CONFLICT (name) DO UPDATE SET name = EXCLUDED.name;
INSERT INTO "recipe_ingredients"("recipe_id","ingredient_id","count") VALUES('5e168374-501a-4c6b-aee1-a5313652da25', '77d4a2fa-e67c-4a8a-8086-28b4f2af799d', '8.00');
INSERT INTO "ingredients"("guid","name","dimension") VALUES('a2d762b4-94c1-4e3d-86dd-c1c0bb78c2e7', 'cooked quinoa', 'servings') ON CONFLICT (name) DO UPDATE SET name = EXCLUDED.name;
INSERT INTO "recipe_ingredients"("recipe_id","ingredient_id","count") VALUES('5e168374-501a-4c6b-aee1-a5313652da25', 'a2d762b4-94c1-4e3d-86dd-c1c0bb78c2e7', '8.00');
INSERT INTO "ingredients"("guid","name","dimension") VALUES('3a62973a-8c1b-4706-8ea5-4759f647d362', 'kelp', '') ON CONFLICT (name) DO UPDATE SET name = EXCLUDED.name;
INSERT INTO "recipe_ingredients"("recipe_id","ingredient_id","count") VALUES('5e168374-501a-4c6b-aee1-a5313652da25', '3a62973a-8c1b-4706-8ea5-4759f647d362', '1.00');
INSERT INTO "ingredients"("guid","name","dimension") VALUES('fe833826-c142-4ae8-91d9-b081468de1c9', 'nutmeg', 'servings') ON CONFLICT (name) DO UPDATE SET name = EXCLUDED.name;
INSERT INTO "recipe_ingredients"("recipe_id","ingredient_id","count") VALUES('5e168374-501a-4c6b-aee1-a5313652da25', 'fe833826-c142-4ae8-91d9-b081468de1c9', '8.00');
INSERT INTO "ingredients"("guid","name","dimension") VALUES('903d4219-5d08-479e-85f9-3b1719bd0244', 'olive oil', 'Tbsps') ON CONFLICT (name) DO UPDATE SET name = EXCLUDED.name;
INSERT INTO "recipe_ingredients"("recipe_id","ingredient_id","count") VALUES('5e168374-501a-4c6b-aee1-a5313652da25', '903d4219-5d08-479e-85f9-3b1719bd0244', '2.00');
INSERT INTO "ingredients"("guid","name","dimension") VALUES('bd6df831-fb53-48d0-af46-c32ee7488a9b', 'salt and pepper', 'servings') ON CONFLICT (name) DO UPDATE SET name = EXCLUDED.name;
INSERT INTO "recipe_ingredients"("recipe_id","ingredient_id","count") VALUES('5e168374-501a-4c6b-aee1-a5313652da25', 'bd6df831-fb53-48d0-af46-c32ee7488a9b', '8.00');
INSERT INTO "ingredients"("guid","name","dimension") VALUES('90564dbb-d3c4-4421-a743-4b93e604712b', 'vegetable stock', 'grams') ON CONFLICT (name) DO UPDATE SET name = EXCLUDED.name;
INSERT INTO "recipe_ingredients"("recipe_id","ingredient_id","count") VALUES('5e168374-501a-4c6b-aee1-a5313652da25', '90564dbb-d3c4-4421-a743-4b93e604712b', '907.18');
INSERT INTO "ingredients"("guid","name","dimension") VALUES('e12e1313-0abb-4e9a-acbb-d69dc0420420', 'yellow onion', 'small') ON CONFLICT (name) DO UPDATE SET name = EXCLUDED.name;
INSERT INTO "recipe_ingredients"("recipe_id","ingredient_id","count") VALUES('5e168374-501a-4c6b-aee1-a5313652da25', 'e12e1313-0abb-4e9a-acbb-d69dc0420420', '1.00');
INSERT INTO "cooking_steps"("guid","recipe_id","order_number","description") VALUES('3c2bf01d-0a7f-487d-9f77-3990e98b2c23', '5e168374-501a-4c6b-aee1-a5313652da25', '1', 'In large pot, saute onion in butter, ghee or olive oil until soft');
INSERT INTO "cooking_steps"("guid","recipe_id","order_number","description") VALUES('93e66595-7c3a-4d38-8329-7b63d6a63b9e', '5e168374-501a-4c6b-aee1-a5313652da25', '2', 'Add cubed squash and saute for a couple of minutes');
INSERT INTO "cooking_steps"("guid","recipe_id","order_number","description") VALUES('87a65e98-4b89-4ecc-83f1-823daf221103', '5e168374-501a-4c6b-aee1-a5313652da25', '3', 'Add vegetable stock and 1 3 inch piece of kombu and bring to a boil');
INSERT INTO "cooking_steps"("guid","recipe_id","order_number","description") VALUES('9e883814-28a6-4b70-a23e-0175a42bbf35', '5e168374-501a-4c6b-aee1-a5313652da25', '4', 'Reduce heat and simmer until squash is soft (about 15 minutes)Using a slotted spoon, remove squash and puree in blender');
INSERT INTO "cooking_steps"("guid","recipe_id","order_number","description") VALUES('25ee3623-afb7-43f7-a8b1-ca3d83c97e92', '5e168374-501a-4c6b-aee1-a5313652da25', '5', 'Return squash to pot and stir in black-eyed peas and cooked quinoa.');
INSERT INTO "cooking_steps"("guid","recipe_id","order_number","description") VALUES('203e9cd4-1dfd-4dd5-b1c9-f90c03bf3d20', '5e168374-501a-4c6b-aee1-a5313652da25', '6', 'Add greens for about five minutes until soft');
INSERT INTO "cooking_steps"("guid","recipe_id","order_number","description") VALUES('41022e64-37bb-4aaa-a8cc-945d633fe3b3', '5e168374-501a-4c6b-aee1-a5313652da25', '7', 'Add nutmeg, sea salt and pepper to taste');
INSERT INTO "recipe"("guid","title","description") VALUES('5225247c-7705-488d-bd6d-5c6ead5a18a1', 'Doughnuts', 'If you have around 45 minutes to spend in the kitchen, Doughnuts might be an amazing lacto ovo vegetarian recipe to try. For 68 cents per serving, you get a breakfast that serves 2. One serving contains 445 calories, 13g of protein, and 2g of fat. If you have warm water, honey, powdered milk, and a few other ingredients on hand, you can make it. It is brought to you by Afrolems. Several people made this recipe, and 205 would say it hit the spot. With a spoonacular score of 96%, this dish is tremendous. Users who liked this recipe also liked How to make doughnuts (with video) and Coffee-Biscoff-Bacon Doughnuts, Everything Doughnuts, and Cranberry Doughnuts.');
INSERT INTO "ingredients"("guid","name","dimension") VALUES('98a8afde-32db-419a-89cb-1b926b72ffad', 'wheat flour', 'milliliters') ON CONFLICT (name) DO UPDATE SET name = EXCLUDED.name;
INSERT INTO "recipe_ingredients"("recipe_id","ingredient_id","count") VALUES('5225247c-7705-488d-bd6d-5c6ead5a18a1', '98a8afde-32db-419a-89cb-1b926b72ffad', '354.88');
INSERT INTO "ingredients"("guid","name","dimension") VALUES('6a1e491d-f501-41ab-bc0b-5b8b68ed311e', 'honey', 'milliliters') ON CONFLICT (name) DO UPDATE SET name = EXCLUDED.name;
INSERT INTO "recipe_ingredients"("recipe_id","ingredient_id","count") VALUES('5225247c-7705-488d-bd6d-5c6ead5a18a1', '6a1e491d-f501-41ab-bc0b-5b8b68ed311e', '30.00');
INSERT INTO "ingredients"("guid","name","dimension") VALUES('f2158ad2-8500-48f7-a05f-4f4931b7cbcd', 'powdered milk', 'Tbsp') ON CONFLICT (name) DO UPDATE SET name = EXCLUDED.name;
INSERT INTO "recipe_ingredients"("recipe_id","ingredient_id","count") VALUES('5225247c-7705-488d-bd6d-5c6ead5a18a1', 'f2158ad2-8500-48f7-a05f-4f4931b7cbcd', '1.00');
INSERT INTO "ingredients"("guid","name","dimension") VALUES('9d2c9ee9-fe26-4970-a0f6-256bcee3f2c3', 'table salt', 'teaspoons') ON CONFLICT (name) DO UPDATE SET name = EXCLUDED.name;
INSERT INTO "recipe_ingredients"("recipe_id","ingredient_id","count") VALUES('5225247c-7705-488d-bd6d-5c6ead5a18a1', '9d2c9ee9-fe26-4970-a0f6-256bcee3f2c3', '0.50');
INSERT INTO "ingredients"("guid","name","dimension") VALUES('faa7c536-494d-46a2-8bfc-649cb208f1d0', 'water', 'milliliters') ON CONFLICT (name) DO UPDATE SET name = EXCLUDED.name;
INSERT INTO "recipe_ingredients"("recipe_id","ingredient_id","count") VALUES('5225247c-7705-488d-bd6d-5c6ead5a18a1', 'faa7c536-494d-46a2-8bfc-649cb208f1d0', '150.00');
INSERT INTO "ingredients"("guid","name","dimension") VALUES('e934ef32-96fd-4f0d-ba73-9ef29f319727', 'dry yeast', 'teaspoon') ON CONFLICT (name) DO UPDATE SET name = EXCLUDED.name;
INSERT INTO "recipe_ingredients"("recipe_id","ingredient_id","count") VALUES('5225247c-7705-488d-bd6d-5c6ead5a18a1', 'e934ef32-96fd-4f0d-ba73-9ef29f319727', '1.00');
INSERT INTO "cooking_steps"("guid","recipe_id","order_number","description") VALUES('83ec5848-f801-48fa-bba5-d6c4f87aea4d', '5225247c-7705-488d-bd6d-5c6ead5a18a1', '1', 'In a bowl mix the water with the yeast and honey, whisk and allow to sit for 15 minutes or until the mixture is foamy.');
INSERT INTO "cooking_steps"("guid","recipe_id","order_number","description") VALUES('8943a9d3-1011-4f9a-8b4b-541e68b6c060', '5225247c-7705-488d-bd6d-5c6ead5a18a1', '2', 'Mix the flour with the salt and powdered milk and pour the yeast mixture into the bowl.Knead the dough till its elastic and not sticky and cover and leave to double in size. This could take 1-2 hours.On a lightly floured surface, roll out your dough but not to thin so your doughnuts are not flat and cut the dough into circles. If You have a doughnut cutter use that, if not use a small round shaped cover or bowl to make your circles and a smaller container for the middle hole. You can improvise and use the mouth of a plastic bottle to make the hole in the middle.Leave to rise for another 45 minutes.');
INSERT INTO "cooking_steps"("guid","recipe_id","order_number","description") VALUES('79bb7935-9e95-4664-9e18-70a98baed15b', '5225247c-7705-488d-bd6d-5c6ead5a18a1', '3', 'Heat up your oil and fry the doughnuts till they are brown on both sides.Vanilla Glaze');
INSERT INTO "cooking_steps"("guid","recipe_id","order_number","description") VALUES('d44a9af8-ef5a-42f5-8e7d-13733fd1139d', '5225247c-7705-488d-bd6d-5c6ead5a18a1', '4', 'Mix 1 cup of powdered sugar with 30 ml of milk and 1 teaspoon of vanilla.');
INSERT INTO "cooking_steps"("guid","recipe_id","order_number","description") VALUES('ed43f0ae-a924-4403-868d-830706e9f28f', '5225247c-7705-488d-bd6d-5c6ead5a18a1', '5', 'Whisk till its properly mixed and drizzle the doughnuts with it.');
INSERT INTO "cooking_steps"("guid","recipe_id","order_number","description") VALUES('17647075-19fd-462b-9506-879c1d347dea', '5225247c-7705-488d-bd6d-5c6ead5a18a1', '6', 'Add sprinkles for garnishing');
INSERT INTO "cooking_steps"("guid","recipe_id","order_number","description") VALUES('a7c0e1d4-48e7-450d-b72a-fc88265bb9ee', '5225247c-7705-488d-bd6d-5c6ead5a18a1', '7', 'Chocolate GlazeI used a chocolate sauce and drizzled over the doughnuts with sprinkles to top it.');
INSERT INTO "recipe"("guid","title","description") VALUES('208b5d33-e670-4582-a9ba-dbef0a9dac94', 'Lentil Mango Salad', 'Lentil Mango Salad is a main course that serves 4. One serving contains 253 calories, 12g of protein, and 6g of fat. For $1.59 per serving, this recipe covers 25% of your daily requirements of vitamins and minerals. It is brought to you by Foodista. 3 people found this recipe to be tasty and satisfying. From preparation to the plate, this recipe takes around 45 minutes. It is a good option if you''re following a gluten free, dairy free, lacto ovo vegetarian, and vegan diet. Head to the store and pick up cilantro, white wine vinegar, onion, and a few other things to make it today. Taking all factors into account, this recipe earns a spoonacular score of 94%, which is amazing. Users who liked this recipe also liked LENTIL BURGER with Mango Salsa, Plumcot, Orange & Lentil Salad… & Fave Five Friday: Lovely Lentil Dishes, and Simple Coconut Quinoan and Lentil Curry with Lime Mango.');
INSERT INTO "ingredients"("guid","name","dimension") VALUES('246b1fe9-2ff9-46fa-941e-12c502a98a40', 'cilantro', 'bunch') ON CONFLICT (name) DO UPDATE SET name = EXCLUDED.name;
INSERT INTO "recipe_ingredients"("recipe_id","ingredient_id","count") VALUES('208b5d33-e670-4582-a9ba-dbef0a9dac94', '246b1fe9-2ff9-46fa-941e-12c502a98a40', '1.00');
INSERT INTO "ingredients"("guid","name","dimension") VALUES('d046f727-74d0-420a-8a7d-71ab3b4446aa', 'cooked lentils', 'grams') ON CONFLICT (name) DO UPDATE SET name = EXCLUDED.name;
INSERT INTO "recipe_ingredients"("recipe_id","ingredient_id","count") VALUES('208b5d33-e670-4582-a9ba-dbef0a9dac94', 'd046f727-74d0-420a-8a7d-71ab3b4446aa', '453.59');
INSERT INTO "ingredients"("guid","name","dimension") VALUES('3f7a39ce-ed38-4809-aea7-8a046670fb05', 'garlic', 'clove') ON CONFLICT (name) DO UPDATE SET name = EXCLUDED.name;
INSERT INTO "recipe_ingredients"("recipe_id","ingredient_id","count") VALUES('208b5d33-e670-4582-a9ba-dbef0a9dac94', '3f7a39ce-ed38-4809-aea7-8a046670fb05', '1.00');
INSERT INTO "ingredients"("guid","name","dimension") VALUES('05940694-a9ea-4020-a33f-88a201e08ec1', 'mango', '') ON CONFLICT (name) DO UPDATE SET name = EXCLUDED.name;
INSERT INTO "recipe_ingredients"("recipe_id","ingredient_id","count") VALUES('208b5d33-e670-4582-a9ba-dbef0a9dac94', '05940694-a9ea-4020-a33f-88a201e08ec1', '1.00');
INSERT INTO "ingredients"("guid","name","dimension") VALUES('903d4219-5d08-479e-85f9-3b1719bd0244', 'olive oil', 'milliliters') ON CONFLICT (name) DO UPDATE SET name = EXCLUDED.name;
INSERT INTO "recipe_ingredients"("recipe_id","ingredient_id","count") VALUES('208b5d33-e670-4582-a9ba-dbef0a9dac94', '903d4219-5d08-479e-85f9-3b1719bd0244', '118.29');
INSERT INTO "ingredients"("guid","name","dimension") VALUES('20a9876f-1d82-4ec6-bbe2-0dee11d999dc', 'bell pepper', 'servings') ON CONFLICT (name) DO UPDATE SET name = EXCLUDED.name;
INSERT INTO "recipe_ingredients"("recipe_id","ingredient_id","count") VALUES('208b5d33-e670-4582-a9ba-dbef0a9dac94', '20a9876f-1d82-4ec6-bbe2-0dee11d999dc', '4.00');
INSERT INTO "ingredients"("guid","name","dimension") VALUES('9ac231c6-e619-4f8c-a5c1-05c6f8a4e2f5', 'red pepper', '') ON CONFLICT (name) DO UPDATE SET name = EXCLUDED.name;
INSERT INTO "recipe_ingredients"("recipe_id","ingredient_id","count") VALUES('208b5d33-e670-4582-a9ba-dbef0a9dac94', '9ac231c6-e619-4f8c-a5c1-05c6f8a4e2f5', '1.00');
INSERT INTO "ingredients"("guid","name","dimension") VALUES('07ee04d6-0ddb-4b7d-9cce-84b109d78c35', 'red onion', '') ON CONFLICT (name) DO UPDATE SET name = EXCLUDED.name;
INSERT INTO "recipe_ingredients"("recipe_id","ingredient_id","count") VALUES('208b5d33-e670-4582-a9ba-dbef0a9dac94', '07ee04d6-0ddb-4b7d-9cce-84b109d78c35', '1.00');
INSERT INTO "ingredients"("guid","name","dimension") VALUES('9d2c9ee9-fe26-4970-a0f6-256bcee3f2c3', 'table salt', 'servings') ON CONFLICT (name) DO UPDATE SET name = EXCLUDED.name;
INSERT INTO "recipe_ingredients"("recipe_id","ingredient_id","count") VALUES('208b5d33-e670-4582-a9ba-dbef0a9dac94', '9d2c9ee9-fe26-4970-a0f6-256bcee3f2c3', '4.00');
INSERT INTO "ingredients"("guid","name","dimension") VALUES('4d84f88f-9b74-4039-a166-1587bddab3cb', 'white wine vinegar', 'milliliters') ON CONFLICT (name) DO UPDATE SET name = EXCLUDED.name;
INSERT INTO "recipe_ingredients"("recipe_id","ingredient_id","count") VALUES('208b5d33-e670-4582-a9ba-dbef0a9dac94', '4d84f88f-9b74-4039-a166-1587bddab3cb', '59.15');
INSERT INTO "cooking_steps"("guid","recipe_id","order_number","description") VALUES('7900c529-cb99-4b00-a0e3-b82f46bffb9a', '208b5d33-e670-4582-a9ba-dbef0a9dac94', '1', 'Clean and chop the onion, red pepper, garlic, Cilantro');
INSERT INTO "cooking_steps"("guid","recipe_id","order_number","description") VALUES('56aaa917-f77f-403c-8597-70a6d8255527', '208b5d33-e670-4582-a9ba-dbef0a9dac94', '2', 'Peel and chop mango');
INSERT INTO "cooking_steps"("guid","recipe_id","order_number","description") VALUES('2bb63e10-8663-47ca-b84a-75899f9f6850', '208b5d33-e670-4582-a9ba-dbef0a9dac94', '3', 'Place all salad ingredients in a bowl, add the oil, vinegar, season with salt and pepper');
INSERT INTO "cooking_steps"("guid","recipe_id","order_number","description") VALUES('03e9d446-abed-4efe-829f-965d759d3959', '208b5d33-e670-4582-a9ba-dbef0a9dac94', '4', 'Mix well and leave in the refrigerator for 1 / 2 hour');
INSERT INTO "cooking_steps"("guid","recipe_id","order_number","description") VALUES('077ce87c-1e04-4300-89b5-674b2b999636', '208b5d33-e670-4582-a9ba-dbef0a9dac94', '5', 'This salad is left to eat alone or to accompany meat and poultry dishes, enjoy ...');
INSERT INTO "recipe"("guid","title","description") VALUES('6d960358-d3f1-4b19-b256-b18a3996de8c', 'Gujarati Dry Mung Bean Curry', 'Gujarati Dry Mung Bean Curry takes about 45 minutes from beginning to end. This main course has 376 calories, 20g of protein, and 5g of fat per serving. This recipe serves 4 and costs $1.64 per serving. A mixture of baking powder, cumin seeds, garlic, and a handful of other ingredients are all it takes to make this recipe so flavorful. This recipe from Foodista has 3 fans. This recipe is typical of Indian cuisine. It is a good option if you''re following a gluten free, dairy free, lacto ovo vegetarian, and vegan diet. Taking all factors into account, this recipe earns a spoonacular score of 95%, which is outstanding. Gujarati Dry Mung Bean Curry, Gujarati Dry Mung Bean Curry, and Uncle Bill''s Mung Bean Curry are very similar to this recipe.');
INSERT INTO "ingredients"("guid","name","dimension") VALUES('cca84d07-91f1-4241-91d3-d373d94e2133', 'baking powder', 'small pinch') ON CONFLICT (name) DO UPDATE SET name = EXCLUDED.name;
INSERT INTO "recipe_ingredients"("recipe_id","ingredient_id","count") VALUES('6d960358-d3f1-4b19-b256-b18a3996de8c', 'cca84d07-91f1-4241-91d3-d373d94e2133', '1.00');
INSERT INTO "ingredients"("guid","name","dimension") VALUES('0e09a01e-8546-4a45-a729-5331a7555993', 'chili pepper', 'mediums') ON CONFLICT (name) DO UPDATE SET name = EXCLUDED.name;
INSERT INTO "recipe_ingredients"("recipe_id","ingredient_id","count") VALUES('6d960358-d3f1-4b19-b256-b18a3996de8c', '0e09a01e-8546-4a45-a729-5331a7555993', '2.00');
INSERT INTO "ingredients"("guid","name","dimension") VALUES('3c60c89b-d878-4090-bac7-824b53d3e088', 'ground cinnamon', 'teaspoon') ON CONFLICT (name) DO UPDATE SET name = EXCLUDED.name;
INSERT INTO "recipe_ingredients"("recipe_id","ingredient_id","count") VALUES('6d960358-d3f1-4b19-b256-b18a3996de8c', '3c60c89b-d878-4090-bac7-824b53d3e088', '1.00');
INSERT INTO "ingredients"("guid","name","dimension") VALUES('246b1fe9-2ff9-46fa-941e-12c502a98a40', 'cilantro', 'milliliters') ON CONFLICT (name) DO UPDATE SET name = EXCLUDED.name;
INSERT INTO "recipe_ingredients"("recipe_id","ingredient_id","count") VALUES('6d960358-d3f1-4b19-b256-b18a3996de8c', '246b1fe9-2ff9-46fa-941e-12c502a98a40', '59.15');
INSERT INTO "ingredients"("guid","name","dimension") VALUES('e6135b67-95fb-404b-abd1-bafe9d1aefc0', 'cumin seeds', 'teaspoons') ON CONFLICT (name) DO UPDATE SET name = EXCLUDED.name;
INSERT INTO "recipe_ingredients"("recipe_id","ingredient_id","count") VALUES('6d960358-d3f1-4b19-b256-b18a3996de8c', 'e6135b67-95fb-404b-abd1-bafe9d1aefc0', '2.00');
INSERT INTO "ingredients"("guid","name","dimension") VALUES('027a8f60-967c-4d77-b1c8-436d7adee0b0', 'curry leaves', '') ON CONFLICT (name) DO UPDATE SET name = EXCLUDED.name;
INSERT INTO "recipe_ingredients"("recipe_id","ingredient_id","count") VALUES('6d960358-d3f1-4b19-b256-b18a3996de8c', '027a8f60-967c-4d77-b1c8-436d7adee0b0', '6.00');
INSERT INTO "ingredients"("guid","name","dimension") VALUES('3f7a39ce-ed38-4809-aea7-8a046670fb05', 'garlic', 'Tbsp') ON CONFLICT (name) DO UPDATE SET name = EXCLUDED.name;
INSERT INTO "recipe_ingredients"("recipe_id","ingredient_id","count") VALUES('6d960358-d3f1-4b19-b256-b18a3996de8c', '3f7a39ce-ed38-4809-aea7-8a046670fb05', '1.00');
INSERT INTO "ingredients"("guid","name","dimension") VALUES('9310a5ee-a22e-4ea4-b985-7b23c5ff8baa', 'lemon juice', 'Tbsp') ON CONFLICT (name) DO UPDATE SET name = EXCLUDED.name;
INSERT INTO "recipe_ingredients"("recipe_id","ingredient_id","count") VALUES('6d960358-d3f1-4b19-b256-b18a3996de8c', '9310a5ee-a22e-4ea4-b985-7b23c5ff8baa', '1.00');
INSERT INTO "ingredients"("guid","name","dimension") VALUES('9b04942b-eedc-4ab0-8032-d6d660005518', 'mung beans', 'milliliters') ON CONFLICT (name) DO UPDATE SET name = EXCLUDED.name;
INSERT INTO "recipe_ingredients"("recipe_id","ingredient_id","count") VALUES('6d960358-d3f1-4b19-b256-b18a3996de8c', '9b04942b-eedc-4ab0-8032-d6d660005518', '354.88');
INSERT INTO "ingredients"("guid","name","dimension") VALUES('bded5c19-d797-4a1a-ae94-5a17de5cfb3c', 'yellow mustard seeds', 'teaspoon') ON CONFLICT (name) DO UPDATE SET name = EXCLUDED.name;
INSERT INTO "recipe_ingredients"("recipe_id","ingredient_id","count") VALUES('6d960358-d3f1-4b19-b256-b18a3996de8c', 'bded5c19-d797-4a1a-ae94-5a17de5cfb3c', '1.00');
INSERT INTO "ingredients"("guid","name","dimension") VALUES('9d2c9ee9-fe26-4970-a0f6-256bcee3f2c3', 'table salt', 'servings') ON CONFLICT (name) DO UPDATE SET name = EXCLUDED.name;
INSERT INTO "recipe_ingredients"("recipe_id","ingredient_id","count") VALUES('6d960358-d3f1-4b19-b256-b18a3996de8c', '9d2c9ee9-fe26-4970-a0f6-256bcee3f2c3', '4.00');
INSERT INTO "ingredients"("guid","name","dimension") VALUES('68449234-32e3-4172-aa3f-8e71532a3e7e', 'sugar', 'servings') ON CONFLICT (name) DO UPDATE SET name = EXCLUDED.name;
INSERT INTO "recipe_ingredients"("recipe_id","ingredient_id","count") VALUES('6d960358-d3f1-4b19-b256-b18a3996de8c', '68449234-32e3-4172-aa3f-8e71532a3e7e', '4.00');
INSERT INTO "ingredients"("guid","name","dimension") VALUES('851fead3-2e6e-4932-a5a9-9b0d28757643', 'sunflower oil', 'Tbsp') ON CONFLICT (name) DO UPDATE SET name = EXCLUDED.name;
INSERT INTO "recipe_ingredients"("recipe_id","ingredient_id","count") VALUES('6d960358-d3f1-4b19-b256-b18a3996de8c', '851fead3-2e6e-4932-a5a9-9b0d28757643', '1.00');
INSERT INTO "ingredients"("guid","name","dimension") VALUES('103718c9-2e4b-4aaf-af88-5d6090b19faa', 'tomato', 'medium') ON CONFLICT (name) DO UPDATE SET name = EXCLUDED.name;
INSERT INTO "recipe_ingredients"("recipe_id","ingredient_id","count") VALUES('6d960358-d3f1-4b19-b256-b18a3996de8c', '103718c9-2e4b-4aaf-af88-5d6090b19faa', '1.00');
INSERT INTO "ingredients"("guid","name","dimension") VALUES('4b82538b-1d68-4fb9-acb3-e67e146391ca', 'turmeric', 'teaspoons') ON CONFLICT (name) DO UPDATE SET name = EXCLUDED.name;
INSERT INTO "recipe_ingredients"("recipe_id","ingredient_id","count") VALUES('6d960358-d3f1-4b19-b256-b18a3996de8c', '4b82538b-1d68-4fb9-acb3-e67e146391ca', '0.50');
INSERT INTO "cooking_steps"("guid","recipe_id","order_number","description") VALUES('04d345aa-bcad-4b27-95cf-63903cd88c9c', '6d960358-d3f1-4b19-b256-b18a3996de8c', '1', 'Wash the mung beans and boil them in plenty of hot water with a pinch of baking powder until al-dente. If you have a pressure cooker thats about 6-7 whistles.');
INSERT INTO "cooking_steps"("guid","recipe_id","order_number","description") VALUES('f5e3149b-36ff-48cb-b323-30ea16d9fa04', '6d960358-d3f1-4b19-b256-b18a3996de8c', '2', 'Drain and set aside.In a large pan heat the oil and add the mustard seeds (wait for them to pop) then add the cumin seeds, asafoetida, curry leaves, garlic and chillies. Saut until aromatic. Obviously dont let it burn.');
INSERT INTO "cooking_steps"("guid","recipe_id","order_number","description") VALUES('082d2e07-991e-4730-a33f-a4633152be0a', '6d960358-d3f1-4b19-b256-b18a3996de8c', '3', 'Add the tomatoes, turmeric and mung beans and cook for two minutes. Be careful not to mash it up as you stir.');
INSERT INTO "cooking_steps"("guid","recipe_id","order_number","description") VALUES('3bb7398e-4c08-4922-9777-51fd8782deee', '6d960358-d3f1-4b19-b256-b18a3996de8c', '4', 'Add the salt, sugar, lemon juice and cinnamon powder and cook for a further two minutes.Throw in the chopped coriander, combine and serve.');
INSERT INTO "recipe"("guid","title","description") VALUES('60115ae3-ba93-41f5-b26e-54cb0e1d2652', 'Basil Tagliatelle with Roasted Red Bell Pepper Salad', 'Basil Tagliatelle with Roasted Red Bell Pepper Salad might be a good recipe to expand your hor d''oeuvre repertoire. This recipe serves 4 and costs $4.07 per serving. One serving contains 200 calories, 5g of protein, and 12g of fat. A mixture of extra virgin olive oil, horseradish, garlic cloves, and a handful of other ingredients are all it takes to make this recipe so tasty. 4 people have made this recipe and would make it again. It is brought to you by Foodista. From preparation to the plate, this recipe takes roughly 45 minutes. It is a good option if you''re following a gluten free, dairy free, paleolithic, and lacto ovo vegetarian diet. Overall, this recipe earns an outstanding spoonacular score of 93%. Similar recipes are Roasted Red Bell Pepper and Basil Sauce, Roasted Red Bell Pepper And Fennel Salad, and Roasted Sweet Potato Salad With Red Bell Pepper.');
INSERT INTO "ingredients"("guid","name","dimension") VALUES('c71bac9c-e965-4d14-ab29-0eeb75d745af', 'fresh basil', 'grams') ON CONFLICT (name) DO UPDATE SET name = EXCLUDED.name;
INSERT INTO "recipe_ingredients"("recipe_id","ingredient_id","count") VALUES('60115ae3-ba93-41f5-b26e-54cb0e1d2652', 'c71bac9c-e965-4d14-ab29-0eeb75d745af', '198.45');
INSERT INTO "ingredients"("guid","name","dimension") VALUES('9ac231c6-e619-4f8c-a5c1-05c6f8a4e2f5', 'red pepper', 'mediums') ON CONFLICT (name) DO UPDATE SET name = EXCLUDED.name;
INSERT INTO "recipe_ingredients"("recipe_id","ingredient_id","count") VALUES('60115ae3-ba93-41f5-b26e-54cb0e1d2652', '9ac231c6-e619-4f8c-a5c1-05c6f8a4e2f5', '10.00');
INSERT INTO "ingredients"("guid","name","dimension") VALUES('cc09f6f1-b71e-4c8f-89c5-625b1effb1d3', 'whole garlic cloves', '') ON CONFLICT (name) DO UPDATE SET name = EXCLUDED.name;
INSERT INTO "recipe_ingredients"("recipe_id","ingredient_id","count") VALUES('60115ae3-ba93-41f5-b26e-54cb0e1d2652', 'cc09f6f1-b71e-4c8f-89c5-625b1effb1d3', '4.00');
INSERT INTO "ingredients"("guid","name","dimension") VALUES('27c079a0-03ea-45db-a14e-9df91e41d93d', 'parsley', 'Tbsps') ON CONFLICT (name) DO UPDATE SET name = EXCLUDED.name;
INSERT INTO "recipe_ingredients"("recipe_id","ingredient_id","count") VALUES('60115ae3-ba93-41f5-b26e-54cb0e1d2652', '27c079a0-03ea-45db-a14e-9df91e41d93d', '4.00');
INSERT INTO "ingredients"("guid","name","dimension") VALUES('1155b4f4-6e64-4002-87d6-9f0d273b8b31', 'horseradish', 'Tbsps') ON CONFLICT (name) DO UPDATE SET name = EXCLUDED.name;
INSERT INTO "recipe_ingredients"("recipe_id","ingredient_id","count") VALUES('60115ae3-ba93-41f5-b26e-54cb0e1d2652', '1155b4f4-6e64-4002-87d6-9f0d273b8b31', '4.00');
INSERT INTO "ingredients"("guid","name","dimension") VALUES('bae5d8c1-26a3-4c71-a5c6-226558e8047f', 'spring onions', '') ON CONFLICT (name) DO UPDATE SET name = EXCLUDED.name;
INSERT INTO "recipe_ingredients"("recipe_id","ingredient_id","count") VALUES('60115ae3-ba93-41f5-b26e-54cb0e1d2652', 'bae5d8c1-26a3-4c71-a5c6-226558e8047f', '2.00');
INSERT INTO "ingredients"("guid","name","dimension") VALUES('9310a5ee-a22e-4ea4-b985-7b23c5ff8baa', 'lemon juice', 'Tbsps') ON CONFLICT (name) DO UPDATE SET name = EXCLUDED.name;
INSERT INTO "recipe_ingredients"("recipe_id","ingredient_id","count") VALUES('60115ae3-ba93-41f5-b26e-54cb0e1d2652', '9310a5ee-a22e-4ea4-b985-7b23c5ff8baa', '4.00');
INSERT INTO "ingredients"("guid","name","dimension") VALUES('f7ced3fe-c340-4f26-b132-2952b8351272', 'extra virgin olive oil', 'Tbsps') ON CONFLICT (name) DO UPDATE SET name = EXCLUDED.name;
INSERT INTO "recipe_ingredients"("recipe_id","ingredient_id","count") VALUES('60115ae3-ba93-41f5-b26e-54cb0e1d2652', 'f7ced3fe-c340-4f26-b132-2952b8351272', '3.00');
INSERT INTO "ingredients"("guid","name","dimension") VALUES('a742c14e-2eb2-41f0-9f10-8ca45400f0ab', 'coarse sea salt', 'teaspoon') ON CONFLICT (name) DO UPDATE SET name = EXCLUDED.name;
INSERT INTO "recipe_ingredients"("recipe_id","ingredient_id","count") VALUES('60115ae3-ba93-41f5-b26e-54cb0e1d2652', 'a742c14e-2eb2-41f0-9f10-8ca45400f0ab', '1.00');
INSERT INTO "ingredients"("guid","name","dimension") VALUES('42f28b03-e136-4fc2-b343-5d16cada339d', 'black pepper', 'teaspoons') ON CONFLICT (name) DO UPDATE SET name = EXCLUDED.name;
INSERT INTO "recipe_ingredients"("recipe_id","ingredient_id","count") VALUES('60115ae3-ba93-41f5-b26e-54cb0e1d2652', '42f28b03-e136-4fc2-b343-5d16cada339d', '0.33');
INSERT INTO "cooking_steps"("guid","recipe_id","order_number","description") VALUES('2f9d2140-454b-439d-ba13-75230c23eb51', '60115ae3-ba93-41f5-b26e-54cb0e1d2652', '1', 'Go to my blog for the full instructions: http://gourmandelle.com/basil-tagliatelle-with-roasted-red-bell-pepper-salad/');
INSERT INTO "recipe"("guid","title","description") VALUES('0816b6df-b4d9-4794-af2a-626a32126ca7', 'Peanut Butter and Jelly Smoothie', 'Peanut Butter and Jelly Smoothie might be a good recipe to expand your breakfast repertoire. Watching your figure? This gluten free, dairy free, and fodmap friendly recipe has 779 calories, 20g of protein, and 36g of fat per serving. For $1.45 per serving, this recipe covers 26% of your daily requirements of vitamins and minerals. This recipe serves 2. 58 people were impressed by this recipe. This recipe from Foodista requires almond milk, bananas, peanut butter, and strawberries. From preparation to the plate, this recipe takes roughly 45 minutes. Taking all factors into account, this recipe earns a spoonacular score of 95%, which is super. Try Peanut Butter and Jelly Smoothie, Peanut Butter and Jelly Smoothie, and Peanut Butter and Jelly Smoothie for similar recipes.');
INSERT INTO "ingredients"("guid","name","dimension") VALUES('784a03ca-2b74-41cb-a820-4a8d3276a6c9', 'milk substitute', 'milliliters') ON CONFLICT (name) DO UPDATE SET name = EXCLUDED.name;
INSERT INTO "recipe_ingredients"("recipe_id","ingredient_id","count") VALUES('0816b6df-b4d9-4794-af2a-626a32126ca7', '784a03ca-2b74-41cb-a820-4a8d3276a6c9', '236.59');
INSERT INTO "ingredients"("guid","name","dimension") VALUES('f685bcc2-1db7-4b29-904f-7aceebef0e67', 'banana', '') ON CONFLICT (name) DO UPDATE SET name = EXCLUDED.name;
INSERT INTO "recipe_ingredients"("recipe_id","ingredient_id","count") VALUES('0816b6df-b4d9-4794-af2a-626a32126ca7', 'f685bcc2-1db7-4b29-904f-7aceebef0e67', '2.00');
INSERT INTO "ingredients"("guid","name","dimension") VALUES('225df765-6d11-41f8-8c1f-68e328c09e85', 'peanut butter', 'milliliters') ON CONFLICT (name) DO UPDATE SET name = EXCLUDED.name;
INSERT INTO "recipe_ingredients"("recipe_id","ingredient_id","count") VALUES('0816b6df-b4d9-4794-af2a-626a32126ca7', '225df765-6d11-41f8-8c1f-68e328c09e85', '118.29');
INSERT INTO "ingredients"("guid","name","dimension") VALUES('33a9eb72-ca9b-419f-ae7f-ed05870ed4e9', 'strawberry jam', 'milliliters') ON CONFLICT (name) DO UPDATE SET name = EXCLUDED.name;
INSERT INTO "recipe_ingredients"("recipe_id","ingredient_id","count") VALUES('0816b6df-b4d9-4794-af2a-626a32126ca7', '33a9eb72-ca9b-419f-ae7f-ed05870ed4e9', '118.29');
INSERT INTO "cooking_steps"("guid","recipe_id","order_number","description") VALUES('66ea817e-525d-47c5-b35e-03831b6bccd5', '0816b6df-b4d9-4794-af2a-626a32126ca7', '1', 'Place ingredients in a high speed blender like Blendtec for super smooth texture, blend on high.If using a regular blender put milk and strawberries in then blend.Next, add banana pieces and peanut butter, process until smooth.');
INSERT INTO "cooking_steps"("guid","recipe_id","order_number","description") VALUES('1bb32c11-71dc-411a-91e6-86ee21c89049', '0816b6df-b4d9-4794-af2a-626a32126ca7', '2', 'Garnish with crushed peanuts and serve.');
INSERT INTO "recipe"("guid","title","description") VALUES('93fd1ab2-3815-46e6-87f3-aa7c028e2e22', 'Moosewood Lentil Soup', 'Moosewood Lentil Soup might be a good recipe to expand your main course recipe box. This gluten free, dairy free, lacto ovo vegetarian, and vegan recipe serves 6 and costs 74 cents per serving. One portion of this dish contains roughly 26g of protein, 4g of fat, and a total of 396 calories. A mixture of pepper, lentils, salt, and a handful of other ingredients are all it takes to make this recipe so yummy. 2 people found this recipe to be flavorful and satisfying. It is perfect for Autumn. From preparation to the plate, this recipe takes roughly 45 minutes. It is brought to you by Foodista. All things considered, we decided this recipe deserves a spoonacular score of 95%. This score is spectacular. Similar recipes are Moosewood Lentil Soup, Moosewood Mushroom Barley Soup!, and Hungarian Mushroom Soup, from the Moosewood Cookbook.');
INSERT INTO "ingredients"("guid","name","dimension") VALUES('42f28b03-e136-4fc2-b343-5d16cada339d', 'black pepper', 'servings') ON CONFLICT (name) DO UPDATE SET name = EXCLUDED.name;
INSERT INTO "recipe_ingredients"("recipe_id","ingredient_id","count") VALUES('93fd1ab2-3815-46e6-87f3-aa7c028e2e22', '42f28b03-e136-4fc2-b343-5d16cada339d', '6.00');
INSERT INTO "ingredients"("guid","name","dimension") VALUES('b5dd9a02-187a-44d1-8878-e9190d71c4ab', 'golden brown sugar', 'Tbsp') ON CONFLICT (name) DO UPDATE SET name = EXCLUDED.name;
INSERT INTO "recipe_ingredients"("recipe_id","ingredient_id","count") VALUES('93fd1ab2-3815-46e6-87f3-aa7c028e2e22', 'b5dd9a02-187a-44d1-8878-e9190d71c4ab', '1.00');
INSERT INTO "ingredients"("guid","name","dimension") VALUES('6b9754b0-3c6c-4528-a35f-9d80119ed1aa', 'carrot', 'milliliters') ON CONFLICT (name) DO UPDATE SET name = EXCLUDED.name;
INSERT INTO "recipe_ingredients"("recipe_id","ingredient_id","count") VALUES('93fd1ab2-3815-46e6-87f3-aa7c028e2e22', '6b9754b0-3c6c-4528-a35f-9d80119ed1aa', '236.59');
INSERT INTO "ingredients"("guid","name","dimension") VALUES('dc7f1822-b536-4ca6-ab49-fd32a168f6f4', 'celery', 'milliliters') ON CONFLICT (name) DO UPDATE SET name = EXCLUDED.name;
INSERT INTO "recipe_ingredients"("recipe_id","ingredient_id","count") VALUES('93fd1ab2-3815-46e6-87f3-aa7c028e2e22', 'dc7f1822-b536-4ca6-ab49-fd32a168f6f4', '236.59');
INSERT INTO "ingredients"("guid","name","dimension") VALUES('c2947f39-caae-4abc-9aba-28bb1a0506e2', 'dried herbs', 'pinches') ON CONFLICT (name) DO UPDATE SET name = EXCLUDED.name;
INSERT INTO "recipe_ingredients"("recipe_id","ingredient_id","count") VALUES('93fd1ab2-3815-46e6-87f3-aa7c028e2e22', 'c2947f39-caae-4abc-9aba-28bb1a0506e2', '3.00');
INSERT INTO "ingredients"("guid","name","dimension") VALUES('3f7a39ce-ed38-4809-aea7-8a046670fb05', 'garlic', 'clove') ON CONFLICT (name) DO UPDATE SET name = EXCLUDED.name;
INSERT INTO "recipe_ingredients"("recipe_id","ingredient_id","count") VALUES('93fd1ab2-3815-46e6-87f3-aa7c028e2e22', '3f7a39ce-ed38-4809-aea7-8a046670fb05', '1.00');
INSERT INTO "ingredients"("guid","name","dimension") VALUES('705d8e46-5974-403a-993c-50ca6ebd96db', 'grape seed oil', 'Tbsp') ON CONFLICT (name) DO UPDATE SET name = EXCLUDED.name;
INSERT INTO "recipe_ingredients"("recipe_id","ingredient_id","count") VALUES('93fd1ab2-3815-46e6-87f3-aa7c028e2e22', '705d8e46-5974-403a-993c-50ca6ebd96db', '1.00');
INSERT INTO "ingredients"("guid","name","dimension") VALUES('9310a5ee-a22e-4ea4-b985-7b23c5ff8baa', 'lemon juice', 'Tbsps') ON CONFLICT (name) DO UPDATE SET name = EXCLUDED.name;
INSERT INTO "recipe_ingredients"("recipe_id","ingredient_id","count") VALUES('93fd1ab2-3815-46e6-87f3-aa7c028e2e22', '9310a5ee-a22e-4ea4-b985-7b23c5ff8baa', '2.00');
INSERT INTO "ingredients"("guid","name","dimension") VALUES('d75c14c8-967b-49c5-94ac-d736d2b71455', 'lentils', 'milliliters') ON CONFLICT (name) DO UPDATE SET name = EXCLUDED.name;
INSERT INTO "recipe_ingredients"("recipe_id","ingredient_id","count") VALUES('93fd1ab2-3815-46e6-87f3-aa7c028e2e22', 'd75c14c8-967b-49c5-94ac-d736d2b71455', '709.76');
INSERT INTO "ingredients"("guid","name","dimension") VALUES('ea4db820-b562-4cff-bc98-bae139a325df', 'onion', 'large') ON CONFLICT (name) DO UPDATE SET name = EXCLUDED.name;
INSERT INTO "recipe_ingredients"("recipe_id","ingredient_id","count") VALUES('93fd1ab2-3815-46e6-87f3-aa7c028e2e22', 'ea4db820-b562-4cff-bc98-bae139a325df', '1.00');
INSERT INTO "ingredients"("guid","name","dimension") VALUES('b7c16c48-e7ae-45c6-a35e-9e7e4f5f9389', 'red wine vinegar', 'servings') ON CONFLICT (name) DO UPDATE SET name = EXCLUDED.name;
INSERT INTO "recipe_ingredients"("recipe_id","ingredient_id","count") VALUES('93fd1ab2-3815-46e6-87f3-aa7c028e2e22', 'b7c16c48-e7ae-45c6-a35e-9e7e4f5f9389', '6.00');
INSERT INTO "ingredients"("guid","name","dimension") VALUES('9d2c9ee9-fe26-4970-a0f6-256bcee3f2c3', 'table salt', 'teaspoons') ON CONFLICT (name) DO UPDATE SET name = EXCLUDED.name;
INSERT INTO "recipe_ingredients"("recipe_id","ingredient_id","count") VALUES('93fd1ab2-3815-46e6-87f3-aa7c028e2e22', '9d2c9ee9-fe26-4970-a0f6-256bcee3f2c3', '0.50');
INSERT INTO "ingredients"("guid","name","dimension") VALUES('103718c9-2e4b-4aaf-af88-5d6090b19faa', 'tomato', 'medium') ON CONFLICT (name) DO UPDATE SET name = EXCLUDED.name;
INSERT INTO "recipe_ingredients"("recipe_id","ingredient_id","count") VALUES('93fd1ab2-3815-46e6-87f3-aa7c028e2e22', '103718c9-2e4b-4aaf-af88-5d6090b19faa', '1.00');
INSERT INTO "ingredients"("guid","name","dimension") VALUES('faa7c536-494d-46a2-8bfc-649cb208f1d0', 'water', 'milliliters') ON CONFLICT (name) DO UPDATE SET name = EXCLUDED.name;
INSERT INTO "recipe_ingredients"("recipe_id","ingredient_id","count") VALUES('93fd1ab2-3815-46e6-87f3-aa7c028e2e22', 'faa7c536-494d-46a2-8bfc-649cb208f1d0', '59.15');
INSERT INTO "cooking_steps"("guid","recipe_id","order_number","description") VALUES('5f126fcc-0cc0-4257-a03d-0f099487fb48', '93fd1ab2-3815-46e6-87f3-aa7c028e2e22', '1', 'Place lentils and water in a soup pot or Dutch oven.Bring to a boil, lower heat to a simmer, and let cook until lentils are mushy (about 45 minutes).');
INSERT INTO "cooking_steps"("guid","recipe_id","order_number","description") VALUES('4ce0e832-dd13-44f5-bf9d-a027865f004e', '93fd1ab2-3815-46e6-87f3-aa7c028e2e22', '2', 'Add more water as needed, until the soup is your favorite consistency.');
INSERT INTO "cooking_steps"("guid","recipe_id","order_number","description") VALUES('9661f65e-3c5a-4282-b728-42eb4b0eb006', '93fd1ab2-3815-46e6-87f3-aa7c028e2e22', '3', 'Heat oil or melt butter in a medium-sized skillet.');
INSERT INTO "cooking_steps"("guid","recipe_id","order_number","description") VALUES('3400cd9d-8b35-44dc-89b8-b9c26945cd18', '93fd1ab2-3815-46e6-87f3-aa7c028e2e22', '4', 'Add onion, celery, and carrots, and saut over medium heat for about 10 minutes.');
INSERT INTO "cooking_steps"("guid","recipe_id","order_number","description") VALUES('b0dbfaba-7d29-41e1-a2ec-0a20e58259ff', '93fd1ab2-3815-46e6-87f3-aa7c028e2e22', '5', 'Add garlic, salt, pepper, and herbs of your choice, and saut about 5 minutes longer.');
INSERT INTO "cooking_steps"("guid","recipe_id","order_number","description") VALUES('ca02325d-1965-4a26-908f-0f12d29f3e3d', '93fd1ab2-3815-46e6-87f3-aa7c028e2e22', '6', 'Transfer to lentils.Stir in wine, if desired, lemon juice and molasses or brown sugar.Taste to correct seasonings, then simmer for');
INSERT INTO "cooking_steps"("guid","recipe_id","order_number","description") VALUES('f7d8589d-6406-40ba-b3c5-ebb50860ad53', '93fd1ab2-3815-46e6-87f3-aa7c028e2e22', '7', 'At least 15 minutes longer.');
INSERT INTO "cooking_steps"("guid","recipe_id","order_number","description") VALUES('406252b7-8f8a-4cea-951f-6d7e3360de81', '93fd1ab2-3815-46e6-87f3-aa7c028e2e22', '8', 'Serve hot, with a little vinegar drizzled onto each serving, and a sprinkling of minced');
INSERT INTO "cooking_steps"("guid","recipe_id","order_number","description") VALUES('d4900af1-e5cf-4d7f-a31e-427a8a810d36', '93fd1ab2-3815-46e6-87f3-aa7c028e2e22', '9', 'Scallions or parsley on top, if desired.');
INSERT INTO "recipe"("guid","title","description") VALUES('4d5fc8c8-32ce-4f7d-a585-45556819831e', 'Crispy Panko and Herb Crusted Salmon', 'Crispy Panko and Herb Crusted Salmon takes around 45 minutes from beginning to end. For $4.16 per serving, this recipe covers 31% of your daily requirements of vitamins and minerals. This recipe serves 6. One serving contains 390 calories, 33g of protein, and 22g of fat. This recipe from Foodista has 4 fans. If you have lemon zest, extra virgin olive oil, bell pepper, and a few other ingredients on hand, you can make it. It works well as a main course. It is a good option if you''re following a dairy free and pescatarian diet. With a spoonacular score of 93%, this dish is super. Similar recipes are Dijon and Herb Panko-Crusted Halibut, Mustard-Herb Panko Crusted Chicken Breasts, and Panko Herb Crusted Rack of Lamb with Vegetables.');
INSERT INTO "ingredients"("guid","name","dimension") VALUES('b95af969-c53d-42f8-a834-bf646b764b72', 'salmon fillets', 'grams') ON CONFLICT (name) DO UPDATE SET name = EXCLUDED.name;
INSERT INTO "recipe_ingredients"("recipe_id","ingredient_id","count") VALUES('4d5fc8c8-32ce-4f7d-a585-45556819831e', 'b95af969-c53d-42f8-a834-bf646b764b72', '907.18');
INSERT INTO "ingredients"("guid","name","dimension") VALUES('2d95d8e1-4c27-4e95-b1fd-95045cac7e96', 'leek', '') ON CONFLICT (name) DO UPDATE SET name = EXCLUDED.name;
INSERT INTO "recipe_ingredients"("recipe_id","ingredient_id","count") VALUES('4d5fc8c8-32ce-4f7d-a585-45556819831e', '2d95d8e1-4c27-4e95-b1fd-95045cac7e96', '0.50');
INSERT INTO "ingredients"("guid","name","dimension") VALUES('20a9876f-1d82-4ec6-bbe2-0dee11d999dc', 'bell pepper', '') ON CONFLICT (name) DO UPDATE SET name = EXCLUDED.name;
INSERT INTO "recipe_ingredients"("recipe_id","ingredient_id","count") VALUES('4d5fc8c8-32ce-4f7d-a585-45556819831e', '20a9876f-1d82-4ec6-bbe2-0dee11d999dc', '0.50');
INSERT INTO "ingredients"("guid","name","dimension") VALUES('a8774ada-6a78-4598-a778-7da4268d315b', 'cherry tomato', '') ON CONFLICT (name) DO UPDATE SET name = EXCLUDED.name;
INSERT INTO "recipe_ingredients"("recipe_id","ingredient_id","count") VALUES('4d5fc8c8-32ce-4f7d-a585-45556819831e', 'a8774ada-6a78-4598-a778-7da4268d315b', '6.00');
INSERT INTO "ingredients"("guid","name","dimension") VALUES('f7ced3fe-c340-4f26-b132-2952b8351272', 'extra virgin olive oil', 'Tbsps') ON CONFLICT (name) DO UPDATE SET name = EXCLUDED.name;
INSERT INTO "recipe_ingredients"("recipe_id","ingredient_id","count") VALUES('4d5fc8c8-32ce-4f7d-a585-45556819831e', 'f7ced3fe-c340-4f26-b132-2952b8351272', '2.00');
INSERT INTO "ingredients"("guid","name","dimension") VALUES('fe504ed4-6bd8-4a1e-b00e-ad1d6050e277', 'panko', 'milliliters') ON CONFLICT (name) DO UPDATE SET name = EXCLUDED.name;
INSERT INTO "recipe_ingredients"("recipe_id","ingredient_id","count") VALUES('4d5fc8c8-32ce-4f7d-a585-45556819831e', 'fe504ed4-6bd8-4a1e-b00e-ad1d6050e277', '354.88');
INSERT INTO "ingredients"("guid","name","dimension") VALUES('a8aabec0-81cd-40ab-a408-68b43107d4ca', 'flat leaf parsley', 'milliliters') ON CONFLICT (name) DO UPDATE SET name = EXCLUDED.name;
INSERT INTO "recipe_ingredients"("recipe_id","ingredient_id","count") VALUES('4d5fc8c8-32ce-4f7d-a585-45556819831e', 'a8aabec0-81cd-40ab-a408-68b43107d4ca', '118.29');
INSERT INTO "ingredients"("guid","name","dimension") VALUES('cc09f6f1-b71e-4c8f-89c5-625b1effb1d3', 'whole garlic cloves', '') ON CONFLICT (name) DO UPDATE SET name = EXCLUDED.name;
INSERT INTO "recipe_ingredients"("recipe_id","ingredient_id","count") VALUES('4d5fc8c8-32ce-4f7d-a585-45556819831e', 'cc09f6f1-b71e-4c8f-89c5-625b1effb1d3', '1.00');
INSERT INTO "ingredients"("guid","name","dimension") VALUES('fe918fc4-367d-4eaa-9c98-88d5a787fa1f', 'lemon peel', '') ON CONFLICT (name) DO UPDATE SET name = EXCLUDED.name;
INSERT INTO "recipe_ingredients"("recipe_id","ingredient_id","count") VALUES('4d5fc8c8-32ce-4f7d-a585-45556819831e', 'fe918fc4-367d-4eaa-9c98-88d5a787fa1f', '1.00');
INSERT INTO "ingredients"("guid","name","dimension") VALUES('9d2c9ee9-fe26-4970-a0f6-256bcee3f2c3', 'table salt', 'teaspoons') ON CONFLICT (name) DO UPDATE SET name = EXCLUDED.name;
INSERT INTO "recipe_ingredients"("recipe_id","ingredient_id","count") VALUES('4d5fc8c8-32ce-4f7d-a585-45556819831e', '9d2c9ee9-fe26-4970-a0f6-256bcee3f2c3', '0.50');
INSERT INTO "ingredients"("guid","name","dimension") VALUES('42f28b03-e136-4fc2-b343-5d16cada339d', 'black pepper', 'dash') ON CONFLICT (name) DO UPDATE SET name = EXCLUDED.name;
INSERT INTO "recipe_ingredients"("recipe_id","ingredient_id","count") VALUES('4d5fc8c8-32ce-4f7d-a585-45556819831e', '42f28b03-e136-4fc2-b343-5d16cada339d', '1.00');
INSERT INTO "ingredients"("guid","name","dimension") VALUES('f7ced3fe-c340-4f26-b132-2952b8351272', 'extra virgin olive oil', 'Tbsps') ON CONFLICT (name) DO UPDATE SET name = EXCLUDED.name;
INSERT INTO "recipe_ingredients"("recipe_id","ingredient_id","count") VALUES('4d5fc8c8-32ce-4f7d-a585-45556819831e', 'f7ced3fe-c340-4f26-b132-2952b8351272', '3.00');
INSERT INTO "cooking_steps"("guid","recipe_id","order_number","description") VALUES('818650ce-6f1d-49a2-b622-6953b393d035', '4d5fc8c8-32ce-4f7d-a585-45556819831e', '1', 'In a skillet heat 2-3 tablespoons of extra virgin olive oil.');
INSERT INTO "cooking_steps"("guid","recipe_id","order_number","description") VALUES('e65579b0-fc91-4a7d-9ea0-7f27564c3d60', '4d5fc8c8-32ce-4f7d-a585-45556819831e', '2', 'Add the chopped onions and leeks.');
INSERT INTO "cooking_steps"("guid","recipe_id","order_number","description") VALUES('f32ced19-e055-44d4-bad0-c7b1eaa3edf3', '4d5fc8c8-32ce-4f7d-a585-45556819831e', '3', 'Saute until translucent about 4 minutes.');
INSERT INTO "cooking_steps"("guid","recipe_id","order_number","description") VALUES('7ecf3a76-1588-4c05-b1c4-7b2fcba5c9c0', '4d5fc8c8-32ce-4f7d-a585-45556819831e', '4', 'Add the chopped red peppers and tomatoes and continue cooking until soft.');
INSERT INTO "cooking_steps"("guid","recipe_id","order_number","description") VALUES('5c75d572-91be-4793-bd17-ebfbae125b98', '4d5fc8c8-32ce-4f7d-a585-45556819831e', '5', 'Set aside and allow to cool before adding to the panko breadcrumb mixture.');
INSERT INTO "cooking_steps"("guid","recipe_id","order_number","description") VALUES('d3794a50-9b0f-42f2-aee3-de26c347f2d8', '4d5fc8c8-32ce-4f7d-a585-45556819831e', '6', 'Using a food processor, finely chop the parsley, garlic clove, and the lemon zest.');
INSERT INTO "cooking_steps"("guid","recipe_id","order_number","description") VALUES('52a26b7c-ee66-4322-964e-42601ee15101', '4d5fc8c8-32ce-4f7d-a585-45556819831e', '7', 'Add the panko breadcrumbs,salt and pepper, pulse to blend.');
INSERT INTO "cooking_steps"("guid","recipe_id","order_number","description") VALUES('353800f9-a122-45d5-8ff2-33fdce12d1a9', '4d5fc8c8-32ce-4f7d-a585-45556819831e', '8', 'Transfer to a bowl and toss in the the onion, leek, tomato and red pepper mixture, which has been cooled. Blend in 3 tablespoons of extra virgin oil, enough to coat the bread mixture.');
INSERT INTO "cooking_steps"("guid","recipe_id","order_number","description") VALUES('a4ea16b6-449f-498a-9e5d-d05ec8c818a6', '4d5fc8c8-32ce-4f7d-a585-45556819831e', '9', 'Place the salmon flat side down on a cookie sheet, which has been lined with parchment paper.');
INSERT INTO "cooking_steps"("guid","recipe_id","order_number","description") VALUES('5a357abf-ad8f-47dd-adbb-ca289c37a8e2', '4d5fc8c8-32ce-4f7d-a585-45556819831e', '10', 'Spread the breadcrumb mixture on top of the fish to cover.');
INSERT INTO "cooking_steps"("guid","recipe_id","order_number","description") VALUES('50e1b052-9723-402e-a2f7-2e1b1191e07f', '4d5fc8c8-32ce-4f7d-a585-45556819831e', '11', 'Bake in a preheated 375F for 25- 35 minutes, depending on the thickness of the salmon fillet.');
INSERT INTO "recipe"("guid","title","description") VALUES('dd787d45-cfcd-478d-ba80-8f2a4a6b9044', 'Cilantro Lime Halibut', 'Cilantro Lime Halibut might be a good recipe to expand your main course recipe box. This recipe serves 2. One portion of this dish contains roughly 44g of protein, 22g of fat, and a total of 422 calories. For $8.81 per serving, this recipe covers 29% of your daily requirements of vitamins and minerals. This recipe from Foodista requires chicken stock, juice of lime, green onions, and salt and pepper. 19 people found this recipe to be delicious and satisfying. From preparation to the plate, this recipe takes around 45 minutes. It is a good option if you''re following a gluten free, dairy free, paleolithic, and primal diet. Overall, this recipe earns an outstanding spoonacular score of 95%. Similar recipes are Cilantro-Ginger Halibut, Cilantro-Ginger Halibut, and Halibut With Citrus And Cilantro.');
INSERT INTO "ingredients"("guid","name","dimension") VALUES('45c845d2-e2db-4035-8214-4bc52d378262', 'chicken stock', 'milliliters') ON CONFLICT (name) DO UPDATE SET name = EXCLUDED.name;
INSERT INTO "recipe_ingredients"("recipe_id","ingredient_id","count") VALUES('dd787d45-cfcd-478d-ba80-8f2a4a6b9044', '45c845d2-e2db-4035-8214-4bc52d378262', '59.15');
INSERT INTO "ingredients"("guid","name","dimension") VALUES('246b1fe9-2ff9-46fa-941e-12c502a98a40', 'cilantro', 'bunch') ON CONFLICT (name) DO UPDATE SET name = EXCLUDED.name;
INSERT INTO "recipe_ingredients"("recipe_id","ingredient_id","count") VALUES('dd787d45-cfcd-478d-ba80-8f2a4a6b9044', '246b1fe9-2ff9-46fa-941e-12c502a98a40', '1.00');
INSERT INTO "ingredients"("guid","name","dimension") VALUES('bae5d8c1-26a3-4c71-a5c6-226558e8047f', 'spring onions', '') ON CONFLICT (name) DO UPDATE SET name = EXCLUDED.name;
INSERT INTO "recipe_ingredients"("recipe_id","ingredient_id","count") VALUES('dd787d45-cfcd-478d-ba80-8f2a4a6b9044', 'bae5d8c1-26a3-4c71-a5c6-226558e8047f', '2.00');
INSERT INTO "ingredients"("guid","name","dimension") VALUES('72b0e4af-a998-484e-9133-668190424a34', 'halibut fillets', 'grams') ON CONFLICT (name) DO UPDATE SET name = EXCLUDED.name;
INSERT INTO "recipe_ingredients"("recipe_id","ingredient_id","count") VALUES('dd787d45-cfcd-478d-ba80-8f2a4a6b9044', '72b0e4af-a998-484e-9133-668190424a34', '453.59');
INSERT INTO "ingredients"("guid","name","dimension") VALUES('855a3b90-4e3d-422d-bb73-c35bb65e2742', 'lime juice', '') ON CONFLICT (name) DO UPDATE SET name = EXCLUDED.name;
INSERT INTO "recipe_ingredients"("recipe_id","ingredient_id","count") VALUES('dd787d45-cfcd-478d-ba80-8f2a4a6b9044', '855a3b90-4e3d-422d-bb73-c35bb65e2742', '2.00');
INSERT INTO "ingredients"("guid","name","dimension") VALUES('903d4219-5d08-479e-85f9-3b1719bd0244', 'olive oil', 'servings') ON CONFLICT (name) DO UPDATE SET name = EXCLUDED.name;
INSERT INTO "recipe_ingredients"("recipe_id","ingredient_id","count") VALUES('dd787d45-cfcd-478d-ba80-8f2a4a6b9044', '903d4219-5d08-479e-85f9-3b1719bd0244', '2.00');
INSERT INTO "ingredients"("guid","name","dimension") VALUES('903d4219-5d08-479e-85f9-3b1719bd0244', 'olive oil', 'teaspoons') ON CONFLICT (name) DO UPDATE SET name = EXCLUDED.name;
INSERT INTO "recipe_ingredients"("recipe_id","ingredient_id","count") VALUES('dd787d45-cfcd-478d-ba80-8f2a4a6b9044', '903d4219-5d08-479e-85f9-3b1719bd0244', '2.00');
INSERT INTO "ingredients"("guid","name","dimension") VALUES('3f7a39ce-ed38-4809-aea7-8a046670fb05', 'garlic', 'servings') ON CONFLICT (name) DO UPDATE SET name = EXCLUDED.name;
INSERT INTO "recipe_ingredients"("recipe_id","ingredient_id","count") VALUES('dd787d45-cfcd-478d-ba80-8f2a4a6b9044', '3f7a39ce-ed38-4809-aea7-8a046670fb05', '2.00');
INSERT INTO "ingredients"("guid","name","dimension") VALUES('bd6df831-fb53-48d0-af46-c32ee7488a9b', 'salt and pepper', 'servings') ON CONFLICT (name) DO UPDATE SET name = EXCLUDED.name;
INSERT INTO "recipe_ingredients"("recipe_id","ingredient_id","count") VALUES('dd787d45-cfcd-478d-ba80-8f2a4a6b9044', 'bd6df831-fb53-48d0-af46-c32ee7488a9b', '2.00');
INSERT INTO "ingredients"("guid","name","dimension") VALUES('da56d66e-9dba-4e12-aa1e-40f4c4c4ceff', 'dry white wine', 'milliliters') ON CONFLICT (name) DO UPDATE SET name = EXCLUDED.name;
INSERT INTO "recipe_ingredients"("recipe_id","ingredient_id","count") VALUES('dd787d45-cfcd-478d-ba80-8f2a4a6b9044', 'da56d66e-9dba-4e12-aa1e-40f4c4c4ceff', '59.15');
INSERT INTO "cooking_steps"("guid","recipe_id","order_number","description") VALUES('fd4d548f-0f69-42f3-9ab2-96de9007c9c0', 'dd787d45-cfcd-478d-ba80-8f2a4a6b9044', '1', 'Heat the oil in a large frying pan over medium heat. Coat the filets with garlic pepper on the flesh side. When pan is heated, add filet flesh side down to pan to sear that side. Allow to cook for about 30 seconds. Then flip filets over with tongs.');
INSERT INTO "cooking_steps"("guid","recipe_id","order_number","description") VALUES('ee06daa5-1ccb-4974-a978-982c074350ce', 'dd787d45-cfcd-478d-ba80-8f2a4a6b9044', '2', 'Add white wine to pan and cover to steam. After about 2 minutes, much of the wine will have evaporated.');
INSERT INTO "cooking_steps"("guid","recipe_id","order_number","description") VALUES('cbfca76f-230a-441d-96ea-94bce9068bd0', 'dd787d45-cfcd-478d-ba80-8f2a4a6b9044', '3', 'Add the chicken stock gradually. Allow the filets to steam for another couple of minutes. Then add the lime juice. When bubbling and both filets are opaque all the way through, add the green onions to the pan and swirl in the sauce for a moment.');
INSERT INTO "cooking_steps"("guid","recipe_id","order_number","description") VALUES('e024c646-19b9-4d8e-a020-5579884f127b', 'dd787d45-cfcd-478d-ba80-8f2a4a6b9044', '4', 'Remove filets to beds of lettuce.');
INSERT INTO "cooking_steps"("guid","recipe_id","order_number","description") VALUES('cc9ad635-063b-41a9-99f5-10714642b431', 'dd787d45-cfcd-478d-ba80-8f2a4a6b9044', '5', 'Add a tsp of the Blood Orange Olive, swirl the green onions in the sauce one more time and then pour equal parts over the fish.');
INSERT INTO "cooking_steps"("guid","recipe_id","order_number","description") VALUES('2e3cbedd-99e3-4485-81bc-2b9845a24484', 'dd787d45-cfcd-478d-ba80-8f2a4a6b9044', '6', 'Garnish with fresh cilantro and lime wedges.');
INSERT INTO "cooking_steps"("guid","recipe_id","order_number","description") VALUES('d54f3023-7d54-4e89-b9b1-77a885bf52e7', 'dd787d45-cfcd-478d-ba80-8f2a4a6b9044', '7', 'Sprinkle with salt and pepper to taste.');
INSERT INTO "cooking_steps"("guid","recipe_id","order_number","description") VALUES('95fe321a-7e31-4b8a-84eb-82e6f9608a24', 'dd787d45-cfcd-478d-ba80-8f2a4a6b9044', '8', 'Serve immediately.');
INSERT INTO "recipe"("guid","title","description") VALUES('ca9c5199-3c8c-410b-9e35-118f4cc29706', 'Broccoli Tartar', 'Broccoli Tartar is a side dish that serves 12. One serving contains 140 calories, 6g of protein, and 6g of fat. For $1.06 per serving, this recipe covers 18% of your daily requirements of vitamins and minerals. This recipe is liked by 4 foodies and cooks. This recipe from Foodista requires hand blender, colorful tartar on a bed of vegetables. also an touch, chili powder, and parsley. It is a good option if you''re following a gluten free, dairy free, lacto ovo vegetarian, and vegan diet. From preparation to the plate, this recipe takes around 45 minutes. Taking all factors into account, this recipe earns a spoonacular score of 84%, which is great. Similar recipes include Broccoli Tartar, Rollo De Salmon Ahumado Con Salsa Tartar Y Lentejas (Smoked Salmon Roll with Tartar Sauce and Lentils), and Tartar Sauce.');
INSERT INTO "ingredients"("guid","name","dimension") VALUES('feb6eab8-bee5-4634-b924-28513fc42f39', 'apple cider vinegar', 'Tbsp') ON CONFLICT (name) DO UPDATE SET name = EXCLUDED.name;
INSERT INTO "recipe_ingredients"("recipe_id","ingredient_id","count") VALUES('ca9c5199-3c8c-410b-9e35-118f4cc29706', 'feb6eab8-bee5-4634-b924-28513fc42f39', '1.00');
INSERT INTO "ingredients"("guid","name","dimension") VALUES('8afe6bc8-22d0-4467-882f-e3b1c49bb223', 'broccoli', '') ON CONFLICT (name) DO UPDATE SET name = EXCLUDED.name;
INSERT INTO "recipe_ingredients"("recipe_id","ingredient_id","count") VALUES('ca9c5199-3c8c-410b-9e35-118f4cc29706', '8afe6bc8-22d0-4467-882f-e3b1c49bb223', '0.50');
INSERT INTO "ingredients"("guid","name","dimension") VALUES('378f36ec-feb8-4808-b0bc-c63fe29549f3', 'canned whole tomatoes', '') ON CONFLICT (name) DO UPDATE SET name = EXCLUDED.name;
INSERT INTO "recipe_ingredients"("recipe_id","ingredient_id","count") VALUES('ca9c5199-3c8c-410b-9e35-118f4cc29706', '378f36ec-feb8-4808-b0bc-c63fe29549f3', '2.00');
INSERT INTO "ingredients"("guid","name","dimension") VALUES('07264208-64f2-476e-b5fc-b57bfc08842f', 'fresh parsley', 'handfuls') ON CONFLICT (name) DO UPDATE SET name = EXCLUDED.name;
INSERT INTO "recipe_ingredients"("recipe_id","ingredient_id","count") VALUES('ca9c5199-3c8c-410b-9e35-118f4cc29706', '07264208-64f2-476e-b5fc-b57bfc08842f', '2.00');
INSERT INTO "ingredients"("guid","name","dimension") VALUES('7990c218-4516-45e3-81ed-e446a3f61c4a', 'herbes de provence', 'teaspoon') ON CONFLICT (name) DO UPDATE SET name = EXCLUDED.name;
INSERT INTO "recipe_ingredients"("recipe_id","ingredient_id","count") VALUES('ca9c5199-3c8c-410b-9e35-118f4cc29706', '7990c218-4516-45e3-81ed-e446a3f61c4a', '1.00');
INSERT INTO "ingredients"("guid","name","dimension") VALUES('903d4219-5d08-479e-85f9-3b1719bd0244', 'olive oil', 'Tbsp') ON CONFLICT (name) DO UPDATE SET name = EXCLUDED.name;
INSERT INTO "recipe_ingredients"("recipe_id","ingredient_id","count") VALUES('ca9c5199-3c8c-410b-9e35-118f4cc29706', '903d4219-5d08-479e-85f9-3b1719bd0244', '1.00');
INSERT INTO "ingredients"("guid","name","dimension") VALUES('96937524-708e-453a-b988-e4d7c3c1590a', 'shallot', '') ON CONFLICT (name) DO UPDATE SET name = EXCLUDED.name;
INSERT INTO "recipe_ingredients"("recipe_id","ingredient_id","count") VALUES('ca9c5199-3c8c-410b-9e35-118f4cc29706', '96937524-708e-453a-b988-e4d7c3c1590a', '1.00');
INSERT INTO "ingredients"("guid","name","dimension") VALUES('9ac231c6-e619-4f8c-a5c1-05c6f8a4e2f5', 'red pepper', '') ON CONFLICT (name) DO UPDATE SET name = EXCLUDED.name;
INSERT INTO "recipe_ingredients"("recipe_id","ingredient_id","count") VALUES('ca9c5199-3c8c-410b-9e35-118f4cc29706', '9ac231c6-e619-4f8c-a5c1-05c6f8a4e2f5', '1.00');
INSERT INTO "ingredients"("guid","name","dimension") VALUES('d7941077-6fc4-4296-a771-e9151b70e7a3', 'chili powder', 'small pinch') ON CONFLICT (name) DO UPDATE SET name = EXCLUDED.name;
INSERT INTO "recipe_ingredients"("recipe_id","ingredient_id","count") VALUES('ca9c5199-3c8c-410b-9e35-118f4cc29706', 'd7941077-6fc4-4296-a771-e9151b70e7a3', '1.00');
INSERT INTO "ingredients"("guid","name","dimension") VALUES('a742c14e-2eb2-41f0-9f10-8ca45400f0ab', 'coarse sea salt', 'servings') ON CONFLICT (name) DO UPDATE SET name = EXCLUDED.name;
INSERT INTO "recipe_ingredients"("recipe_id","ingredient_id","count") VALUES('ca9c5199-3c8c-410b-9e35-118f4cc29706', 'a742c14e-2eb2-41f0-9f10-8ca45400f0ab', '12.00');
INSERT INTO "ingredients"("guid","name","dimension") VALUES('ae846a01-b123-4983-b86f-bff61d4f8ef8', 'sesame seeds', 'servings') ON CONFLICT (name) DO UPDATE SET name = EXCLUDED.name;
INSERT INTO "recipe_ingredients"("recipe_id","ingredient_id","count") VALUES('ca9c5199-3c8c-410b-9e35-118f4cc29706', 'ae846a01-b123-4983-b86f-bff61d4f8ef8', '12.00');
INSERT INTO "ingredients"("guid","name","dimension") VALUES('cc775a25-dad7-44f7-8c85-0778a3bf8ae2', 'soy sauce', 'dash') ON CONFLICT (name) DO UPDATE SET name = EXCLUDED.name;
INSERT INTO "recipe_ingredients"("recipe_id","ingredient_id","count") VALUES('ca9c5199-3c8c-410b-9e35-118f4cc29706', 'cc775a25-dad7-44f7-8c85-0778a3bf8ae2', '1.00');
INSERT INTO "ingredients"("guid","name","dimension") VALUES('b6346a9c-4ab6-4019-a563-e19217e9ae58', 'mixed vegetables', 'servings') ON CONFLICT (name) DO UPDATE SET name = EXCLUDED.name;
INSERT INTO "recipe_ingredients"("recipe_id","ingredient_id","count") VALUES('ca9c5199-3c8c-410b-9e35-118f4cc29706', 'b6346a9c-4ab6-4019-a563-e19217e9ae58', '12.00');
INSERT INTO "ingredients"("guid","name","dimension") VALUES('326faf63-7712-49b0-8a69-f205b992cad3', '', 'servings') ON CONFLICT (name) DO UPDATE SET name = EXCLUDED.name;
INSERT INTO "recipe_ingredients"("recipe_id","ingredient_id","count") VALUES('ca9c5199-3c8c-410b-9e35-118f4cc29706', '326faf63-7712-49b0-8a69-f205b992cad3', '12.00');
INSERT INTO "ingredients"("guid","name","dimension") VALUES('326faf63-7712-49b0-8a69-f205b992cad3', '', 'milliliters') ON CONFLICT (name) DO UPDATE SET name = EXCLUDED.name;
INSERT INTO "recipe_ingredients"("recipe_id","ingredient_id","count") VALUES('ca9c5199-3c8c-410b-9e35-118f4cc29706', '326faf63-7712-49b0-8a69-f205b992cad3', '236.59');
INSERT INTO "cooking_steps"("guid","recipe_id","order_number","description") VALUES('3c2d13f9-c936-4d23-82ca-2ee28a2ce68f', 'ca9c5199-3c8c-410b-9e35-118f4cc29706', '1', 'Soak arame (seaweed can be found in a health-food store) in a bowl of pure water.');
INSERT INTO "cooking_steps"("guid","recipe_id","order_number","description") VALUES('37ab2ffc-0366-46fb-a629-d349586c7ac4', 'ca9c5199-3c8c-410b-9e35-118f4cc29706', '2', 'Put the grill of the oven and put a pot of water on the fire with a pinch of sea salt.Wash the pepper, broccoli, parsley and tomatoes. Carve a cross down the tomatoes, halve the peppers and remove the seeds and cut the broccoli into chunks.When the water boils you immerse the tomatoes and leave them for a swim, get them and let them scare in cold water. They are now ready to go out of their jackets.Meanwhile, the broccoli  can be swimming for 6 minutes in the boiling water. Note: The water will cool off and when back to a boil, then add 5 minutes. Get them dry and cool under cold water, then they stay nice and green.The pepper may be under the grill until it sees black.');
INSERT INTO "cooking_steps"("guid","recipe_id","order_number","description") VALUES('6a4caf73-81c0-401d-a16a-fcd44303c716', 'ca9c5199-3c8c-410b-9e35-118f4cc29706', '3', 'Let them cool and peel them.Chop the parsley.');
INSERT INTO "cooking_steps"("guid","recipe_id","order_number","description") VALUES('043c32fa-2d14-4e2d-b008-b843efd9a1c4', 'ca9c5199-3c8c-410b-9e35-118f4cc29706', '4', 'Put the cooled broccoli in a long narrow bowl and blend finely with a hand blender.');
INSERT INTO "cooking_steps"("guid","recipe_id","order_number","description") VALUES('4fa7d397-e4da-4790-982f-24758a8c596e', 'ca9c5199-3c8c-410b-9e35-118f4cc29706', '5', 'Add the oil and vinegar with the salt.');
INSERT INTO "cooking_steps"("guid","recipe_id","order_number","description") VALUES('d496e257-80a4-4389-9278-6c68e2430aa6', 'ca9c5199-3c8c-410b-9e35-118f4cc29706', '6', 'Add half the parsley and mix into a smooth puree. If too grainy (dry) put some extra oil.');
INSERT INTO "cooking_steps"("guid","recipe_id","order_number","description") VALUES('7f4beb67-e7a9-48fd-9ce0-3695fde535fd', 'ca9c5199-3c8c-410b-9e35-118f4cc29706', '7', 'Cut the unseeded, peeled tomatoes and peppers into very small pieces.The shallot or onion may be chopped in mini pieces.');
INSERT INTO "cooking_steps"("guid","recipe_id","order_number","description") VALUES('e178bea6-cf3f-4d22-add2-d3fafa7f860c', 'ca9c5199-3c8c-410b-9e35-118f4cc29706', '8', 'Add the chopped vegetables to the puree and stir gently with a spoon. The rest of the chopped parsley may be added now. A little salt, soy sauce and chili powder. Start with a little bit and add some more later if desired. The herbs de Provence can now embellish the whole with its bright flavor.The seaweed may now well out of the water and squeeze out any excess moisture.');
INSERT INTO "cooking_steps"("guid","recipe_id","order_number","description") VALUES('65f82faa-c442-4bcd-bbab-be5445005d9f', 'ca9c5199-3c8c-410b-9e35-118f4cc29706', '9', 'Cut the seaweed finely and mix carefully with the puree.With an ice cream spoon you  create beautiful balls and sprinkle with toasted sesame seeds.bon apptit');
INSERT INTO "recipe"("guid","title","description") VALUES('9fb29be6-3190-4ebd-a6ef-c7d2d113dc86', 'Spinach and Gorgonzola Stuffed Flank Steak', 'Spinach and Gorgonzola Stuffed Flank Steak might be just the main course you are searching for. For $4.27 per serving, this recipe covers 39% of your daily requirements of vitamins and minerals. One portion of this dish contains approximately 47g of protein, 28g of fat, and a total of 523 calories. This recipe serves 4. 9 people found this recipe to be tasty and satisfying. It is perfect for valentin day. If you have gorgonzola, olive oil, shallot, and a few other ingredients on hand, you can make it. From preparation to the plate, this recipe takes roughly 45 minutes. It is brought to you by Foodista. Taking all factors into account, this recipe earns a spoonacular score of 95%, which is super. If you like this recipe, you might also like recipes such as Bruce Aidells'' Spinach and Gorgonzola-Stuffed Flank Steak, Spinach-stuffed Flank Steak, and Spinach and Carrot Stuffed Flank Steak.');
INSERT INTO "ingredients"("guid","name","dimension") VALUES('2f6e7e91-ada3-404e-abf4-9eb890e0b675', 'flank steak', 'grams') ON CONFLICT (name) DO UPDATE SET name = EXCLUDED.name;
INSERT INTO "recipe_ingredients"("recipe_id","ingredient_id","count") VALUES('9fb29be6-3190-4ebd-a6ef-c7d2d113dc86', '2f6e7e91-ada3-404e-abf4-9eb890e0b675', '680.39');
INSERT INTO "ingredients"("guid","name","dimension") VALUES('903d4219-5d08-479e-85f9-3b1719bd0244', 'olive oil', 'Tbsps') ON CONFLICT (name) DO UPDATE SET name = EXCLUDED.name;
INSERT INTO "recipe_ingredients"("recipe_id","ingredient_id","count") VALUES('9fb29be6-3190-4ebd-a6ef-c7d2d113dc86', '903d4219-5d08-479e-85f9-3b1719bd0244', '3.00');
INSERT INTO "ingredients"("guid","name","dimension") VALUES('96937524-708e-453a-b988-e4d7c3c1590a', 'shallot', '') ON CONFLICT (name) DO UPDATE SET name = EXCLUDED.name;
INSERT INTO "recipe_ingredients"("recipe_id","ingredient_id","count") VALUES('9fb29be6-3190-4ebd-a6ef-c7d2d113dc86', '96937524-708e-453a-b988-e4d7c3c1590a', '1.00');
INSERT INTO "ingredients"("guid","name","dimension") VALUES('dbc919c2-5ad7-4841-956b-e8ade5c102a6', 'spinach', 'grams') ON CONFLICT (name) DO UPDATE SET name = EXCLUDED.name;
INSERT INTO "recipe_ingredients"("recipe_id","ingredient_id","count") VALUES('9fb29be6-3190-4ebd-a6ef-c7d2d113dc86', 'dbc919c2-5ad7-4841-956b-e8ade5c102a6', '226.80');
INSERT INTO "ingredients"("guid","name","dimension") VALUES('97eef4b0-d4c9-4f63-b148-2dc0a995141d', 'breadcrumbs', 'milliliters') ON CONFLICT (name) DO UPDATE SET name = EXCLUDED.name;
INSERT INTO "recipe_ingredients"("recipe_id","ingredient_id","count") VALUES('9fb29be6-3190-4ebd-a6ef-c7d2d113dc86', '97eef4b0-d4c9-4f63-b148-2dc0a995141d', '177.44');
INSERT INTO "ingredients"("guid","name","dimension") VALUES('a12b0314-3b6d-41b3-a177-302ae8876a86', 'blue cheese', 'grams') ON CONFLICT (name) DO UPDATE SET name = EXCLUDED.name;
INSERT INTO "recipe_ingredients"("recipe_id","ingredient_id","count") VALUES('9fb29be6-3190-4ebd-a6ef-c7d2d113dc86', 'a12b0314-3b6d-41b3-a177-302ae8876a86', '113.40');
INSERT INTO "ingredients"("guid","name","dimension") VALUES('bd6df831-fb53-48d0-af46-c32ee7488a9b', 'salt and pepper', 'servings') ON CONFLICT (name) DO UPDATE SET name = EXCLUDED.name;
INSERT INTO "recipe_ingredients"("recipe_id","ingredient_id","count") VALUES('9fb29be6-3190-4ebd-a6ef-c7d2d113dc86', 'bd6df831-fb53-48d0-af46-c32ee7488a9b', '4.00');
INSERT INTO "cooking_steps"("guid","recipe_id","order_number","description") VALUES('5cc46d10-ea70-4ede-bb11-6d608a256327', '9fb29be6-3190-4ebd-a6ef-c7d2d113dc86', '1', 'Preheat oven to 37');
INSERT INTO "cooking_steps"("guid","recipe_id","order_number","description") VALUES('dc1330e6-fc1d-47b1-aaf7-7360ac433e09', '9fb29be6-3190-4ebd-a6ef-c7d2d113dc86', '2', 'Butterfly the steak by using a long sharp knife holding it parallel to the work surface, cut through the long side of the steak, stopping about  inch from the opposite side. If the steak is already thin, just pound it with a mallet to  inch thick.');
INSERT INTO "cooking_steps"("guid","recipe_id","order_number","description") VALUES('0a61dfde-1277-42e5-b2e6-ff1838025c68', '9fb29be6-3190-4ebd-a6ef-c7d2d113dc86', '3', 'In a large skillet over medium heat add 1 tablespoon olive oil and saut` the shallots until soft, 2 minutes.');
INSERT INTO "cooking_steps"("guid","recipe_id","order_number","description") VALUES('df3a87c4-f5ac-4c9f-b653-b3fae90b7cbd', '9fb29be6-3190-4ebd-a6ef-c7d2d113dc86', '4', 'Add the spinach and cook until just wilted, about 2 to 3 minutes.');
INSERT INTO "cooking_steps"("guid","recipe_id","order_number","description") VALUES('6ab63a20-26ea-491a-a223-6dfb1b8d03e8', '9fb29be6-3190-4ebd-a6ef-c7d2d113dc86', '5', 'Transfer to a colander.');
INSERT INTO "cooking_steps"("guid","recipe_id","order_number","description") VALUES('707446f1-2a93-4a94-8030-3878795f2bf0', '9fb29be6-3190-4ebd-a6ef-c7d2d113dc86', '6', 'When cool enough to handle, squeeze out all the moisture from the spinach and transfer to a medium bowl. Stir in the bread crumbs and cheese. Season with salt and pepper.');
INSERT INTO "cooking_steps"("guid","recipe_id","order_number","description") VALUES('94671a5d-e659-4b27-958d-b8abb8b69958', '9fb29be6-3190-4ebd-a6ef-c7d2d113dc86', '7', 'Place the steak on a sheet of plastic wrap. Smear the spinach mixture evenly over the steak, leaving about 1 inch border along the side edge. Beginning with the side near you and using the plastic wrap as an aid, rollup the steak, gently pressing on the filling.');
INSERT INTO "cooking_steps"("guid","recipe_id","order_number","description") VALUES('3b1d0e03-1324-4d34-b01f-a242791fb4ea', '9fb29be6-3190-4ebd-a6ef-c7d2d113dc86', '8', 'Tie the rolled steak with twine at 2-3 inch interval.');
INSERT INTO "cooking_steps"("guid","recipe_id","order_number","description") VALUES('6df70200-78d9-4f86-91d6-a8e097e3e805', '9fb29be6-3190-4ebd-a6ef-c7d2d113dc86', '9', 'Season the outside with salt and pepper.');
INSERT INTO "cooking_steps"("guid","recipe_id","order_number","description") VALUES('affdf519-ca34-46a9-9152-bf346fba2e5e', '9fb29be6-3190-4ebd-a6ef-c7d2d113dc86', '10', 'Heat the remaining 2 tablespoons olive oil in a large ovenproof skillet over medium high heat. Sear the roast on all sided, about 2 minutes per side.');
INSERT INTO "cooking_steps"("guid","recipe_id","order_number","description") VALUES('2064fbb7-ad6a-4a4f-a60f-05acc8df743a', '9fb29be6-3190-4ebd-a6ef-c7d2d113dc86', '11', 'Place in the oven and roast for 20 to 25 minutes.');
INSERT INTO "cooking_steps"("guid","recipe_id","order_number","description") VALUES('b0d052ee-305d-4795-8a5e-e226b4872047', '9fb29be6-3190-4ebd-a6ef-c7d2d113dc86', '12', 'Transfer to a cutting board, tend with aluminum foil and allow resting for 10 minutes.');
INSERT INTO "cooking_steps"("guid","recipe_id","order_number","description") VALUES('156674e1-2078-4dc9-a187-d0e3dee0c467', '9fb29be6-3190-4ebd-a6ef-c7d2d113dc86', '13', 'To serve, remove the twine from the roast and cut into  inch to 1 inch thick slices.');
INSERT INTO "recipe"("guid","title","description") VALUES('2bde7256-5704-46f7-8b2e-618c6f2fe25a', 'Vegetarian Mushroom Shepherd''s Pie', 'The recipe Vegetarian Mushroom Shepherd''s Pie is ready in around 45 minutes and is definitely an awesome gluten free and dairy free option for lovers of European food. For $1.16 per serving, you get a hor d''oeuvre that serves 12. One serving contains 113 calories, 5g of protein, and 5g of fat. 11 person were glad they tried this recipe. This recipe from Foodista requires ground pepper, thyme, unrefined sunflower oil, and paprika. All things considered, we decided this recipe deserves a spoonacular score of 83%. This score is spectacular. Similar recipes are Vegetarian Mushroom Shepherd''s Pie, Vegetarian Mushroom Shepherd''s Pie, and Vegetarian Mushroom Shepherd''s Pie - With Vegan Version.');
INSERT INTO "ingredients"("guid","name","dimension") VALUES('45a4ade0-99e8-48ca-8eff-27d726cedcd2', 'red potato', 'kg') ON CONFLICT (name) DO UPDATE SET name = EXCLUDED.name;
INSERT INTO "recipe_ingredients"("recipe_id","ingredient_id","count") VALUES('2bde7256-5704-46f7-8b2e-618c6f2fe25a', '45a4ade0-99e8-48ca-8eff-27d726cedcd2', '1.00');
INSERT INTO "ingredients"("guid","name","dimension") VALUES('850b6299-2104-4095-b551-18a6b9843bca', 'soy lecithin granules', 'grams') ON CONFLICT (name) DO UPDATE SET name = EXCLUDED.name;
INSERT INTO "recipe_ingredients"("recipe_id","ingredient_id","count") VALUES('2bde7256-5704-46f7-8b2e-618c6f2fe25a', '850b6299-2104-4095-b551-18a6b9843bca', '100.00');
INSERT INTO "ingredients"("guid","name","dimension") VALUES('8a796c5b-30da-4945-8789-a16b231ef1b6', 'fresh mushrooms', 'kg') ON CONFLICT (name) DO UPDATE SET name = EXCLUDED.name;
INSERT INTO "recipe_ingredients"("recipe_id","ingredient_id","count") VALUES('2bde7256-5704-46f7-8b2e-618c6f2fe25a', '8a796c5b-30da-4945-8789-a16b231ef1b6', '1.00');
INSERT INTO "ingredients"("guid","name","dimension") VALUES('6b9754b0-3c6c-4528-a35f-9d80119ed1aa', 'carrot', '') ON CONFLICT (name) DO UPDATE SET name = EXCLUDED.name;
INSERT INTO "recipe_ingredients"("recipe_id","ingredient_id","count") VALUES('2bde7256-5704-46f7-8b2e-618c6f2fe25a', '6b9754b0-3c6c-4528-a35f-9d80119ed1aa', '1.00');
INSERT INTO "ingredients"("guid","name","dimension") VALUES('9ac231c6-e619-4f8c-a5c1-05c6f8a4e2f5', 'red pepper', '') ON CONFLICT (name) DO UPDATE SET name = EXCLUDED.name;
INSERT INTO "recipe_ingredients"("recipe_id","ingredient_id","count") VALUES('2bde7256-5704-46f7-8b2e-618c6f2fe25a', '9ac231c6-e619-4f8c-a5c1-05c6f8a4e2f5', '1.00');
INSERT INTO "ingredients"("guid","name","dimension") VALUES('ea4db820-b562-4cff-bc98-bae139a325df', 'onion', '') ON CONFLICT (name) DO UPDATE SET name = EXCLUDED.name;
INSERT INTO "recipe_ingredients"("recipe_id","ingredient_id","count") VALUES('2bde7256-5704-46f7-8b2e-618c6f2fe25a', 'ea4db820-b562-4cff-bc98-bae139a325df', '2.00');
INSERT INTO "ingredients"("guid","name","dimension") VALUES('abdfd90e-ae7f-4655-a3d2-3ac9a33f1919', 'dill', 'bunch') ON CONFLICT (name) DO UPDATE SET name = EXCLUDED.name;
INSERT INTO "recipe_ingredients"("recipe_id","ingredient_id","count") VALUES('2bde7256-5704-46f7-8b2e-618c6f2fe25a', 'abdfd90e-ae7f-4655-a3d2-3ac9a33f1919', '1.00');
INSERT INTO "ingredients"("guid","name","dimension") VALUES('27c079a0-03ea-45db-a14e-9df91e41d93d', 'parsley', 'bunch') ON CONFLICT (name) DO UPDATE SET name = EXCLUDED.name;
INSERT INTO "recipe_ingredients"("recipe_id","ingredient_id","count") VALUES('2bde7256-5704-46f7-8b2e-618c6f2fe25a', '27c079a0-03ea-45db-a14e-9df91e41d93d', '1.00');
INSERT INTO "ingredients"("guid","name","dimension") VALUES('e934ef32-96fd-4f0d-ba73-9ef29f319727', 'dry yeast', '') ON CONFLICT (name) DO UPDATE SET name = EXCLUDED.name;
INSERT INTO "recipe_ingredients"("recipe_id","ingredient_id","count") VALUES('2bde7256-5704-46f7-8b2e-618c6f2fe25a', 'e934ef32-96fd-4f0d-ba73-9ef29f319727', '2.00');
INSERT INTO "ingredients"("guid","name","dimension") VALUES('a742c14e-2eb2-41f0-9f10-8ca45400f0ab', 'coarse sea salt', 'servings') ON CONFLICT (name) DO UPDATE SET name = EXCLUDED.name;
INSERT INTO "recipe_ingredients"("recipe_id","ingredient_id","count") VALUES('2bde7256-5704-46f7-8b2e-618c6f2fe25a', 'a742c14e-2eb2-41f0-9f10-8ca45400f0ab', '12.00');
INSERT INTO "ingredients"("guid","name","dimension") VALUES('42f28b03-e136-4fc2-b343-5d16cada339d', 'black pepper', 'teaspoons') ON CONFLICT (name) DO UPDATE SET name = EXCLUDED.name;
INSERT INTO "recipe_ingredients"("recipe_id","ingredient_id","count") VALUES('2bde7256-5704-46f7-8b2e-618c6f2fe25a', '42f28b03-e136-4fc2-b343-5d16cada339d', '0.50');
INSERT INTO "ingredients"("guid","name","dimension") VALUES('bf40b637-dd8d-4d56-b8fd-f194f4105c6f', 'sweet paprika', 'teaspoon') ON CONFLICT (name) DO UPDATE SET name = EXCLUDED.name;
INSERT INTO "recipe_ingredients"("recipe_id","ingredient_id","count") VALUES('2bde7256-5704-46f7-8b2e-618c6f2fe25a', 'bf40b637-dd8d-4d56-b8fd-f194f4105c6f', '1.00');
INSERT INTO "ingredients"("guid","name","dimension") VALUES('c2323bdd-285e-4510-88f1-9cffb7223861', 'thyme', 'Tbsp') ON CONFLICT (name) DO UPDATE SET name = EXCLUDED.name;
INSERT INTO "recipe_ingredients"("recipe_id","ingredient_id","count") VALUES('2bde7256-5704-46f7-8b2e-618c6f2fe25a', 'c2323bdd-285e-4510-88f1-9cffb7223861', '1.00');
INSERT INTO "ingredients"("guid","name","dimension") VALUES('851fead3-2e6e-4932-a5a9-9b0d28757643', 'sunflower oil', 'Tbsps') ON CONFLICT (name) DO UPDATE SET name = EXCLUDED.name;
INSERT INTO "recipe_ingredients"("recipe_id","ingredient_id","count") VALUES('2bde7256-5704-46f7-8b2e-618c6f2fe25a', '851fead3-2e6e-4932-a5a9-9b0d28757643', '2.00');
INSERT INTO "cooking_steps"("guid","recipe_id","order_number","description") VALUES('6c3058f1-2ce3-4e82-81b3-abb844271d67', '2bde7256-5704-46f7-8b2e-618c6f2fe25a', '1', 'Peel potatoes and put them in a large pot filled with water. Boil them until they''re tender. Mash them and let them cool for a while.');
INSERT INTO "cooking_steps"("guid","recipe_id","order_number","description") VALUES('bff66dff-d2a1-4d4c-ae54-6148ed2ffce4', '2bde7256-5704-46f7-8b2e-618c6f2fe25a', '2', 'Chop the mushrooms, carrot and red bell pepper.');
INSERT INTO "cooking_steps"("guid","recipe_id","order_number","description") VALUES('dee20429-a4e1-4a77-ae4b-6b7a86e70e3a', '2bde7256-5704-46f7-8b2e-618c6f2fe25a', '3', 'Add them into your food processor and pulse until all ingredients are well mixed together.');
INSERT INTO "cooking_steps"("guid","recipe_id","order_number","description") VALUES('9f75ab20-fb87-432d-8400-d85554ef1fbf', '2bde7256-5704-46f7-8b2e-618c6f2fe25a', '4', 'Heat oil in a large skillet.');
INSERT INTO "cooking_steps"("guid","recipe_id","order_number","description") VALUES('168d3430-2eee-49c4-9813-17b8c56e65eb', '2bde7256-5704-46f7-8b2e-618c6f2fe25a', '5', 'Add the mixture above, diced onions, chopped dill and parsley, soy granules, eggs (or egg substitute) and spices. Saut for 10 minutes.');
INSERT INTO "cooking_steps"("guid","recipe_id","order_number","description") VALUES('90c026eb-a55b-4033-938d-f13d9fca41ab', '2bde7256-5704-46f7-8b2e-618c6f2fe25a', '6', '* I added the soy granules without boiling them because the mushrooms contain a lot of water and these soy granules will absorb all excess water.');
INSERT INTO "cooking_steps"("guid","recipe_id","order_number","description") VALUES('47a3a4e0-145e-4520-bdcd-291a5b9ca93c', '2bde7256-5704-46f7-8b2e-618c6f2fe25a', '7', 'Put some parchment paper on the bottom of a casserole. Divide the mashed potatoes in two.');
INSERT INTO "cooking_steps"("guid","recipe_id","order_number","description") VALUES('e6c237d3-684a-4a08-b60a-10e8acdcdb33', '2bde7256-5704-46f7-8b2e-618c6f2fe25a', '8', 'Place the first half in the casserole and spread it with a spatula.');
INSERT INTO "cooking_steps"("guid","recipe_id","order_number","description") VALUES('e69711a4-4478-470c-9356-d8039258169e', '2bde7256-5704-46f7-8b2e-618c6f2fe25a', '9', 'Add the filling.');
INSERT INTO "cooking_steps"("guid","recipe_id","order_number","description") VALUES('291d59fe-0cbd-400c-a16c-3510c9ea3412', '2bde7256-5704-46f7-8b2e-618c6f2fe25a', '10', 'Place over the other half of mashed potatoes.');
INSERT INTO "cooking_steps"("guid","recipe_id","order_number","description") VALUES('ed66b9b2-bf3f-4794-9c48-b273e1ff00c2', '2bde7256-5704-46f7-8b2e-618c6f2fe25a', '11', 'Heat your oven at 39');
INSERT INTO "cooking_steps"("guid","recipe_id","order_number","description") VALUES('51ce8682-3c12-4814-903a-80cb7356ddd1', '2bde7256-5704-46f7-8b2e-618c6f2fe25a', '12', 'Put the casserole in the oven. Cook for 40 minutes.');
INSERT INTO "cooking_steps"("guid","recipe_id","order_number","description") VALUES('46071380-4eb1-4c65-a2f4-c7263229fe0a', '2bde7256-5704-46f7-8b2e-618c6f2fe25a', '13', 'Don''t serve immediately.');
INSERT INTO "cooking_steps"("guid","recipe_id","order_number","description") VALUES('c8aa65b1-ce9f-4bf7-9f06-02ab2f8e1066', '2bde7256-5704-46f7-8b2e-618c6f2fe25a', '14', 'Let it cool for at least half an hour.');
INSERT INTO "recipe"("guid","title","description") VALUES('2e416bed-0581-4ab4-be94-10bbfeae2ef7', 'Slow Cooker Chicken Taco Soup', 'Forget going out to eat or ordering takeout every time you crave Mexican food. Try making Slow Cooker Chicken Taco Soup at home. One portion of this dish contains about 24g of protein, 4g of fat, and a total of 312 calories. This gluten free and dairy free recipe serves 6 and costs $1.41 per serving. 2182 people have tried and liked this recipe. It works well as a main course. If you have black beans, chili beans, canned tomatoes, and a few other ingredients on hand, you can make it. It is perfect for Autumn. From preparation to the plate, this recipe takes around 8 hours and 5 minutes. It is brought to you by Pink When. Overall, this recipe earns an awesome spoonacular score of 95%. Users who liked this recipe also liked Slow Cooker Chicken Taco Soup, Slow Cooker Chicken Taco Soup, and Slow Cooker Chicken Taco Soup.');
INSERT INTO "ingredients"("guid","name","dimension") VALUES('f5837f7a-4248-4db8-ad50-bf8b1c6868cd', 'canned black beans', 'grams') ON CONFLICT (name) DO UPDATE SET name = EXCLUDED.name;
INSERT INTO "recipe_ingredients"("recipe_id","ingredient_id","count") VALUES('2e416bed-0581-4ab4-be94-10bbfeae2ef7', 'f5837f7a-4248-4db8-ad50-bf8b1c6868cd', '425.24');
INSERT INTO "ingredients"("guid","name","dimension") VALUES('b2a117bc-d535-40ca-a22f-61c604538dac', 'diced tomatoes with green chilies', 'grams') ON CONFLICT (name) DO UPDATE SET name = EXCLUDED.name;
INSERT INTO "recipe_ingredients"("recipe_id","ingredient_id","count") VALUES('2e416bed-0581-4ab4-be94-10bbfeae2ef7', 'b2a117bc-d535-40ca-a22f-61c604538dac', '566.99');
INSERT INTO "ingredients"("guid","name","dimension") VALUES('6ad456a6-2c85-4bfe-a807-b32da68350cb', 'canned tomatoes', 'grams') ON CONFLICT (name) DO UPDATE SET name = EXCLUDED.name;
INSERT INTO "recipe_ingredients"("recipe_id","ingredient_id","count") VALUES('2e416bed-0581-4ab4-be94-10bbfeae2ef7', '6ad456a6-2c85-4bfe-a807-b32da68350cb', '425.24');
INSERT INTO "ingredients"("guid","name","dimension") VALUES('413afc1a-0078-4def-87fb-a4004a319ab7', 'chili beans', 'grams') ON CONFLICT (name) DO UPDATE SET name = EXCLUDED.name;
INSERT INTO "recipe_ingredients"("recipe_id","ingredient_id","count") VALUES('2e416bed-0581-4ab4-be94-10bbfeae2ef7', '413afc1a-0078-4def-87fb-a4004a319ab7', '425.24');
INSERT INTO "ingredients"("guid","name","dimension") VALUES('c07a89e5-c194-4b89-b8a1-c3c79e799614', 'corn', 'grams') ON CONFLICT (name) DO UPDATE SET name = EXCLUDED.name;
INSERT INTO "recipe_ingredients"("recipe_id","ingredient_id","count") VALUES('2e416bed-0581-4ab4-be94-10bbfeae2ef7', 'c07a89e5-c194-4b89-b8a1-c3c79e799614', '425.24');
INSERT INTO "ingredients"("guid","name","dimension") VALUES('07ee04d6-0ddb-4b7d-9cce-84b109d78c35', 'red onion', 'large') ON CONFLICT (name) DO UPDATE SET name = EXCLUDED.name;
INSERT INTO "recipe_ingredients"("recipe_id","ingredient_id","count") VALUES('2e416bed-0581-4ab4-be94-10bbfeae2ef7', '07ee04d6-0ddb-4b7d-9cce-84b109d78c35', '1.00');
INSERT INTO "ingredients"("guid","name","dimension") VALUES('2bc344f3-5d44-463a-9232-094a3499e200', 'boneless skinless chicken breast', '') ON CONFLICT (name) DO UPDATE SET name = EXCLUDED.name;
INSERT INTO "recipe_ingredients"("recipe_id","ingredient_id","count") VALUES('2e416bed-0581-4ab4-be94-10bbfeae2ef7', '2bc344f3-5d44-463a-9232-094a3499e200', '3.00');
INSERT INTO "cooking_steps"("guid","recipe_id","order_number","description") VALUES('1f8b684f-c2a3-4b86-9464-6aa7f466084c', '2e416bed-0581-4ab4-be94-10bbfeae2ef7', '1', 'Once you have all of your ingredients added, allow it to cook all day for 8 hours on low. If you are wanting to make this a little faster, turn it on high and cook for 4 hours.When your Chicken Taco Soup is ready to serve, add in some crushed tortilla shells, shredded cheddar cheese, and a little sour cream.');
INSERT INTO "recipe"("guid","title","description") VALUES('e046af65-031e-427a-9577-2ec54389de2d', 'Broccoli with cheese soup', 'Broccoli with cheese soup could be just the lacto ovo vegetarian recipe you''ve been looking for. This recipe serves 4 and costs 66 cents per serving. One serving contains 120 calories, 7g of protein, and 5g of fat. It can be enjoyed any time, but it is especially good for Autumn. 18 people found this recipe to be delicious and satisfying. Head to the store and pick up broccoli florets, flour, milk, and a few other things to make it today. It is brought to you by Foodista. A few people really liked this side dish. From preparation to the plate, this recipe takes approximately 45 minutes. Taking all factors into account, this recipe earns a spoonacular score of 95%, which is great. If you like this recipe, you might also like recipes such as Broccoli Cheese Soup, Broccoli Cheese Soup, and Broccoli Cheese Soup.');
INSERT INTO "ingredients"("guid","name","dimension") VALUES('3921781d-cce1-43ff-89bd-b9ab794ee5e1', 'broccoli florets', 'grams') ON CONFLICT (name) DO UPDATE SET name = EXCLUDED.name;
INSERT INTO "recipe_ingredients"("recipe_id","ingredient_id","count") VALUES('e046af65-031e-427a-9577-2ec54389de2d', '3921781d-cce1-43ff-89bd-b9ab794ee5e1', '400.00');
INSERT INTO "ingredients"("guid","name","dimension") VALUES('98a8afde-32db-419a-89cb-1b926b72ffad', 'wheat flour', 'Tbs') ON CONFLICT (name) DO UPDATE SET name = EXCLUDED.name;
INSERT INTO "recipe_ingredients"("recipe_id","ingredient_id","count") VALUES('e046af65-031e-427a-9577-2ec54389de2d', '98a8afde-32db-419a-89cb-1b926b72ffad', '2.00');
INSERT INTO "ingredients"("guid","name","dimension") VALUES('d335ee18-6a39-4d88-a658-8704d49271f8', 'whole milk', 'milliliters') ON CONFLICT (name) DO UPDATE SET name = EXCLUDED.name;
INSERT INTO "recipe_ingredients"("recipe_id","ingredient_id","count") VALUES('e046af65-031e-427a-9577-2ec54389de2d', 'd335ee18-6a39-4d88-a658-8704d49271f8', '236.59');
INSERT INTO "ingredients"("guid","name","dimension") VALUES('28c07cea-eca0-4f7e-aa9b-3439cda3dd4d', 'garlic powder', 'teaspoons') ON CONFLICT (name) DO UPDATE SET name = EXCLUDED.name;
INSERT INTO "recipe_ingredients"("recipe_id","ingredient_id","count") VALUES('e046af65-031e-427a-9577-2ec54389de2d', '28c07cea-eca0-4f7e-aa9b-3439cda3dd4d', '0.12');
INSERT INTO "ingredients"("guid","name","dimension") VALUES('9d2c9ee9-fe26-4970-a0f6-256bcee3f2c3', 'table salt', 'teaspoons') ON CONFLICT (name) DO UPDATE SET name = EXCLUDED.name;
INSERT INTO "recipe_ingredients"("recipe_id","ingredient_id","count") VALUES('e046af65-031e-427a-9577-2ec54389de2d', '9d2c9ee9-fe26-4970-a0f6-256bcee3f2c3', '0.25');
INSERT INTO "ingredients"("guid","name","dimension") VALUES('42f28b03-e136-4fc2-b343-5d16cada339d', 'black pepper', 'teaspoons') ON CONFLICT (name) DO UPDATE SET name = EXCLUDED.name;
INSERT INTO "recipe_ingredients"("recipe_id","ingredient_id","count") VALUES('e046af65-031e-427a-9577-2ec54389de2d', '42f28b03-e136-4fc2-b343-5d16cada339d', '0.25');
INSERT INTO "ingredients"("guid","name","dimension") VALUES('95b9b26a-b6f3-4704-981f-0a9c5b323fe9', 'feta cheese', 'grams') ON CONFLICT (name) DO UPDATE SET name = EXCLUDED.name;
INSERT INTO "recipe_ingredients"("recipe_id","ingredient_id","count") VALUES('e046af65-031e-427a-9577-2ec54389de2d', '95b9b26a-b6f3-4704-981f-0a9c5b323fe9', '50.00');
INSERT INTO "ingredients"("guid","name","dimension") VALUES('9e2f73ec-7f09-4623-8fad-78490860058d', 'swiss chard', 'grams') ON CONFLICT (name) DO UPDATE SET name = EXCLUDED.name;
INSERT INTO "recipe_ingredients"("recipe_id","ingredient_id","count") VALUES('e046af65-031e-427a-9577-2ec54389de2d', '9e2f73ec-7f09-4623-8fad-78490860058d', '50.00');
INSERT INTO "cooking_steps"("guid","recipe_id","order_number","description") VALUES('a6a36374-0eb6-44b9-85c6-fe3a603b6725', 'e046af65-031e-427a-9577-2ec54389de2d', '1', 'Add onions and carrots to the melted butter and saute for 5-6 minutes over medium heat, or until vegetables are tender.');
INSERT INTO "cooking_steps"("guid","recipe_id","order_number","description") VALUES('736c2861-7aae-4abe-8bf5-a8f45ad7ce7b', 'e046af65-031e-427a-9577-2ec54389de2d', '2', 'Add 1 cup chicken broth and bring to the boil.');
INSERT INTO "cooking_steps"("guid","recipe_id","order_number","description") VALUES('68f2fd82-8c41-4073-aa7e-3a326ce9b1aa', 'e046af65-031e-427a-9577-2ec54389de2d', '3', 'Add broccoli and cook, covered, 5 to 6 minutes or until the broccoli is tender. Using a spoon, break broccoli florets in small pieces.');
INSERT INTO "cooking_steps"("guid","recipe_id","order_number","description") VALUES('75ffde8e-cc68-4084-b7e4-3a80f0ced7ee', 'e046af65-031e-427a-9577-2ec54389de2d', '4', 'Reduce heat to low and add remaining cup of chicken broth.');
INSERT INTO "cooking_steps"("guid","recipe_id","order_number","description") VALUES('74d7af72-ccda-4ff3-96ce-ec7f9c27cd20', 'e046af65-031e-427a-9577-2ec54389de2d', '5', 'Mix flour and milk in a small bowl and whisk until smooth.');
INSERT INTO "cooking_steps"("guid","recipe_id","order_number","description") VALUES('65b95942-f6c5-42ad-b825-7a940c719b07', 'e046af65-031e-427a-9577-2ec54389de2d', '6', 'Add mixture to the pot.');
INSERT INTO "cooking_steps"("guid","recipe_id","order_number","description") VALUES('0fdc119f-b62a-4ba6-add1-da7abbe3a3e8', 'e046af65-031e-427a-9577-2ec54389de2d', '7', 'Add garlic powder, salt, and pepper. Continue cooking for about 5-6 minutes over low heat until soup thickens.');
INSERT INTO "cooking_steps"("guid","recipe_id","order_number","description") VALUES('d7c2e75f-02ab-466c-bb7c-7ef7316a8669', 'e046af65-031e-427a-9577-2ec54389de2d', '8', 'Add cheese, handfuls at a time, and stir constantly over low heat for 10 minutes until smooth and creamy. If soup becomes too thick, add additional chicken stock. Do not let soup boil.');
INSERT INTO "recipe"("guid","title","description") VALUES('64df753f-cf46-4785-94d8-a339efda34f6', 'Asian Chicken and Broccoli With Chili Garlic Sauce', 'The recipe Asian Chicken and Broccoli With Chili Garlic Sauce could satisfy your Asian craving in approximately 45 minutes. One serving contains 546 calories, 33g of protein, and 9g of fat. For $2.42 per serving, this recipe covers 35% of your daily requirements of vitamins and minerals. This recipe serves 4. 3 people have tried and liked this recipe. The Super Bowl will be even more special with this recipe. It works well as a rather inexpensive main course. It is a good option if you''re following a gluten free and dairy free diet. If you have cornstarch, fish sauce, chili garlic sauce, and a few other ingredients on hand, you can make it. It is brought to you by Foodista. Overall, this recipe earns a super spoonacular score of 93%. Similar recipes are Asian Chicken and Broccoli with Chili Garlic Sauce, {Video} Crunchy Asian Fried Chicken with Garlic Chili Sauce, and Asian Broccoli Salad with Tangy Chili-Garlic Dressing.');
INSERT INTO "ingredients"("guid","name","dimension") VALUES('fa00c8c9-a8c2-40a6-9662-52aaf797b9b1', 'sesame oil', 'Tbsp') ON CONFLICT (name) DO UPDATE SET name = EXCLUDED.name;
INSERT INTO "recipe_ingredients"("recipe_id","ingredient_id","count") VALUES('64df753f-cf46-4785-94d8-a339efda34f6', 'fa00c8c9-a8c2-40a6-9662-52aaf797b9b1', '1.00');
INSERT INTO "ingredients"("guid","name","dimension") VALUES('3921781d-cce1-43ff-89bd-b9ab794ee5e1', 'broccoli florets', 'milliliters') ON CONFLICT (name) DO UPDATE SET name = EXCLUDED.name;
INSERT INTO "recipe_ingredients"("recipe_id","ingredient_id","count") VALUES('64df753f-cf46-4785-94d8-a339efda34f6', '3921781d-cce1-43ff-89bd-b9ab794ee5e1', '946.35');
INSERT INTO "ingredients"("guid","name","dimension") VALUES('00ef9f5e-757f-4e7a-8bdd-2d78146a1708', 'cooked chicken breast', 'milliliters') ON CONFLICT (name) DO UPDATE SET name = EXCLUDED.name;
INSERT INTO "recipe_ingredients"("recipe_id","ingredient_id","count") VALUES('64df753f-cf46-4785-94d8-a339efda34f6', '00ef9f5e-757f-4e7a-8bdd-2d78146a1708', '473.18');
INSERT INTO "ingredients"("guid","name","dimension") VALUES('0256e67a-45c9-4bff-8dff-3cba11f52b1f', 'low sodium chicken broth', 'milliliters') ON CONFLICT (name) DO UPDATE SET name = EXCLUDED.name;
INSERT INTO "recipe_ingredients"("recipe_id","ingredient_id","count") VALUES('64df753f-cf46-4785-94d8-a339efda34f6', '0256e67a-45c9-4bff-8dff-3cba11f52b1f', '59.15');
INSERT INTO "ingredients"("guid","name","dimension") VALUES('1deafa55-34c9-4ca1-a665-0f9d52b91622', 'rice vinegar', 'Tbsp') ON CONFLICT (name) DO UPDATE SET name = EXCLUDED.name;
INSERT INTO "recipe_ingredients"("recipe_id","ingredient_id","count") VALUES('64df753f-cf46-4785-94d8-a339efda34f6', '1deafa55-34c9-4ca1-a665-0f9d52b91622', '1.00');
INSERT INTO "ingredients"("guid","name","dimension") VALUES('b4bd2916-ceaf-43f0-a59d-4cfa315e4eaa', 'mirin', 'Tbsp') ON CONFLICT (name) DO UPDATE SET name = EXCLUDED.name;
INSERT INTO "recipe_ingredients"("recipe_id","ingredient_id","count") VALUES('64df753f-cf46-4785-94d8-a339efda34f6', 'b4bd2916-ceaf-43f0-a59d-4cfa315e4eaa', '1.00');
INSERT INTO "ingredients"("guid","name","dimension") VALUES('faa7c536-494d-46a2-8bfc-649cb208f1d0', 'water', 'milliliters') ON CONFLICT (name) DO UPDATE SET name = EXCLUDED.name;
INSERT INTO "recipe_ingredients"("recipe_id","ingredient_id","count") VALUES('64df753f-cf46-4785-94d8-a339efda34f6', 'faa7c536-494d-46a2-8bfc-649cb208f1d0', '118.29');
INSERT INTO "ingredients"("guid","name","dimension") VALUES('d460ef19-d51f-42b2-b733-91d85107e127', 'chili garlic sauce', 'teaspoons') ON CONFLICT (name) DO UPDATE SET name = EXCLUDED.name;
INSERT INTO "recipe_ingredients"("recipe_id","ingredient_id","count") VALUES('64df753f-cf46-4785-94d8-a339efda34f6', 'd460ef19-d51f-42b2-b733-91d85107e127', '0.50');
INSERT INTO "ingredients"("guid","name","dimension") VALUES('8a01d6cd-9fb4-4268-b8e6-8811027f226a', 'fish sauce', 'Tbsp') ON CONFLICT (name) DO UPDATE SET name = EXCLUDED.name;
INSERT INTO "recipe_ingredients"("recipe_id","ingredient_id","count") VALUES('64df753f-cf46-4785-94d8-a339efda34f6', '8a01d6cd-9fb4-4268-b8e6-8811027f226a', '1.00');
INSERT INTO "ingredients"("guid","name","dimension") VALUES('cc775a25-dad7-44f7-8c85-0778a3bf8ae2', 'soy sauce', 'teaspoon') ON CONFLICT (name) DO UPDATE SET name = EXCLUDED.name;
INSERT INTO "recipe_ingredients"("recipe_id","ingredient_id","count") VALUES('64df753f-cf46-4785-94d8-a339efda34f6', 'cc775a25-dad7-44f7-8c85-0778a3bf8ae2', '1.00');
INSERT INTO "ingredients"("guid","name","dimension") VALUES('4ddb2e2f-c725-4e00-acec-a689c84bb770', 'corn starch', 'Tbsps') ON CONFLICT (name) DO UPDATE SET name = EXCLUDED.name;
INSERT INTO "recipe_ingredients"("recipe_id","ingredient_id","count") VALUES('64df753f-cf46-4785-94d8-a339efda34f6', '4ddb2e2f-c725-4e00-acec-a689c84bb770', '0.50');
INSERT INTO "ingredients"("guid","name","dimension") VALUES('bae5d8c1-26a3-4c71-a5c6-226558e8047f', 'spring onions', 'milliliters') ON CONFLICT (name) DO UPDATE SET name = EXCLUDED.name;
INSERT INTO "recipe_ingredients"("recipe_id","ingredient_id","count") VALUES('64df753f-cf46-4785-94d8-a339efda34f6', 'bae5d8c1-26a3-4c71-a5c6-226558e8047f', '236.59');
INSERT INTO "ingredients"("guid","name","dimension") VALUES('f484c823-a4e7-4fda-ba67-df2695841051', 'brown rice', 'milliliters') ON CONFLICT (name) DO UPDATE SET name = EXCLUDED.name;
INSERT INTO "recipe_ingredients"("recipe_id","ingredient_id","count") VALUES('64df753f-cf46-4785-94d8-a339efda34f6', 'f484c823-a4e7-4fda-ba67-df2695841051', '473.18');
INSERT INTO "cooking_steps"("guid","recipe_id","order_number","description") VALUES('a9e00b5b-d9dd-407e-90c2-3d72e4aef63e', '64df753f-cf46-4785-94d8-a339efda34f6', '1', 'Combine rice vinegar, Mirin, water, chili garlic sauce, fish sauce, soy sauce and cornstarch in a bowl.');
INSERT INTO "cooking_steps"("guid","recipe_id","order_number","description") VALUES('53b7079a-ae00-44c5-9853-80c084df6e98', '64df753f-cf46-4785-94d8-a339efda34f6', '2', 'Preheat a large skillet over medium-high heat and spray with cooking spray.');
INSERT INTO "cooking_steps"("guid","recipe_id","order_number","description") VALUES('eb66685c-df26-4059-b8bb-6c4e88132630', '64df753f-cf46-4785-94d8-a339efda34f6', '3', 'Add sesame oil and stir fry broccoli for 3  4 minutes until crisp-tender.');
INSERT INTO "cooking_steps"("guid","recipe_id","order_number","description") VALUES('420b1cfc-b15f-4f17-b12d-6cd8f5343bfd', '64df753f-cf46-4785-94d8-a339efda34f6', '4', 'Add 1/4 cup chicken broth if needed to keep from burning.');
INSERT INTO "cooking_steps"("guid","recipe_id","order_number","description") VALUES('4681a21c-5048-4a02-9218-e17050ad012c', '64df753f-cf46-4785-94d8-a339efda34f6', '5', 'Add cooked chicken and sauce. Cook another 3  4 minutes until sauce thickens and chicken is heated through.');
INSERT INTO "cooking_steps"("guid","recipe_id","order_number","description") VALUES('087cbc66-cb4b-4b18-aa67-15410fb64f23', '64df753f-cf46-4785-94d8-a339efda34f6', '6', 'Serve with basmati rice.');
INSERT INTO "recipe"("guid","title","description") VALUES('4306c333-c5b2-439b-9381-d09a4cec0898', 'Balsamic Roasted Vegetables', 'Balsamic Roasted Vegetables is a gluten free, dairy free, lacto ovo vegetarian, and whole 30 side dish. One serving contains 290 calories, 5g of protein, and 14g of fat. This recipe serves 6. For $1.91 per serving, this recipe covers 17% of your daily requirements of vitamins and minerals. This recipe from Foodista requires balsamic vinegar, kabocha squash, bulb fennel, and fingerling potatoes. This recipe is liked by 33 foodies and cooks. From preparation to the plate, this recipe takes roughly 45 minutes. Taking all factors into account, this recipe earns a spoonacular score of 96%, which is spectacular. Similar recipes include Balsamic Roasted Vegetables, Balsamic Roasted Vegetables, and Balsamic Roasted Vegetables.');
INSERT INTO "ingredients"("guid","name","dimension") VALUES('38f3ee93-1090-4afd-8994-4baf3e729bb8', 'golden beet', '') ON CONFLICT (name) DO UPDATE SET name = EXCLUDED.name;
INSERT INTO "recipe_ingredients"("recipe_id","ingredient_id","count") VALUES('4306c333-c5b2-439b-9381-d09a4cec0898', '38f3ee93-1090-4afd-8994-4baf3e729bb8', '2.00');
INSERT INTO "ingredients"("guid","name","dimension") VALUES('f0428c12-109f-49ce-a67a-4a970ab7d7c4', 'red beet', '') ON CONFLICT (name) DO UPDATE SET name = EXCLUDED.name;
INSERT INTO "recipe_ingredients"("recipe_id","ingredient_id","count") VALUES('4306c333-c5b2-439b-9381-d09a4cec0898', 'f0428c12-109f-49ce-a67a-4a970ab7d7c4', '2.00');
INSERT INTO "ingredients"("guid","name","dimension") VALUES('e6a78c37-3fba-4f36-bdc0-de37af377316', 'fennel', '') ON CONFLICT (name) DO UPDATE SET name = EXCLUDED.name;
INSERT INTO "recipe_ingredients"("recipe_id","ingredient_id","count") VALUES('4306c333-c5b2-439b-9381-d09a4cec0898', 'e6a78c37-3fba-4f36-bdc0-de37af377316', '1.00');
INSERT INTO "ingredients"("guid","name","dimension") VALUES('07ee04d6-0ddb-4b7d-9cce-84b109d78c35', 'red onion', 'small') ON CONFLICT (name) DO UPDATE SET name = EXCLUDED.name;
INSERT INTO "recipe_ingredients"("recipe_id","ingredient_id","count") VALUES('4306c333-c5b2-439b-9381-d09a4cec0898', '07ee04d6-0ddb-4b7d-9cce-84b109d78c35', '1.00');
INSERT INTO "ingredients"("guid","name","dimension") VALUES('84721b4f-0454-4831-ac13-9da3e5fbd39e', 'fingerling potato', 'grams') ON CONFLICT (name) DO UPDATE SET name = EXCLUDED.name;
INSERT INTO "recipe_ingredients"("recipe_id","ingredient_id","count") VALUES('4306c333-c5b2-439b-9381-d09a4cec0898', '84721b4f-0454-4831-ac13-9da3e5fbd39e', '453.59');
INSERT INTO "ingredients"("guid","name","dimension") VALUES('a82bd1b7-c0ea-418a-8f26-188db369fc14', 'kabocha squash', 'small') ON CONFLICT (name) DO UPDATE SET name = EXCLUDED.name;
INSERT INTO "recipe_ingredients"("recipe_id","ingredient_id","count") VALUES('4306c333-c5b2-439b-9381-d09a4cec0898', 'a82bd1b7-c0ea-418a-8f26-188db369fc14', '1.00');
INSERT INTO "ingredients"("guid","name","dimension") VALUES('903d4219-5d08-479e-85f9-3b1719bd0244', 'olive oil', 'servings') ON CONFLICT (name) DO UPDATE SET name = EXCLUDED.name;
INSERT INTO "recipe_ingredients"("recipe_id","ingredient_id","count") VALUES('4306c333-c5b2-439b-9381-d09a4cec0898', '903d4219-5d08-479e-85f9-3b1719bd0244', '6.00');
INSERT INTO "ingredients"("guid","name","dimension") VALUES('ee203be2-a504-439f-a016-501234b3bf16', 'balsamic vinegar', 'servings') ON CONFLICT (name) DO UPDATE SET name = EXCLUDED.name;
INSERT INTO "recipe_ingredients"("recipe_id","ingredient_id","count") VALUES('4306c333-c5b2-439b-9381-d09a4cec0898', 'ee203be2-a504-439f-a016-501234b3bf16', '6.00');
INSERT INTO "cooking_steps"("guid","recipe_id","order_number","description") VALUES('c1ac6072-b75f-4e24-9c1e-265d08fd2ec8', '4306c333-c5b2-439b-9381-d09a4cec0898', '1', 'Clean and top the beets and, along with the fingerling potatoes, drizzle with enough olive oil just to coat. Roast whole at 400 degrees until softened, but not completely cooked (about 30 minutes).');
INSERT INTO "cooking_steps"("guid","recipe_id","order_number","description") VALUES('8cbcb656-04ae-4961-b252-a5a006beba28', '4306c333-c5b2-439b-9381-d09a4cec0898', '2', 'Remove from the oven and carefully peel the beets, then cut in half. You can leave the fingerlings whole, and slice lengthwise in half before serving, or halve them and continue roasting (both ways are delicious!)');
INSERT INTO "cooking_steps"("guid","recipe_id","order_number","description") VALUES('7c0891c5-2f1d-4d75-97e8-884530b7b4ea', '4306c333-c5b2-439b-9381-d09a4cec0898', '3', 'Quarter the fennel and red onion lengthwise, and cut the kabocha into 1/2 inch wedges.');
INSERT INTO "cooking_steps"("guid","recipe_id","order_number","description") VALUES('f9899557-58e7-49d7-8590-6e963fab5a74', '4306c333-c5b2-439b-9381-d09a4cec0898', '4', 'Toss all the vegetables in a bowl and drizzle enough olive oil to sufficiently coat. Then, add a big splash of balsamic vinegar (approx. 1/4 cup), a couple hearty pinches of Kosher salt, a few good turns of fresh ground black pepper, and a small sprig of fresh rosemary.');
INSERT INTO "cooking_steps"("guid","recipe_id","order_number","description") VALUES('36e57f8e-e2ea-4e8a-98f0-bb1e6242f253', '4306c333-c5b2-439b-9381-d09a4cec0898', '5', 'Let roast another 30-40 minutes, turning every so often to get an even roast.');
INSERT INTO "recipe"("guid","title","description") VALUES('afac37a0-63d1-40c0-96b1-aba4133edaae', 'Ancient Grains Bread', 'The recipe Ancient Grains Bread can be made in roughly 45 minutes. This lacto ovo vegetarian recipe serves 14 and costs 83 cents per serving. This bread has 287 calories, 13g of protein, and 3g of fat per serving. This recipe from Foodista requires yeast, honey, vital wheat gluten, and skim milk powder. 6 people have made this recipe and would make it again. Overall, this recipe earns a spectacular spoonacular score of 83%. Ancient Grains Bread, Bread Baking: Ancient Grains, and Simple Tomato Salad With Fresh Bread Crumbs | Udi’s Ancient Grains are very similar to this recipe.');
INSERT INTO "ingredients"("guid","name","dimension") VALUES('6313face-fe8f-4fbb-b56d-0d53504662c7', 'instant yeast', 'package') ON CONFLICT (name) DO UPDATE SET name = EXCLUDED.name;
INSERT INTO "recipe_ingredients"("recipe_id","ingredient_id","count") VALUES('afac37a0-63d1-40c0-96b1-aba4133edaae', '6313face-fe8f-4fbb-b56d-0d53504662c7', '1.00');
INSERT INTO "ingredients"("guid","name","dimension") VALUES('98a8afde-32db-419a-89cb-1b926b72ffad', 'wheat flour', 'milliliters') ON CONFLICT (name) DO UPDATE SET name = EXCLUDED.name;
INSERT INTO "recipe_ingredients"("recipe_id","ingredient_id","count") VALUES('afac37a0-63d1-40c0-96b1-aba4133edaae', '98a8afde-32db-419a-89cb-1b926b72ffad', '532.32');
INSERT INTO "ingredients"("guid","name","dimension") VALUES('25e5d91f-2608-4401-9471-3965ccab16e4', 'whole wheat flour', 'milliliters') ON CONFLICT (name) DO UPDATE SET name = EXCLUDED.name;
INSERT INTO "recipe_ingredients"("recipe_id","ingredient_id","count") VALUES('afac37a0-63d1-40c0-96b1-aba4133edaae', '25e5d91f-2608-4401-9471-3965ccab16e4', '236.59');
INSERT INTO "ingredients"("guid","name","dimension") VALUES('a0bbe877-2812-4228-b1c8-307a1410e58e', 'rye meal', 'milliliters') ON CONFLICT (name) DO UPDATE SET name = EXCLUDED.name;
INSERT INTO "recipe_ingredients"("recipe_id","ingredient_id","count") VALUES('afac37a0-63d1-40c0-96b1-aba4133edaae', 'a0bbe877-2812-4228-b1c8-307a1410e58e', '236.59');
INSERT INTO "ingredients"("guid","name","dimension") VALUES('5dd11e0e-b22e-4dd7-908c-0477ae64e8f0', 'ground flaxseed', 'Tbsps') ON CONFLICT (name) DO UPDATE SET name = EXCLUDED.name;
INSERT INTO "recipe_ingredients"("recipe_id","ingredient_id","count") VALUES('afac37a0-63d1-40c0-96b1-aba4133edaae', '5dd11e0e-b22e-4dd7-908c-0477ae64e8f0', '3.00');
INSERT INTO "ingredients"("guid","name","dimension") VALUES('8a4e0489-1155-4da8-af2f-08b3fc4f796c', 'amaranth', 'Tbsps') ON CONFLICT (name) DO UPDATE SET name = EXCLUDED.name;
INSERT INTO "recipe_ingredients"("recipe_id","ingredient_id","count") VALUES('afac37a0-63d1-40c0-96b1-aba4133edaae', '8a4e0489-1155-4da8-af2f-08b3fc4f796c', '3.00');
INSERT INTO "ingredients"("guid","name","dimension") VALUES('cc5fe1b7-a5b3-4ef7-89e8-7003ed513435', 'quinoa', 'milliliters') ON CONFLICT (name) DO UPDATE SET name = EXCLUDED.name;
INSERT INTO "recipe_ingredients"("recipe_id","ingredient_id","count") VALUES('afac37a0-63d1-40c0-96b1-aba4133edaae', 'cc5fe1b7-a5b3-4ef7-89e8-7003ed513435', '236.59');
INSERT INTO "ingredients"("guid","name","dimension") VALUES('e794c0ea-bf62-49b8-bf87-3b2ba0f3105d', 'soy flour', 'milliliters') ON CONFLICT (name) DO UPDATE SET name = EXCLUDED.name;
INSERT INTO "recipe_ingredients"("recipe_id","ingredient_id","count") VALUES('afac37a0-63d1-40c0-96b1-aba4133edaae', 'e794c0ea-bf62-49b8-bf87-3b2ba0f3105d', '59.15');
INSERT INTO "ingredients"("guid","name","dimension") VALUES('26206832-245f-4349-8b30-105cd28ff168', 'vital wheat gluten', 'Tbsps') ON CONFLICT (name) DO UPDATE SET name = EXCLUDED.name;
INSERT INTO "recipe_ingredients"("recipe_id","ingredient_id","count") VALUES('afac37a0-63d1-40c0-96b1-aba4133edaae', '26206832-245f-4349-8b30-105cd28ff168', '1.50');
INSERT INTO "ingredients"("guid","name","dimension") VALUES('290b608e-16bd-4d5b-82a4-8d109ed5cfee', 'nonfat dry milk powder', 'milliliters') ON CONFLICT (name) DO UPDATE SET name = EXCLUDED.name;
INSERT INTO "recipe_ingredients"("recipe_id","ingredient_id","count") VALUES('afac37a0-63d1-40c0-96b1-aba4133edaae', '290b608e-16bd-4d5b-82a4-8d109ed5cfee', '236.59');
INSERT INTO "ingredients"("guid","name","dimension") VALUES('9d2c9ee9-fe26-4970-a0f6-256bcee3f2c3', 'table salt', 'teaspoons') ON CONFLICT (name) DO UPDATE SET name = EXCLUDED.name;
INSERT INTO "recipe_ingredients"("recipe_id","ingredient_id","count") VALUES('afac37a0-63d1-40c0-96b1-aba4133edaae', '9d2c9ee9-fe26-4970-a0f6-256bcee3f2c3', '0.50');
INSERT INTO "ingredients"("guid","name","dimension") VALUES('faa7c536-494d-46a2-8bfc-649cb208f1d0', 'water', 'milliliters') ON CONFLICT (name) DO UPDATE SET name = EXCLUDED.name;
INSERT INTO "recipe_ingredients"("recipe_id","ingredient_id","count") VALUES('afac37a0-63d1-40c0-96b1-aba4133edaae', 'faa7c536-494d-46a2-8bfc-649cb208f1d0', '236.59');
INSERT INTO "ingredients"("guid","name","dimension") VALUES('6a1e491d-f501-41ab-bc0b-5b8b68ed311e', 'honey', 'milliliters') ON CONFLICT (name) DO UPDATE SET name = EXCLUDED.name;
INSERT INTO "recipe_ingredients"("recipe_id","ingredient_id","count") VALUES('afac37a0-63d1-40c0-96b1-aba4133edaae', '6a1e491d-f501-41ab-bc0b-5b8b68ed311e', '59.15');
INSERT INTO "cooking_steps"("guid","recipe_id","order_number","description") VALUES('9c20fb60-9727-411d-a4e6-4d1b827de133', 'afac37a0-63d1-40c0-96b1-aba4133edaae', '1', 'In a large bowl or stand mixer, whisk together yeast, flours, rye flakes, flaxseed, amaranth, quinoa, soy flour, wheat gluten, skim milk powder and salt.');
INSERT INTO "cooking_steps"("guid","recipe_id","order_number","description") VALUES('c21eb164-0dd0-436f-98de-8d1f4e171033', 'afac37a0-63d1-40c0-96b1-aba4133edaae', '2', 'Stir in warm water and honey, mixing thoroughly to form a cohesive, fairly firm (but workable) dough.');
INSERT INTO "cooking_steps"("guid","recipe_id","order_number","description") VALUES('7fcf2ff1-844f-4c3c-b65c-521e4ebe2d27', 'afac37a0-63d1-40c0-96b1-aba4133edaae', '3', 'Turn out onto a floured board or knead with the dough hook for 12 minutes, until very elastic and smooth.');
INSERT INTO "cooking_steps"("guid","recipe_id","order_number","description") VALUES('1df765b2-0284-4b50-90d3-2ee8e61cb525', 'afac37a0-63d1-40c0-96b1-aba4133edaae', '4', 'Place into a bowl, cover and allow to rest 30 minutes.');
INSERT INTO "cooking_steps"("guid","recipe_id","order_number","description") VALUES('a43eb62a-4c71-462c-8ed4-88ade38b4552', 'afac37a0-63d1-40c0-96b1-aba4133edaae', '5', 'Roll rested dough into a log shape and tuck into a greased loaf pan.');
INSERT INTO "cooking_steps"("guid","recipe_id","order_number","description") VALUES('497046b7-5112-4f32-949f-1b19d4687ec0', 'afac37a0-63d1-40c0-96b1-aba4133edaae', '6', 'Cover with a clean towel and allow to rise 50-60 minutes.');
INSERT INTO "cooking_steps"("guid","recipe_id","order_number","description") VALUES('9d08e6d2-a0c0-4cb3-9859-eb83442bb653', 'afac37a0-63d1-40c0-96b1-aba4133edaae', '7', 'Preheat oven to 350F.');
INSERT INTO "cooking_steps"("guid","recipe_id","order_number","description") VALUES('5b2411d5-cc37-4939-a79d-8aa58985d061', 'afac37a0-63d1-40c0-96b1-aba4133edaae', '8', 'Slash the top of the loaf 2-3 times with a sharp knife or lame.');
INSERT INTO "cooking_steps"("guid","recipe_id","order_number","description") VALUES('3c32a4f7-b5f1-4836-a3f8-cee073d4f158', 'afac37a0-63d1-40c0-96b1-aba4133edaae', '9', 'Bake 40 minutes. Turn out of pan immediately and cool on a rack before slicing');
INSERT INTO "recipe"("guid","title","description") VALUES('40195863-db8e-4246-85cc-7bafc7f83d4f', 'Instant Pot Chicken Taco Soup', 'Instant Pot Chicken Taco Soup could be just the gluten free and dairy free recipe you''ve been looking for. This recipe serves 4. One serving contains 346 calories, 25g of protein, and 8g of fat. For $2.72 per serving, this recipe covers 40% of your daily requirements of vitamins and minerals. It works best as a main course, and is done in around 25 minutes. If you have chilis, water, corn, and a few other ingredients on hand, you can make it. 6 people have tried and liked this recipe. It is perfect for Autumn. This recipe is typical of Mexican cuisine. It is brought to you by Pink When. With a spoonacular score of 95%, this dish is tremendous. Users who liked this recipe also liked Instant Pot Chicken Taco Soup, Instant Pot Chicken Taco Soup, and Instant Pot Chicken Taco Soup.');
INSERT INTO "ingredients"("guid","name","dimension") VALUES('2bc344f3-5d44-463a-9232-094a3499e200', 'boneless skinless chicken breast', 'grams') ON CONFLICT (name) DO UPDATE SET name = EXCLUDED.name;
INSERT INTO "recipe_ingredients"("recipe_id","ingredient_id","count") VALUES('40195863-db8e-4246-85cc-7bafc7f83d4f', '2bc344f3-5d44-463a-9232-094a3499e200', '226.80');
INSERT INTO "ingredients"("guid","name","dimension") VALUES('f5837f7a-4248-4db8-ad50-bf8b1c6868cd', 'canned black beans', 'grams') ON CONFLICT (name) DO UPDATE SET name = EXCLUDED.name;
INSERT INTO "recipe_ingredients"("recipe_id","ingredient_id","count") VALUES('40195863-db8e-4246-85cc-7bafc7f83d4f', 'f5837f7a-4248-4db8-ad50-bf8b1c6868cd', '283.50');
INSERT INTO "ingredients"("guid","name","dimension") VALUES('5ec11eab-115f-4999-8d2b-87f271ee66d4', 'whole kernel corn', 'grams') ON CONFLICT (name) DO UPDATE SET name = EXCLUDED.name;
INSERT INTO "recipe_ingredients"("recipe_id","ingredient_id","count") VALUES('40195863-db8e-4246-85cc-7bafc7f83d4f', '5ec11eab-115f-4999-8d2b-87f271ee66d4', '283.50');
INSERT INTO "ingredients"("guid","name","dimension") VALUES('2c5ff968-61c4-42fb-9dff-639ec0acfa32', 'canned green chiles', 'grams') ON CONFLICT (name) DO UPDATE SET name = EXCLUDED.name;
INSERT INTO "recipe_ingredients"("recipe_id","ingredient_id","count") VALUES('40195863-db8e-4246-85cc-7bafc7f83d4f', '2c5ff968-61c4-42fb-9dff-639ec0acfa32', '113.40');
INSERT INTO "ingredients"("guid","name","dimension") VALUES('6ad456a6-2c85-4bfe-a807-b32da68350cb', 'canned tomatoes', 'grams') ON CONFLICT (name) DO UPDATE SET name = EXCLUDED.name;
INSERT INTO "recipe_ingredients"("recipe_id","ingredient_id","count") VALUES('40195863-db8e-4246-85cc-7bafc7f83d4f', '6ad456a6-2c85-4bfe-a807-b32da68350cb', '793.79');
INSERT INTO "ingredients"("guid","name","dimension") VALUES('d7941077-6fc4-4296-a771-e9151b70e7a3', 'chili powder', 'teaspoons') ON CONFLICT (name) DO UPDATE SET name = EXCLUDED.name;
INSERT INTO "recipe_ingredients"("recipe_id","ingredient_id","count") VALUES('40195863-db8e-4246-85cc-7bafc7f83d4f', 'd7941077-6fc4-4296-a771-e9151b70e7a3', '2.00');
INSERT INTO "ingredients"("guid","name","dimension") VALUES('a58f47bc-33aa-411c-83cd-5440868a06ba', 'dried cilantro', 'milliliters') ON CONFLICT (name) DO UPDATE SET name = EXCLUDED.name;
INSERT INTO "recipe_ingredients"("recipe_id","ingredient_id","count") VALUES('40195863-db8e-4246-85cc-7bafc7f83d4f', 'a58f47bc-33aa-411c-83cd-5440868a06ba', '59.15');
INSERT INTO "ingredients"("guid","name","dimension") VALUES('1b7649ca-bc44-4602-87b8-9885d114543e', 'green pepper', 'medium') ON CONFLICT (name) DO UPDATE SET name = EXCLUDED.name;
INSERT INTO "recipe_ingredients"("recipe_id","ingredient_id","count") VALUES('40195863-db8e-4246-85cc-7bafc7f83d4f', '1b7649ca-bc44-4602-87b8-9885d114543e', '1.00');
INSERT INTO "ingredients"("guid","name","dimension") VALUES('bae5d8c1-26a3-4c71-a5c6-226558e8047f', 'spring onions', 'milliliters') ON CONFLICT (name) DO UPDATE SET name = EXCLUDED.name;
INSERT INTO "recipe_ingredients"("recipe_id","ingredient_id","count") VALUES('40195863-db8e-4246-85cc-7bafc7f83d4f', 'bae5d8c1-26a3-4c71-a5c6-226558e8047f', '59.15');
INSERT INTO "ingredients"("guid","name","dimension") VALUES('903d4219-5d08-479e-85f9-3b1719bd0244', 'olive oil', 'Tbsp') ON CONFLICT (name) DO UPDATE SET name = EXCLUDED.name;
INSERT INTO "recipe_ingredients"("recipe_id","ingredient_id","count") VALUES('40195863-db8e-4246-85cc-7bafc7f83d4f', '903d4219-5d08-479e-85f9-3b1719bd0244', '1.00');
INSERT INTO "ingredients"("guid","name","dimension") VALUES('ea4db820-b562-4cff-bc98-bae139a325df', 'onion', '') ON CONFLICT (name) DO UPDATE SET name = EXCLUDED.name;
INSERT INTO "recipe_ingredients"("recipe_id","ingredient_id","count") VALUES('40195863-db8e-4246-85cc-7bafc7f83d4f', 'ea4db820-b562-4cff-bc98-bae139a325df', '1.00');
INSERT INTO "ingredients"("guid","name","dimension") VALUES('faa7c536-494d-46a2-8bfc-649cb208f1d0', 'water', 'milliliters') ON CONFLICT (name) DO UPDATE SET name = EXCLUDED.name;
INSERT INTO "recipe_ingredients"("recipe_id","ingredient_id","count") VALUES('40195863-db8e-4246-85cc-7bafc7f83d4f', 'faa7c536-494d-46a2-8bfc-649cb208f1d0', '236.59');
INSERT INTO "cooking_steps"("guid","recipe_id","order_number","description") VALUES('9d6a2828-6af0-4244-88d9-06b2c16445d4', '40195863-db8e-4246-85cc-7bafc7f83d4f', '1', 'Press the');
INSERT INTO "cooking_steps"("guid","recipe_id","order_number","description") VALUES('7e32b2a2-3668-4c6c-b8b4-f3c0908310da', '40195863-db8e-4246-85cc-7bafc7f83d4f', '2', 'Saute button on the Instant Pot and heat oil.');
INSERT INTO "cooking_steps"("guid","recipe_id","order_number","description") VALUES('79ccb2e6-4815-4d54-8d96-4cbcb1f65e58', '40195863-db8e-4246-85cc-7bafc7f83d4f', '3', 'Add onion and bell pepper and saute until translucent.');
INSERT INTO "cooking_steps"("guid","recipe_id","order_number","description") VALUES('c5e4a373-b948-4df8-9b6c-275f871385b8', '40195863-db8e-4246-85cc-7bafc7f83d4f', '4', 'Add tomatoes including juice and add water. Make sure to scrape all of the bits from the sides and bottom of the Instant Pot as you are stirring.');
INSERT INTO "cooking_steps"("guid","recipe_id","order_number","description") VALUES('5689a028-19fe-4b6b-888e-e0568135524a', '40195863-db8e-4246-85cc-7bafc7f83d4f', '5', 'Add chicken, chili powder, corn, black beans, green onions, green chilis, and  cup of cilantro. Lock lid. Press the manual or pressure cook button and set time for 15 minutes. When time is up, do a quick release until the valve drops and then unlock the lid. Shred the chicken using two forks and then let the soup simmer for 5 minutes.');
INSERT INTO "cooking_steps"("guid","recipe_id","order_number","description") VALUES('c7ed5642-d1ea-46f2-9d96-c1214395732b', '40195863-db8e-4246-85cc-7bafc7f83d4f', '6', 'Serve the soup into bowls and then top with your favorite toppings such as sour cream, cheese, avocado, etc.');
INSERT INTO "recipe"("guid","title","description") VALUES('43b0fa3e-c5f2-4233-9e34-28ec086b74ee', 'Lemony Greek Lentil Soup', 'Lemony Greek Lentil Soup is a Mediterranean main course. One serving contains 368 calories, 23g of protein, and 4g of fat. For 88 cents per serving, this recipe covers 36% of your daily requirements of vitamins and minerals. This recipe serves 6. It is perfect for Autumn. 2 people were impressed by this recipe. A mixture of brown lentils, , pepper, and a handful of other ingredients are all it takes to make this recipe so flavorful. From preparation to the plate, this recipe takes about 45 minutes. It is brought to you by Foodista. It is a good option if you''re following a gluten free, dairy free, lacto ovo vegetarian, and vegan diet. All things considered, we decided this recipe deserves a spoonacular score of 86%. This score is spectacular. If you like this recipe, take a look at these similar recipes: Lemony Greek Lentil Soup, Lemony Lentil Soup, and Lemony Lentil Soup.');
INSERT INTO "ingredients"("guid","name","dimension") VALUES('745427cb-34c8-48de-89ba-6b9946421684', 'dried brown lentils', 'grams') ON CONFLICT (name) DO UPDATE SET name = EXCLUDED.name;
INSERT INTO "recipe_ingredients"("recipe_id","ingredient_id","count") VALUES('43b0fa3e-c5f2-4233-9e34-28ec086b74ee', '745427cb-34c8-48de-89ba-6b9946421684', '453.59');
INSERT INTO "ingredients"("guid","name","dimension") VALUES('6b9754b0-3c6c-4528-a35f-9d80119ed1aa', 'carrot', 'grams') ON CONFLICT (name) DO UPDATE SET name = EXCLUDED.name;
INSERT INTO "recipe_ingredients"("recipe_id","ingredient_id","count") VALUES('43b0fa3e-c5f2-4233-9e34-28ec086b74ee', '6b9754b0-3c6c-4528-a35f-9d80119ed1aa', '340.19');
INSERT INTO "ingredients"("guid","name","dimension") VALUES('faa7c536-494d-46a2-8bfc-649cb208f1d0', 'water', 'liters') ON CONFLICT (name) DO UPDATE SET name = EXCLUDED.name;
INSERT INTO "recipe_ingredients"("recipe_id","ingredient_id","count") VALUES('43b0fa3e-c5f2-4233-9e34-28ec086b74ee', 'faa7c536-494d-46a2-8bfc-649cb208f1d0', '2.84');
INSERT INTO "ingredients"("guid","name","dimension") VALUES('9d7eacba-7554-4d42-8b40-099855dbdc32', 'dried thyme', 'teaspoon') ON CONFLICT (name) DO UPDATE SET name = EXCLUDED.name;
INSERT INTO "recipe_ingredients"("recipe_id","ingredient_id","count") VALUES('43b0fa3e-c5f2-4233-9e34-28ec086b74ee', '9d7eacba-7554-4d42-8b40-099855dbdc32', '1.00');
INSERT INTO "ingredients"("guid","name","dimension") VALUES('9310a5ee-a22e-4ea4-b985-7b23c5ff8baa', 'lemon juice', 'milliliters') ON CONFLICT (name) DO UPDATE SET name = EXCLUDED.name;
INSERT INTO "recipe_ingredients"("recipe_id","ingredient_id","count") VALUES('43b0fa3e-c5f2-4233-9e34-28ec086b74ee', '9310a5ee-a22e-4ea4-b985-7b23c5ff8baa', '59.15');
INSERT INTO "ingredients"("guid","name","dimension") VALUES('2189ab28-5b76-443d-ba95-8ef2cb269bb2', 'dried basil', 'teaspoons') ON CONFLICT (name) DO UPDATE SET name = EXCLUDED.name;
INSERT INTO "recipe_ingredients"("recipe_id","ingredient_id","count") VALUES('43b0fa3e-c5f2-4233-9e34-28ec086b74ee', '2189ab28-5b76-443d-ba95-8ef2cb269bb2', '2.00');
INSERT INTO "ingredients"("guid","name","dimension") VALUES('3825b97c-1842-49c1-8024-d004d99df9af', 'fresh thyme', 'teaspoons') ON CONFLICT (name) DO UPDATE SET name = EXCLUDED.name;
INSERT INTO "recipe_ingredients"("recipe_id","ingredient_id","count") VALUES('43b0fa3e-c5f2-4233-9e34-28ec086b74ee', '3825b97c-1842-49c1-8024-d004d99df9af', '2.00');
INSERT INTO "ingredients"("guid","name","dimension") VALUES('ae7510d7-84f1-47ba-a5df-9e72883783f8', 'oregano', 'teaspoon') ON CONFLICT (name) DO UPDATE SET name = EXCLUDED.name;
INSERT INTO "recipe_ingredients"("recipe_id","ingredient_id","count") VALUES('43b0fa3e-c5f2-4233-9e34-28ec086b74ee', 'ae7510d7-84f1-47ba-a5df-9e72883783f8', '1.00');
INSERT INTO "ingredients"("guid","name","dimension") VALUES('42f28b03-e136-4fc2-b343-5d16cada339d', 'black pepper', 'teaspoons') ON CONFLICT (name) DO UPDATE SET name = EXCLUDED.name;
INSERT INTO "recipe_ingredients"("recipe_id","ingredient_id","count") VALUES('43b0fa3e-c5f2-4233-9e34-28ec086b74ee', '42f28b03-e136-4fc2-b343-5d16cada339d', '0.50');
INSERT INTO "ingredients"("guid","name","dimension") VALUES('9d2c9ee9-fe26-4970-a0f6-256bcee3f2c3', 'table salt', 'teaspoons') ON CONFLICT (name) DO UPDATE SET name = EXCLUDED.name;
INSERT INTO "recipe_ingredients"("recipe_id","ingredient_id","count") VALUES('43b0fa3e-c5f2-4233-9e34-28ec086b74ee', '9d2c9ee9-fe26-4970-a0f6-256bcee3f2c3', '2.00');
INSERT INTO "ingredients"("guid","name","dimension") VALUES('ea4db820-b562-4cff-bc98-bae139a325df', 'onion', 'medium') ON CONFLICT (name) DO UPDATE SET name = EXCLUDED.name;
INSERT INTO "recipe_ingredients"("recipe_id","ingredient_id","count") VALUES('43b0fa3e-c5f2-4233-9e34-28ec086b74ee', 'ea4db820-b562-4cff-bc98-bae139a325df', '1.00');
INSERT INTO "ingredients"("guid","name","dimension") VALUES('3f7a39ce-ed38-4809-aea7-8a046670fb05', 'garlic', 'cloves') ON CONFLICT (name) DO UPDATE SET name = EXCLUDED.name;
INSERT INTO "recipe_ingredients"("recipe_id","ingredient_id","count") VALUES('43b0fa3e-c5f2-4233-9e34-28ec086b74ee', '3f7a39ce-ed38-4809-aea7-8a046670fb05', '3.00');
INSERT INTO "ingredients"("guid","name","dimension") VALUES('903d4219-5d08-479e-85f9-3b1719bd0244', 'olive oil', 'Tbsp') ON CONFLICT (name) DO UPDATE SET name = EXCLUDED.name;
INSERT INTO "recipe_ingredients"("recipe_id","ingredient_id","count") VALUES('43b0fa3e-c5f2-4233-9e34-28ec086b74ee', '903d4219-5d08-479e-85f9-3b1719bd0244', '1.00');
INSERT INTO "ingredients"("guid","name","dimension") VALUES('6ad456a6-2c85-4bfe-a807-b32da68350cb', 'canned tomatoes', 'grams') ON CONFLICT (name) DO UPDATE SET name = EXCLUDED.name;
INSERT INTO "recipe_ingredients"("recipe_id","ingredient_id","count") VALUES('43b0fa3e-c5f2-4233-9e34-28ec086b74ee', '6ad456a6-2c85-4bfe-a807-b32da68350cb', '793.79');
INSERT INTO "ingredients"("guid","name","dimension") VALUES('326faf63-7712-49b0-8a69-f205b992cad3', '', 'teaspoon') ON CONFLICT (name) DO UPDATE SET name = EXCLUDED.name;
INSERT INTO "recipe_ingredients"("recipe_id","ingredient_id","count") VALUES('43b0fa3e-c5f2-4233-9e34-28ec086b74ee', '326faf63-7712-49b0-8a69-f205b992cad3', '1.00');
INSERT INTO "cooking_steps"("guid","recipe_id","order_number","description") VALUES('49ed9f90-5e13-4077-bf5a-03d3d282847a', '43b0fa3e-c5f2-4233-9e34-28ec086b74ee', '1', 'Put the lentils, water, carrot and 1 teaspoon dried thyme into an 8-quart stockpot, cover and set over medium heat.');
INSERT INTO "cooking_steps"("guid","recipe_id","order_number","description") VALUES('fc0bec92-d142-49ee-976a-2a7833a9cb74', '43b0fa3e-c5f2-4233-9e34-28ec086b74ee', '2', 'After 15 minutes, lower the heat somewhat and gently bring the water to a simmer, which should take another half an hour or so.');
INSERT INTO "cooking_steps"("guid","recipe_id","order_number","description") VALUES('c4ad95de-6e4b-4566-881f-18ba9ce99042', '43b0fa3e-c5f2-4233-9e34-28ec086b74ee', '3', 'Once the lentils have reached the boiling point, turn off the burner and let them sit for 1 hour.');
INSERT INTO "cooking_steps"("guid","recipe_id","order_number","description") VALUES('8ae54deb-ac06-4d22-bfbe-ed0a3cee1636', '43b0fa3e-c5f2-4233-9e34-28ec086b74ee', '4', 'After the hour, bring the soup back to a simmer and add the lemon juice, dry basil, fresh thyme, oregano, pepper and salt and simmer for 1 hour.');
INSERT INTO "cooking_steps"("guid","recipe_id","order_number","description") VALUES('3597b424-0716-4f2b-a8db-dfc4e6b52b31', '43b0fa3e-c5f2-4233-9e34-28ec086b74ee', '5', 'Now, slowly saut the onion and garlic in the olive oil until the onion is tender.');
INSERT INTO "cooking_steps"("guid","recipe_id","order_number","description") VALUES('bc808fc9-ff0e-474b-8b14-db87e4ed8b10', '43b0fa3e-c5f2-4233-9e34-28ec086b74ee', '6', 'Coarsely chop the tomatoes (I do this with kitchen scissors right in the can), and add them and the onion mixture to the soup. Adjust the salt to taste.');
INSERT INTO "cooking_steps"("guid","recipe_id","order_number","description") VALUES('09a186be-9f57-40e5-bf2d-979934fd5d99', '43b0fa3e-c5f2-4233-9e34-28ec086b74ee', '7', 'Bring everything back to the boiling point and simmer for another hour.  After this point, you can turn your burner to its lowest setting, and this soup will happily sit steaming with its lid cocked for several hours until you are ready to enjoy it.');
INSERT INTO "cooking_steps"("guid","recipe_id","order_number","description") VALUES('6e51e5fb-de95-498d-b453-5384b0b5c2f9', '43b0fa3e-c5f2-4233-9e34-28ec086b74ee', '8', 'Add more water if necessary.');
INSERT INTO "cooking_steps"("guid","recipe_id","order_number","description") VALUES('a6f8f0c6-b929-4aa6-9d1d-58e88a266d84', '43b0fa3e-c5f2-4233-9e34-28ec086b74ee', '9', 'Serve with crusty bread and a soft cheese like St. Andre or Cambazola');
INSERT INTO "recipe"("guid","title","description") VALUES('134a2b2c-083b-43ef-8ce8-0b28d78c11f1', 'Shrimp and Avocado Salad', 'Need a gluten free, dairy free, and pescatarian main course? Shrimp and Avocado Salad could be an awesome recipe to try. This recipe serves 4 and costs $11.57 per serving. One portion of this dish contains about 34g of protein, 37g of fat, and a total of 639 calories. From preparation to the plate, this recipe takes about 45 minutes. This recipe is liked by 8 foodies and cooks. This recipe from Foodista requires the shrimp, salt and pepper, garlic cloves, and the dressing. All things considered, we decided this recipe deserves a spoonacular score of 86%. This score is outstanding. If you like this recipe, take a look at these similar recipes: Shrimp, Corn & Californian Avocado Pasta Salad & a CAn Avocado Trip, Shrimp, Corn & Californian Avocado Pasta Salad & a CAn Avocado Trip, and Shrimp, Corn & Californian Avocado Pasta Salad & a CAn Avocado Trip.');
INSERT INTO "ingredients"("guid","name","dimension") VALUES('6c46700b-c03b-428c-bd99-61d5e02aefd3', 'shrimp', 'servings') ON CONFLICT (name) DO UPDATE SET name = EXCLUDED.name;
INSERT INTO "recipe_ingredients"("recipe_id","ingredient_id","count") VALUES('134a2b2c-083b-43ef-8ce8-0b28d78c11f1', '6c46700b-c03b-428c-bd99-61d5e02aefd3', '4.00');
INSERT INTO "ingredients"("guid","name","dimension") VALUES('d2bb568a-cabf-480d-89c4-f2cace6fa98a', 'langoustines', 'grs') ON CONFLICT (name) DO UPDATE SET name = EXCLUDED.name;
INSERT INTO "recipe_ingredients"("recipe_id","ingredient_id","count") VALUES('134a2b2c-083b-43ef-8ce8-0b28d78c11f1', 'd2bb568a-cabf-480d-89c4-f2cace6fa98a', '600.00');
INSERT INTO "ingredients"("guid","name","dimension") VALUES('cc09f6f1-b71e-4c8f-89c5-625b1effb1d3', 'whole garlic cloves', '') ON CONFLICT (name) DO UPDATE SET name = EXCLUDED.name;
INSERT INTO "recipe_ingredients"("recipe_id","ingredient_id","count") VALUES('134a2b2c-083b-43ef-8ce8-0b28d78c11f1', 'cc09f6f1-b71e-4c8f-89c5-625b1effb1d3', '2.00');
INSERT INTO "ingredients"("guid","name","dimension") VALUES('903d4219-5d08-479e-85f9-3b1719bd0244', 'olive oil', 'Tbsp') ON CONFLICT (name) DO UPDATE SET name = EXCLUDED.name;
INSERT INTO "recipe_ingredients"("recipe_id","ingredient_id","count") VALUES('134a2b2c-083b-43ef-8ce8-0b28d78c11f1', '903d4219-5d08-479e-85f9-3b1719bd0244', '1.00');
INSERT INTO "ingredients"("guid","name","dimension") VALUES('855a3b90-4e3d-422d-bb73-c35bb65e2742', 'lime juice', '') ON CONFLICT (name) DO UPDATE SET name = EXCLUDED.name;
INSERT INTO "recipe_ingredients"("recipe_id","ingredient_id","count") VALUES('134a2b2c-083b-43ef-8ce8-0b28d78c11f1', '855a3b90-4e3d-422d-bb73-c35bb65e2742', '1.00');
INSERT INTO "ingredients"("guid","name","dimension") VALUES('bd6df831-fb53-48d0-af46-c32ee7488a9b', 'salt and pepper', 'servings') ON CONFLICT (name) DO UPDATE SET name = EXCLUDED.name;
INSERT INTO "recipe_ingredients"("recipe_id","ingredient_id","count") VALUES('134a2b2c-083b-43ef-8ce8-0b28d78c11f1', 'bd6df831-fb53-48d0-af46-c32ee7488a9b', '4.00');
INSERT INTO "ingredients"("guid","name","dimension") VALUES('248cea8f-afa3-4ad4-baca-0b9adf6232fb', 'mesclun', 'servings') ON CONFLICT (name) DO UPDATE SET name = EXCLUDED.name;
INSERT INTO "recipe_ingredients"("recipe_id","ingredient_id","count") VALUES('134a2b2c-083b-43ef-8ce8-0b28d78c11f1', '248cea8f-afa3-4ad4-baca-0b9adf6232fb', '4.00');
INSERT INTO "ingredients"("guid","name","dimension") VALUES('e64a305f-64e0-42c7-9e9f-06a5eba19032', 'romaine', 'leave') ON CONFLICT (name) DO UPDATE SET name = EXCLUDED.name;
INSERT INTO "recipe_ingredients"("recipe_id","ingredient_id","count") VALUES('134a2b2c-083b-43ef-8ce8-0b28d78c11f1', 'e64a305f-64e0-42c7-9e9f-06a5eba19032', '1.00');
INSERT INTO "ingredients"("guid","name","dimension") VALUES('c71bac9c-e965-4d14-ab29-0eeb75d745af', 'fresh basil', '') ON CONFLICT (name) DO UPDATE SET name = EXCLUDED.name;
INSERT INTO "recipe_ingredients"("recipe_id","ingredient_id","count") VALUES('134a2b2c-083b-43ef-8ce8-0b28d78c11f1', 'c71bac9c-e965-4d14-ab29-0eeb75d745af', '0.75');
INSERT INTO "ingredients"("guid","name","dimension") VALUES('406330f5-eb66-4456-b015-72232d4b15c9', 'sweet corn', 'grs') ON CONFLICT (name) DO UPDATE SET name = EXCLUDED.name;
INSERT INTO "recipe_ingredients"("recipe_id","ingredient_id","count") VALUES('134a2b2c-083b-43ef-8ce8-0b28d78c11f1', '406330f5-eb66-4456-b015-72232d4b15c9', '200.00');
INSERT INTO "ingredients"("guid","name","dimension") VALUES('bae5d8c1-26a3-4c71-a5c6-226558e8047f', 'spring onions', '') ON CONFLICT (name) DO UPDATE SET name = EXCLUDED.name;
INSERT INTO "recipe_ingredients"("recipe_id","ingredient_id","count") VALUES('134a2b2c-083b-43ef-8ce8-0b28d78c11f1', 'bae5d8c1-26a3-4c71-a5c6-226558e8047f', '3.00');
INSERT INTO "ingredients"("guid","name","dimension") VALUES('fdd55fd6-8b78-4b10-b1f9-e82483a73430', 'pineapple', 'grs') ON CONFLICT (name) DO UPDATE SET name = EXCLUDED.name;
INSERT INTO "recipe_ingredients"("recipe_id","ingredient_id","count") VALUES('134a2b2c-083b-43ef-8ce8-0b28d78c11f1', 'fdd55fd6-8b78-4b10-b1f9-e82483a73430', '600.00');
INSERT INTO "ingredients"("guid","name","dimension") VALUES('b8e931af-e48b-4db2-b59f-c9d81a65c7ac', 'avocado', '') ON CONFLICT (name) DO UPDATE SET name = EXCLUDED.name;
INSERT INTO "recipe_ingredients"("recipe_id","ingredient_id","count") VALUES('134a2b2c-083b-43ef-8ce8-0b28d78c11f1', 'b8e931af-e48b-4db2-b59f-c9d81a65c7ac', '2.00');
INSERT INTO "ingredients"("guid","name","dimension") VALUES('b8e931af-e48b-4db2-b59f-c9d81a65c7ac', 'avocado', 'servings') ON CONFLICT (name) DO UPDATE SET name = EXCLUDED.name;
INSERT INTO "recipe_ingredients"("recipe_id","ingredient_id","count") VALUES('134a2b2c-083b-43ef-8ce8-0b28d78c11f1', 'b8e931af-e48b-4db2-b59f-c9d81a65c7ac', '4.00');
INSERT INTO "ingredients"("guid","name","dimension") VALUES('fd13fe81-9943-40f9-850d-af6c91e138c4', 'coleslaw dressing', 'servings') ON CONFLICT (name) DO UPDATE SET name = EXCLUDED.name;
INSERT INTO "recipe_ingredients"("recipe_id","ingredient_id","count") VALUES('134a2b2c-083b-43ef-8ce8-0b28d78c11f1', 'fd13fe81-9943-40f9-850d-af6c91e138c4', '4.00');
INSERT INTO "ingredients"("guid","name","dimension") VALUES('903d4219-5d08-479e-85f9-3b1719bd0244', 'olive oil', '') ON CONFLICT (name) DO UPDATE SET name = EXCLUDED.name;
INSERT INTO "recipe_ingredients"("recipe_id","ingredient_id","count") VALUES('134a2b2c-083b-43ef-8ce8-0b28d78c11f1', '903d4219-5d08-479e-85f9-3b1719bd0244', '3.00');
INSERT INTO "ingredients"("guid","name","dimension") VALUES('6a1e491d-f501-41ab-bc0b-5b8b68ed311e', 'honey', '') ON CONFLICT (name) DO UPDATE SET name = EXCLUDED.name;
INSERT INTO "recipe_ingredients"("recipe_id","ingredient_id","count") VALUES('134a2b2c-083b-43ef-8ce8-0b28d78c11f1', '6a1e491d-f501-41ab-bc0b-5b8b68ed311e', '3.00');
INSERT INTO "ingredients"("guid","name","dimension") VALUES('855a3b90-4e3d-422d-bb73-c35bb65e2742', 'lime juice', '') ON CONFLICT (name) DO UPDATE SET name = EXCLUDED.name;
INSERT INTO "recipe_ingredients"("recipe_id","ingredient_id","count") VALUES('134a2b2c-083b-43ef-8ce8-0b28d78c11f1', '855a3b90-4e3d-422d-bb73-c35bb65e2742', '3.00');
INSERT INTO "cooking_steps"("guid","recipe_id","order_number","description") VALUES('8a70c528-1090-4eb3-826a-96ee84a95071', '134a2b2c-083b-43ef-8ce8-0b28d78c11f1', '1', 'Firstly, to cook the shrimp, heat the olive oil in a pan and once hot add the shrimp crushed garlic and chili flakes. It is important to get the oil nice and hot (not smoking, just before that point) your shrimp should sizzle when added to the pan. Check the back of the shrimp and when you see the colour change about half way up, turn them over. Do the same on the other side. This should only take a minute to two minutes maximum on both sides  otherwise you will get a rubbery result if you leave it too long. Squeeze over the lime juice  this too should bubble and reduce.');
INSERT INTO "cooking_steps"("guid","recipe_id","order_number","description") VALUES('ff71bd4f-d83c-4a46-adff-243a65093d3b', '134a2b2c-083b-43ef-8ce8-0b28d78c11f1', '2', 'Add a little salt and pepper, stir through, remove from the heat and set aside.');
INSERT INTO "cooking_steps"("guid","recipe_id","order_number","description") VALUES('2ac98b80-06a5-4e6f-a2aa-a2e0ed06fd64', '134a2b2c-083b-43ef-8ce8-0b28d78c11f1', '3', 'Mix the dressing ingredients together, check for flavour, adjust if need be and set aside.');
INSERT INTO "cooking_steps"("guid","recipe_id","order_number","description") VALUES('54273903-0628-4f0b-8fee-702a629450f6', '134a2b2c-083b-43ef-8ce8-0b28d78c11f1', '4', 'Place all the salad ingredients in a bowl except the avocado and the salt and pepper. Prepare the avocado as you are about to serve otherwise it will turn brown. Once it is covered in the lime dressing, this will slow down the oxidization process and it wont go brown so easily.');
INSERT INTO "cooking_steps"("guid","recipe_id","order_number","description") VALUES('404d89e2-dc28-4f81-94ce-45ab7715d3d0', '134a2b2c-083b-43ef-8ce8-0b28d78c11f1', '5', 'When you are ready to serve mix  of the avocado through the salad and add the dressing. Toss everything together. Taste to see if you need any salt and pepper.');
INSERT INTO "cooking_steps"("guid","recipe_id","order_number","description") VALUES('58eaf0e0-d4c2-4b5e-a2d7-30f83bf3a92b', '134a2b2c-083b-43ef-8ce8-0b28d78c11f1', '6', 'Place your shrimp on top of the salad with the rest of the avocado and sprinkle/pour any residue from the pan over your salad in which you cooked the shrimp. This is great flavour, so you dont want to lose it.');
INSERT INTO "recipe"("guid","title","description") VALUES('4cde4b0b-8601-4373-b269-6c9a202dc4da', 'Vietnamese Pancakes with Vegetables, Herbs and a Fragrant Dipping Sauce (Bánh Xèo)', 'Vietnamese Pancakes with Vegetables, Herbs and a Fragrant Dipping Sauce (Bánh Xèo) requires roughly 45 minutes from start to finish. One serving contains 390 calories, 8g of protein, and 22g of fat. This gluten free, dairy free, and lacto ovo vegetarian recipe serves 6 and costs $3.19 per serving. Head to the store and pick up chilies, rice vinegar, enoki mushrooms, and a few other things to make it today. 295 people found this recipe to be yummy and satisfying. It works well as a side dish. Plenty of people really liked this Vietnamese dish. It is brought to you by foodandspice.blogspot.com. Overall, this recipe earns an awesome spoonacular score of 94%. Similar recipes include Bánh xèo (Vietnamese Happy Pancakes), Banh Xeo (Bánh Xèo) – Savory Vietnamese Crêpe, and Banh Xeo (Vietnamese Crepes).');
INSERT INTO "ingredients"("guid","name","dimension") VALUES('f583b630-7cdd-432c-b53b-b27f4b5fcbaf', 'brown rice flour', 'milliliters') ON CONFLICT (name) DO UPDATE SET name = EXCLUDED.name;
INSERT INTO "recipe_ingredients"("recipe_id","ingredient_id","count") VALUES('4cde4b0b-8601-4373-b269-6c9a202dc4da', 'f583b630-7cdd-432c-b53b-b27f4b5fcbaf', '315.45');
INSERT INTO "ingredients"("guid","name","dimension") VALUES('b5dd9a02-187a-44d1-8878-e9190d71c4ab', 'golden brown sugar', 'Tbsps') ON CONFLICT (name) DO UPDATE SET name = EXCLUDED.name;
INSERT INTO "recipe_ingredients"("recipe_id","ingredient_id","count") VALUES('4cde4b0b-8601-4373-b269-6c9a202dc4da', 'b5dd9a02-187a-44d1-8878-e9190d71c4ab', '0.50');
INSERT INTO "ingredients"("guid","name","dimension") VALUES('6b9754b0-3c6c-4528-a35f-9d80119ed1aa', 'carrot', 'large') ON CONFLICT (name) DO UPDATE SET name = EXCLUDED.name;
INSERT INTO "recipe_ingredients"("recipe_id","ingredient_id","count") VALUES('4cde4b0b-8601-4373-b269-6c9a202dc4da', '6b9754b0-3c6c-4528-a35f-9d80119ed1aa', '1.00');
INSERT INTO "ingredients"("guid","name","dimension") VALUES('854304b5-2e31-4b0a-83bd-5480297b3e54', 'ground cayenne pepper', 'pinch') ON CONFLICT (name) DO UPDATE SET name = EXCLUDED.name;
INSERT INTO "recipe_ingredients"("recipe_id","ingredient_id","count") VALUES('4cde4b0b-8601-4373-b269-6c9a202dc4da', '854304b5-2e31-4b0a-83bd-5480297b3e54', '1.00');
INSERT INTO "ingredients"("guid","name","dimension") VALUES('23d7589c-f25e-443c-85c4-debf969a75f0', 'coconut milk', 'milliliters') ON CONFLICT (name) DO UPDATE SET name = EXCLUDED.name;
INSERT INTO "recipe_ingredients"("recipe_id","ingredient_id","count") VALUES('4cde4b0b-8601-4373-b269-6c9a202dc4da', '23d7589c-f25e-443c-85c4-debf969a75f0', '414.03');
INSERT INTO "ingredients"("guid","name","dimension") VALUES('ff748f84-a25b-4a16-b3b8-5687547463da', 'daikon radish', 'medium') ON CONFLICT (name) DO UPDATE SET name = EXCLUDED.name;
INSERT INTO "recipe_ingredients"("recipe_id","ingredient_id","count") VALUES('4cde4b0b-8601-4373-b269-6c9a202dc4da', 'ff748f84-a25b-4a16-b3b8-5687547463da', '1.00');
INSERT INTO "ingredients"("guid","name","dimension") VALUES('0fe94481-f7a9-4615-bac0-7b858cd25849', 'egg', '') ON CONFLICT (name) DO UPDATE SET name = EXCLUDED.name;
INSERT INTO "recipe_ingredients"("recipe_id","ingredient_id","count") VALUES('4cde4b0b-8601-4373-b269-6c9a202dc4da', '0fe94481-f7a9-4615-bac0-7b858cd25849', '1.00');
INSERT INTO "ingredients"("guid","name","dimension") VALUES('6a162825-be5e-4d65-aff2-9533f66bcc87', 'enoki mushrooms', 'milliliters') ON CONFLICT (name) DO UPDATE SET name = EXCLUDED.name;
INSERT INTO "recipe_ingredients"("recipe_id","ingredient_id","count") VALUES('4cde4b0b-8601-4373-b269-6c9a202dc4da', '6a162825-be5e-4d65-aff2-9533f66bcc87', '236.59');
INSERT INTO "ingredients"("guid","name","dimension") VALUES('c71bac9c-e965-4d14-ab29-0eeb75d745af', 'fresh basil', 'milliliters') ON CONFLICT (name) DO UPDATE SET name = EXCLUDED.name;
INSERT INTO "recipe_ingredients"("recipe_id","ingredient_id","count") VALUES('4cde4b0b-8601-4373-b269-6c9a202dc4da', 'c71bac9c-e965-4d14-ab29-0eeb75d745af', '157.72');
INSERT INTO "ingredients"("guid","name","dimension") VALUES('17419e6a-3a0a-4b7b-af44-bbbe98dd83dd', 'fresh ginger', 'inch') ON CONFLICT (name) DO UPDATE SET name = EXCLUDED.name;
INSERT INTO "recipe_ingredients"("recipe_id","ingredient_id","count") VALUES('4cde4b0b-8601-4373-b269-6c9a202dc4da', '17419e6a-3a0a-4b7b-af44-bbbe98dd83dd', '1.00');
INSERT INTO "ingredients"("guid","name","dimension") VALUES('64926fbf-0114-4ba4-bc9d-19129ee1b91a', 'mint', 'milliliters') ON CONFLICT (name) DO UPDATE SET name = EXCLUDED.name;
INSERT INTO "recipe_ingredients"("recipe_id","ingredient_id","count") VALUES('4cde4b0b-8601-4373-b269-6c9a202dc4da', '64926fbf-0114-4ba4-bc9d-19129ee1b91a', '59.15');
INSERT INTO "ingredients"("guid","name","dimension") VALUES('07264208-64f2-476e-b5fc-b57bfc08842f', 'fresh parsley', 'milliliters') ON CONFLICT (name) DO UPDATE SET name = EXCLUDED.name;
INSERT INTO "recipe_ingredients"("recipe_id","ingredient_id","count") VALUES('4cde4b0b-8601-4373-b269-6c9a202dc4da', '07264208-64f2-476e-b5fc-b57bfc08842f', '236.59');
INSERT INTO "ingredients"("guid","name","dimension") VALUES('3f7a39ce-ed38-4809-aea7-8a046670fb05', 'garlic', 'clove') ON CONFLICT (name) DO UPDATE SET name = EXCLUDED.name;
INSERT INTO "recipe_ingredients"("recipe_id","ingredient_id","count") VALUES('4cde4b0b-8601-4373-b269-6c9a202dc4da', '3f7a39ce-ed38-4809-aea7-8a046670fb05', '1.00');
INSERT INTO "ingredients"("guid","name","dimension") VALUES('601f8872-70ae-4931-823f-2136ceee2d26', 'green chili pepper', '') ON CONFLICT (name) DO UPDATE SET name = EXCLUDED.name;
INSERT INTO "recipe_ingredients"("recipe_id","ingredient_id","count") VALUES('4cde4b0b-8601-4373-b269-6c9a202dc4da', '601f8872-70ae-4931-823f-2136ceee2d26', '1.00');
INSERT INTO "ingredients"("guid","name","dimension") VALUES('601f8872-70ae-4931-823f-2136ceee2d26', 'green chili pepper', '') ON CONFLICT (name) DO UPDATE SET name = EXCLUDED.name;
INSERT INTO "recipe_ingredients"("recipe_id","ingredient_id","count") VALUES('4cde4b0b-8601-4373-b269-6c9a202dc4da', '601f8872-70ae-4931-823f-2136ceee2d26', '2.00');
INSERT INTO "ingredients"("guid","name","dimension") VALUES('bae5d8c1-26a3-4c71-a5c6-226558e8047f', 'spring onions', '') ON CONFLICT (name) DO UPDATE SET name = EXCLUDED.name;
INSERT INTO "recipe_ingredients"("recipe_id","ingredient_id","count") VALUES('4cde4b0b-8601-4373-b269-6c9a202dc4da', 'bae5d8c1-26a3-4c71-a5c6-226558e8047f', '4.00');
INSERT INTO "ingredients"("guid","name","dimension") VALUES('855a3b90-4e3d-422d-bb73-c35bb65e2742', 'lime juice', '') ON CONFLICT (name) DO UPDATE SET name = EXCLUDED.name;
INSERT INTO "recipe_ingredients"("recipe_id","ingredient_id","count") VALUES('4cde4b0b-8601-4373-b269-6c9a202dc4da', '855a3b90-4e3d-422d-bb73-c35bb65e2742', '2.00');
INSERT INTO "ingredients"("guid","name","dimension") VALUES('cd0a4112-41db-4aad-86aa-f3b22b83b8bb', 'mung bean sprouts', 'milliliters') ON CONFLICT (name) DO UPDATE SET name = EXCLUDED.name;
INSERT INTO "recipe_ingredients"("recipe_id","ingredient_id","count") VALUES('4cde4b0b-8601-4373-b269-6c9a202dc4da', 'cd0a4112-41db-4aad-86aa-f3b22b83b8bb', '236.59');
INSERT INTO "ingredients"("guid","name","dimension") VALUES('43031d04-40ea-41fa-be11-da8a8a6e2fc8', 'red chili pepper', '') ON CONFLICT (name) DO UPDATE SET name = EXCLUDED.name;
INSERT INTO "recipe_ingredients"("recipe_id","ingredient_id","count") VALUES('4cde4b0b-8601-4373-b269-6c9a202dc4da', '43031d04-40ea-41fa-be11-da8a8a6e2fc8', '2.00');
INSERT INTO "ingredients"("guid","name","dimension") VALUES('1deafa55-34c9-4ca1-a665-0f9d52b91622', 'rice vinegar', 'Tbsp') ON CONFLICT (name) DO UPDATE SET name = EXCLUDED.name;
INSERT INTO "recipe_ingredients"("recipe_id","ingredient_id","count") VALUES('4cde4b0b-8601-4373-b269-6c9a202dc4da', '1deafa55-34c9-4ca1-a665-0f9d52b91622', '1.00');
INSERT INTO "ingredients"("guid","name","dimension") VALUES('a742c14e-2eb2-41f0-9f10-8ca45400f0ab', 'coarse sea salt', 'teaspoons') ON CONFLICT (name) DO UPDATE SET name = EXCLUDED.name;
INSERT INTO "recipe_ingredients"("recipe_id","ingredient_id","count") VALUES('4cde4b0b-8601-4373-b269-6c9a202dc4da', 'a742c14e-2eb2-41f0-9f10-8ca45400f0ab', '0.50');
INSERT INTO "ingredients"("guid","name","dimension") VALUES('fa00c8c9-a8c2-40a6-9662-52aaf797b9b1', 'sesame oil', 'Tbsps') ON CONFLICT (name) DO UPDATE SET name = EXCLUDED.name;
INSERT INTO "recipe_ingredients"("recipe_id","ingredient_id","count") VALUES('4cde4b0b-8601-4373-b269-6c9a202dc4da', 'fa00c8c9-a8c2-40a6-9662-52aaf797b9b1', '1.50');
INSERT INTO "ingredients"("guid","name","dimension") VALUES('fa00c8c9-a8c2-40a6-9662-52aaf797b9b1', 'sesame oil', 'servings') ON CONFLICT (name) DO UPDATE SET name = EXCLUDED.name;
INSERT INTO "recipe_ingredients"("recipe_id","ingredient_id","count") VALUES('4cde4b0b-8601-4373-b269-6c9a202dc4da', 'fa00c8c9-a8c2-40a6-9662-52aaf797b9b1', '6.00');
INSERT INTO "ingredients"("guid","name","dimension") VALUES('49a3ef07-13ef-43c0-8e25-373436cdf984', 'snow peas', 'milliliters') ON CONFLICT (name) DO UPDATE SET name = EXCLUDED.name;
INSERT INTO "recipe_ingredients"("recipe_id","ingredient_id","count") VALUES('4cde4b0b-8601-4373-b269-6c9a202dc4da', '49a3ef07-13ef-43c0-8e25-373436cdf984', '354.88');
INSERT INTO "ingredients"("guid","name","dimension") VALUES('8d89bbb2-a283-4ad6-a1b4-3f227411bc72', 'tamari', 'Tbsp') ON CONFLICT (name) DO UPDATE SET name = EXCLUDED.name;
INSERT INTO "recipe_ingredients"("recipe_id","ingredient_id","count") VALUES('4cde4b0b-8601-4373-b269-6c9a202dc4da', '8d89bbb2-a283-4ad6-a1b4-3f227411bc72', '1.00');
INSERT INTO "ingredients"("guid","name","dimension") VALUES('4b82538b-1d68-4fb9-acb3-e67e146391ca', 'turmeric', 'teaspoon') ON CONFLICT (name) DO UPDATE SET name = EXCLUDED.name;
INSERT INTO "recipe_ingredients"("recipe_id","ingredient_id","count") VALUES('4cde4b0b-8601-4373-b269-6c9a202dc4da', '4b82538b-1d68-4fb9-acb3-e67e146391ca', '1.00');
INSERT INTO "cooking_steps"("guid","recipe_id","order_number","description") VALUES('2d8b67be-df44-419a-99dd-6dcda169c94f', '4cde4b0b-8601-4373-b269-6c9a202dc4da', '1', 'Begin by preparing the pancake batter.');
INSERT INTO "cooking_steps"("guid","recipe_id","order_number","description") VALUES('6c9ee67a-9907-4dc7-870c-43dc30c383f0', '4cde4b0b-8601-4373-b269-6c9a202dc4da', '2', 'Whisk together the rice flour, egg, sea salt, turmeric, cayenne and green chili. Gradually whisk in the coconut milk. The mixture should be a smooth, semi-thick batter that is of pouring consistency.');
INSERT INTO "cooking_steps"("guid","recipe_id","order_number","description") VALUES('1bfaff3e-8742-40df-945a-023ff6ac3596', '4cde4b0b-8601-4373-b269-6c9a202dc4da', '3', 'Add a little water if necessary. Cover and set aside while you prepare the rest of the food.Now prepare the sauce.');
INSERT INTO "cooking_steps"("guid","recipe_id","order_number","description") VALUES('f6e24823-9d21-4c76-a93f-edc48aece691', '4cde4b0b-8601-4373-b269-6c9a202dc4da', '4', 'Whisk together all of the ingredients and set aside.For the filling, combine the carrot, radish, green onions, green chilies and snow peas.');
INSERT INTO "cooking_steps"("guid","recipe_id","order_number","description") VALUES('e2e84139-4fb7-461e-a04f-c59f8544efd3', '4cde4b0b-8601-4373-b269-6c9a202dc4da', '5', 'Put the herbs in another bowl and have your sprouts ready along with the mushrooms.');
INSERT INTO "cooking_steps"("guid","recipe_id","order_number","description") VALUES('f6fa3010-223f-4ff8-a0b5-a4edabc70327', '4cde4b0b-8601-4373-b269-6c9a202dc4da', '6', 'Heat a teaspoon of oil over medium heat in a non-stick skillet. When hot, ladle 1/2 cup of batter into the pan and spread with the bottom of the ladle until you have a roughly 6 to 8 inch pancake.  Fry for 6 to 8 minutes or until you have small holes forming and the bottom is crispy brown, then flip and fry for another few minutes on the other side.');
INSERT INTO "cooking_steps"("guid","recipe_id","order_number","description") VALUES('bc2df5f3-b906-4df5-8662-63f79694d71b', '4cde4b0b-8601-4373-b269-6c9a202dc4da', '7', 'Transfer to a plate and keep warm in a 150 oven while you finish the rest of the pancakes  you should finish with 4 to 6 pancakes.To serve, scatter a portion of the vegetables, herbs and mushrooms over one half of the pancake.');
INSERT INTO "cooking_steps"("guid","recipe_id","order_number","description") VALUES('cd6ec94e-a88f-4361-8b75-dfb5a172cf07', '4cde4b0b-8601-4373-b269-6c9a202dc4da', '8', 'Sprinkle some sauce over top and fold the pancake.');
INSERT INTO "cooking_steps"("guid","recipe_id","order_number","description") VALUES('103ebe33-f93f-412d-a377-2cb91297dfe1', '4cde4b0b-8601-4373-b269-6c9a202dc4da', '9', 'Drizzle with more sauce and there you go.');
INSERT INTO "recipe"("guid","title","description") VALUES('c0dead68-809f-4614-a65d-b66e92d7d6af', 'Butternut Squash, Arugula and Goat Cheese Quinoa', 'Butternut Squash, Arugulan and Goat Cheese Quinoan is a main course that serves 4. For $2.51 per serving, this recipe covers 31% of your daily requirements of vitamins and minerals. One portion of this dish contains approximately 16g of protein, 24g of fat, and a total of 492 calories. 3 people were impressed by this recipe. From preparation to the plate, this recipe takes about 45 minutes. Head to the store and pick up olive oil, salt and pepper, quinoa, and a few other things to make it today. It is brought to you by Foodista. It is a good option if you''re following a gluten free and lacto ovo vegetarian diet. Overall, this recipe earns an outstanding spoonacular score of 95%. Similar recipes include Butternut Squash, Arugulan and Goat Cheese Quinoa, 5-Ingredient Butternut Squash, Arugulan and Goat Cheese Pasta, and Butternut Squash, Arugula, and Roasted Garlic Goat Cheese Tartine.');
INSERT INTO "ingredients"("guid","name","dimension") VALUES('903d4219-5d08-479e-85f9-3b1719bd0244', 'olive oil', 'Tbsps') ON CONFLICT (name) DO UPDATE SET name = EXCLUDED.name;
INSERT INTO "recipe_ingredients"("recipe_id","ingredient_id","count") VALUES('c0dead68-809f-4614-a65d-b66e92d7d6af', '903d4219-5d08-479e-85f9-3b1719bd0244', '2.00');
INSERT INTO "ingredients"("guid","name","dimension") VALUES('c7b3fa9f-b9d0-4665-83b3-cbde4b80d356', 'butternut squash', '') ON CONFLICT (name) DO UPDATE SET name = EXCLUDED.name;
INSERT INTO "recipe_ingredients"("recipe_id","ingredient_id","count") VALUES('c0dead68-809f-4614-a65d-b66e92d7d6af', 'c7b3fa9f-b9d0-4665-83b3-cbde4b80d356', '1.00');
INSERT INTO "ingredients"("guid","name","dimension") VALUES('cc5fe1b7-a5b3-4ef7-89e8-7003ed513435', 'quinoa', 'milliliters') ON CONFLICT (name) DO UPDATE SET name = EXCLUDED.name;
INSERT INTO "recipe_ingredients"("recipe_id","ingredient_id","count") VALUES('c0dead68-809f-4614-a65d-b66e92d7d6af', 'cc5fe1b7-a5b3-4ef7-89e8-7003ed513435', '236.59');
INSERT INTO "ingredients"("guid","name","dimension") VALUES('45c845d2-e2db-4035-8214-4bc52d378262', 'chicken stock', 'milliliters') ON CONFLICT (name) DO UPDATE SET name = EXCLUDED.name;
INSERT INTO "recipe_ingredients"("recipe_id","ingredient_id","count") VALUES('c0dead68-809f-4614-a65d-b66e92d7d6af', '45c845d2-e2db-4035-8214-4bc52d378262', '473.18');
INSERT INTO "ingredients"("guid","name","dimension") VALUES('c1793b55-44ce-4c60-ae43-be5ab66ac8b1', 'arugula', 'liters') ON CONFLICT (name) DO UPDATE SET name = EXCLUDED.name;
INSERT INTO "recipe_ingredients"("recipe_id","ingredient_id","count") VALUES('c0dead68-809f-4614-a65d-b66e92d7d6af', 'c1793b55-44ce-4c60-ae43-be5ab66ac8b1', '1.18');
INSERT INTO "ingredients"("guid","name","dimension") VALUES('ee203be2-a504-439f-a016-501234b3bf16', 'balsamic vinegar', 'Tbsps') ON CONFLICT (name) DO UPDATE SET name = EXCLUDED.name;
INSERT INTO "recipe_ingredients"("recipe_id","ingredient_id","count") VALUES('c0dead68-809f-4614-a65d-b66e92d7d6af', 'ee203be2-a504-439f-a016-501234b3bf16', '2.00');
INSERT INTO "ingredients"("guid","name","dimension") VALUES('561f7dd7-9965-4345-a4e1-b05cc70936fa', 'goat cheese', 'grams') ON CONFLICT (name) DO UPDATE SET name = EXCLUDED.name;
INSERT INTO "recipe_ingredients"("recipe_id","ingredient_id","count") VALUES('c0dead68-809f-4614-a65d-b66e92d7d6af', '561f7dd7-9965-4345-a4e1-b05cc70936fa', '56.70');
INSERT INTO "ingredients"("guid","name","dimension") VALUES('bd6df831-fb53-48d0-af46-c32ee7488a9b', 'salt and pepper', 'servings') ON CONFLICT (name) DO UPDATE SET name = EXCLUDED.name;
INSERT INTO "recipe_ingredients"("recipe_id","ingredient_id","count") VALUES('c0dead68-809f-4614-a65d-b66e92d7d6af', 'bd6df831-fb53-48d0-af46-c32ee7488a9b', '4.00');
INSERT INTO "ingredients"("guid","name","dimension") VALUES('4ecca635-f2fd-49b5-a1a5-812f23696465', 'walnuts', 'milliliters') ON CONFLICT (name) DO UPDATE SET name = EXCLUDED.name;
INSERT INTO "recipe_ingredients"("recipe_id","ingredient_id","count") VALUES('c0dead68-809f-4614-a65d-b66e92d7d6af', '4ecca635-f2fd-49b5-a1a5-812f23696465', '118.29');
INSERT INTO "cooking_steps"("guid","recipe_id","order_number","description") VALUES('22dcbb60-91f1-4b1c-aa0c-938f65b8e0ce', 'c0dead68-809f-4614-a65d-b66e92d7d6af', '1', 'Preheat oven to 450F.');
INSERT INTO "cooking_steps"("guid","recipe_id","order_number","description") VALUES('8f296277-df7f-4d27-8cf6-d13ebe8dc929', 'c0dead68-809f-4614-a65d-b66e92d7d6af', '2', 'Spray a cookie sheet with nonstick spray.');
INSERT INTO "cooking_steps"("guid","recipe_id","order_number","description") VALUES('0024f307-a50c-4ba5-8227-d9c8d9e5acac', 'c0dead68-809f-4614-a65d-b66e92d7d6af', '3', 'Toss butternut squash with about 1 tbsp olive oil (possibly less, just enough to coat) and season with salt and pepper.');
INSERT INTO "cooking_steps"("guid","recipe_id","order_number","description") VALUES('ced85eec-1418-43e2-8286-102b06e2afdd', 'c0dead68-809f-4614-a65d-b66e92d7d6af', '4', 'Spread in one layer on cookie sheet.');
INSERT INTO "cooking_steps"("guid","recipe_id","order_number","description") VALUES('650f0744-8fc0-481a-b7c2-21a2aa8029c0', 'c0dead68-809f-4614-a65d-b66e92d7d6af', '5', 'Roast butternut squash for 20-25 minutes, until fork tender.');
INSERT INTO "cooking_steps"("guid","recipe_id","order_number","description") VALUES('d83b40d4-8b97-4b32-a5c2-d15899af043c', 'c0dead68-809f-4614-a65d-b66e92d7d6af', '6', 'While squash is roasting, combine quinoa and water or stock in a saucepan. If using water, season with 1/2 tsp salt. Bring to a boil, lower heat, cover and simmer for 10-15 minutes, until liquid is absorbed.');
INSERT INTO "cooking_steps"("guid","recipe_id","order_number","description") VALUES('2c78c006-383b-4551-9a20-01ed8abb4053', 'c0dead68-809f-4614-a65d-b66e92d7d6af', '7', 'In a large bowl, combine cooked quinoa, butternut squash, arugula, 1 tbsp olive oil, balsamic vinegar and crumbled goat cheese. Season with a pinch more salt and pepper. Toss well to mix everything and wilt arugula.');
INSERT INTO "cooking_steps"("guid","recipe_id","order_number","description") VALUES('42717a13-e09b-4342-8c44-664652069b9a', 'c0dead68-809f-4614-a65d-b66e92d7d6af', '8', 'Serve immediately, garnished with toasted nuts, if desired.');
